Name,Start,End,Open,High,Low,Close,Volume,Market Cap
Bitcoin,4/30/2025,5/1/2025,94156.19,95176.71,93091.66,94217.39,51110036351.80,1876366450656.89
Bitcoin,4/29/2025,4/30/2025,94953.95,95440.02,93816.45,94294.56,53275148518.08,1883311540612.00
Bitcoin,4/28/2025,4/29/2025,93675.97,95512.84,92873.97,95045.98,47019637241.46,1873289878196.03
Bitcoin,4/27/2025,4/28/2025,94608.66,95118.88,93699.99,93762.21,33903052084.18,1869133400014.05
Bitcoin,4/26/2025,4/27/2025,94769.97,95159.98,93958.35,94622.6,45320444896.18,1875608936554.95
Bitcoin,4/25/2025,4/26/2025,93867.96,95538.41,92992.34,94718.46,57823015672.09,1871335641432.86
Bitcoin,4/24/2025,4/25/2025,93577.44,93989,91685.59,93823.23,59781596981.84,1846190642756.77
Bitcoin,4/23/2025,4/24/2025,93642.39,94383.81,92155.5,93565.02,79929153065.02,1856407285385.87
Bitcoin,4/22/2025,4/23/2025,87556.88,93729.04,87306.04,93375.16,61394088008.17,1780730400337.74
Bitcoin,4/21/2025,4/22/2025,85190.58,88358.48,85190.58,87525.71,46101744164.78,1733086941755.30
Bitcoin,4/20/2025,4/21/2025,85059.77,85320.15,84018.53,85095.42,23639652101.37,1683010284160.16
Bitcoin,4/19/2025,4/20/2025,84484.98,85510.04,84368.6,85127.56,22003243113.91,1689659242621.34
Bitcoin,4/18/2025,4/19/2025,84892.79,85109.28,84344.03,84464.64,30940394080.19,1679968878910.57
Bitcoin,4/17/2025,4/18/2025,84081.07,85426.94,83814.62,84931.22,43303482367.15,1678993522204.32
Bitcoin,4/16/2025,4/17/2025,83652.14,85332.95,83163.1,84051.96,45342365089.33,1667600790769.74
Bitcoin,4/15/2025,4/16/2025,84521.75,86413.41,83632.78,83677.65,57960999450.00,1687913843445.48
Bitcoin,4/14/2025,4/15/2025,83779.1,85756,83773.4,84495.07,70255422114.09,1680958424657.87
Bitcoin,4/13/2025,4/14/2025,85285.14,85780.08,83171.6,83693.1,60526622123.96,1676455094379.06
Bitcoin,4/12/2025,4/13/2025,83359.29,85786.19,82810.94,85288.46,69354362438.22,1670075109950.17
Bitcoin,4/11/2025,4/12/2025,79575.97,84102.66,79006.6,83520.03,68172551563.09,1628880458512.57
Bitcoin,4/10/2025,4/11/2025,82617.98,82617.98,78750.38,79609.67,94987109013.12,1608320178162.25
Bitcoin,4/9/2025,4/10/2025,76067.55,83476.48,74670.3,82619.88,89266414295.57,1556205608697.82
Bitcoin,4/8/2025,4/9/2025,79265.03,80757.99,76352.03,76379.96,95111641621.43,1562372791770.09
Bitcoin,4/7/2025,4/8/2025,77958.02,80226.15,74530.04,79261.19,101964447739.57,1544464239033.29
Bitcoin,4/6/2025,4/7/2025,83533.45,83704.76,77296.39,78310.34,29747694061.91,1626851505050.85
Bitcoin,4/5/2025,4/6/2025,83769.12,84219.7,82384.97,83582.03,54248864825.99,1654109742457.40
Bitcoin,4/4/2025,4/5/2025,83259.08,84676.27,81767.53,83879.86,62632262272.25,1654910625336.70
Bitcoin,4/3/2025,4/4/2025,82259.03,83781.7,81307.75,83199.95,77668432600.06,1643472264746.05
Bitcoin,4/2/2025,4/3/2025,85170.68,87898.01,82487.4,82548.31,52376111578.41,1688190001005.20
Bitcoin,4/1/2025,4/2/2025,82612.64,85417.94,82470.01,85216.81,47683970204.78,1667079854423.46
Bitcoin,3/31/2025,4/1/2025,82393.71,83750,81365.02,82541.29,38919650975.47,1633849331577.06
Bitcoin,3/30/2025,3/31/2025,82655.67,83524.98,81650.45,82345.82,31733338256.85,1643757273158.95
Bitcoin,3/29/2025,3/30/2025,84364.84,84573.51,81771.86,82659.11,42848927373.23,1649214876303.67
Bitcoin,3/28/2025,3/29/2025,87134.99,87487.48,83664.96,84428.01,50686956680.82,1689251677527.29
Bitcoin,3/27/2025,3/28/2025,86943.66,87706.66,85938.04,87233.76,45790132375.13,1729988949434.18
Bitcoin,3/26/2025,3/27/2025,87333.61,88245.26,85937.46,86945.41,47668895554.22,1731789281821.97
Bitcoin,3/25/2025,3/26/2025,87345.15,88448.53,86349.98,87483.06,56119416636.41,1731916339831.70
Bitcoin,3/24/2025,3/25/2025,85967.42,88654.16,85568.55,87365.98,92018925791.76,1732703257782.78
Bitcoin,3/23/2025,3/24/2025,83833.25,85804.35,83833.25,85750.02,65768043880.17,1679311077904.34
Bitcoin,3/22/2025,3/23/2025,84074.52,84528.35,83742.1,83798.13,92973716555.33,1669817632499.79
Bitcoin,3/21/2025,3/22/2025,84335.64,84789.6,83364.81,84050.18,70499840455.28,1669094291927.65
Bitcoin,3/20/2025,3/21/2025,87309.29,87410.59,83765.74,84304.83,62868771995.13,1691193356249.70
Bitcoin,3/19/2025,3/20/2025,82658.81,86891.95,82611.59,86793.7,78132906441.67,1666735074297.43
Bitcoin,3/18/2025,3/19/2025,83919.26,83949.09,81221.47,82799.03,96487660396.66,1637257935310.46
Bitcoin,3/17/2025,3/18/2025,82643.23,84663.79,82643.23,84067.57,47257506664.23,1657349084338.12
Bitcoin,3/16/2025,3/17/2025,84346.05,84739.84,82065.51,82576.96,31567641071.92,1657871852100.84
Bitcoin,3/15/2025,3/16/2025,84063.17,84652.22,83675.09,84368.36,46550538210.57,1670909585731.36
Bitcoin,3/14/2025,3/15/2025,80991.38,85126.59,80866.26,83957.61,56526744237.57,1649042021849.38
Bitcoin,3/13/2025,3/14/2025,83827.62,84187.97,79995.68,81146.12,61086516899.39,1632602135516.19
Bitcoin,3/12/2025,3/13/2025,82799.95,84070.35,80915.88,83887.28,76918860094.91,1637675141128.06
Bitcoin,3/11/2025,3/12/2025,78951.25,83390.39,76794.34,82840.24,89456436399.14,1607287578220.85
Bitcoin,3/10/2025,3/11/2025,81277.03,83767.51,77523.99,78794.69,73877158367.67,1606216749264.52
Bitcoin,3/9/2025,3/10/2025,86164.45,86449.41,80213.41,80771.68,34642707910.61,1673321126853.42
Bitcoin,3/8/2025,3/9/2025,86715.98,86866.21,85265.53,86159.9,72159444573.93,1709870247214.31
Bitcoin,3/7/2025,3/8/2025,90117.99,90938.71,85051.68,86832.99,97762631402.49,1746105339032.89
Bitcoin,3/6/2025,3/7/2025,90680.38,92738.04,88101.89,90056.86,77139096015.50,1793579350158.50
Bitcoin,3/5/2025,3/6/2025,87062.04,90855.97,86429.91,90614.42,90614579558.49,1757706315377.23
Bitcoin,3/4/2025,3/5/2025,86086.02,88848.48,81942.81,87322.12,107614421820.40,1678926609763.70
Bitcoin,3/3/2025,3/4/2025,93956.01,93956.01,85353.3,86286.03,109083137930.82,1800579423466.43
Bitcoin,3/2/2025,3/3/2025,86055.01,94808.02,85107.4,94233.81,54036914312.34,1751024149322.31
Bitcoin,3/1/2025,3/2/2025,84307.46,86541.42,83867.88,86006.06,82169791727.77,1686655018938.95
Bitcoin,2/28/2025,3/1/2025,84874.36,84888.2,78534.47,84501.01,114808770267.34,1624974944099.30
Bitcoin,2/27/2025,2/28/2025,84352.25,87020.64,82853.95,84813.78,100592101371.19,1689394103519.35
Bitcoin,2/26/2025,2/27/2025,88600.08,89398.46,82402.48,84000,99646076735.11,1730505919717.11
Bitcoin,2/25/2025,2/26/2025,91725.79,92516.4,86329.96,88797.34,103570253695.43,1771178337014.82
Bitcoin,2/24/2025,2/25/2025,96247.37,96496.49,91453.66,91453.66,42915703251.61,1884412293752.23
Bitcoin,2/23/2025,2/24/2025,96525.93,96649.99,95261.67,96247.99,28491898334.81,1903376303185.57
Bitcoin,2/22/2025,2/23/2025,96007.97,96874.02,95804.04,96551.04,62605448425.71,1911875378462.31
Bitcoin,2/21/2025,2/22/2025,98405.09,99433.96,95005.59,96161.18,55048598577.08,1937089206914.20
Bitcoin,2/20/2025,2/21/2025,96655.17,98684.87,96496.28,98386.99,46556523351.64,1931015802953.69
Bitcoin,2/19/2025,2/20/2025,95611.05,96824.87,95041.74,96559.3,57227125160.45,1901422869029.97
Bitcoin,2/18/2025,2/19/2025,95872.11,96639.7,93494.19,95532.97,46646393397.85,1890961780614.72
Bitcoin,2/17/2025,2/18/2025,96158.2,96928.96,95233.09,95811.35,35606804164.09,1903929147306.72
Bitcoin,2/16/2025,2/17/2025,97608.91,97702.41,96126.98,96126.98,24935455179.88,1925797865419.89
Bitcoin,2/15/2025,2/16/2025,97441.96,97964.82,97286.16,97551.71,43880503845.83,1933527836923.83
Bitcoin,2/14/2025,2/15/2025,96634.17,98629.06,96322.62,97483.36,48799409930.81,1923503926457.92
Bitcoin,2/13/2025,2/14/2025,97692.8,98062.17,95360.04,96551.64,63136043802.06,1910325646084.81
Bitcoin,2/12/2025,2/13/2025,95885.71,98044.11,94336.27,97799.93,58173352163.37,1907453414925.05
Bitcoin,2/11/2025,2/12/2025,97467.69,98424.33,94926.49,95783.6,46753246914.40,1925449737443.75
Bitcoin,2/10/2025,2/11/2025,96782.88,98215.75,95499.98,97372.05,53325970816.78,1925993184810.26
Bitcoin,2/9/2025,2/10/2025,96442.54,97278.04,94807.91,96515.22,32116590763.28,1912714801489.05
Bitcoin,2/8/2025,2/9/2025,96447.9,96847.82,95717.84,96544.97,62373810394.24,1908201665424.37
Bitcoin,2/7/2025,2/8/2025,96755.94,100023,95661.12,96503.93,67990905956.73,1928083793909.21
Bitcoin,2/6/2025,2/7/2025,96806.37,99108.31,95885.57,96586.85,60696114350.75,1931608477135.97
Bitcoin,2/5/2025,2/6/2025,97979.89,98876.15,96296.48,96594.39,81517859048.12,1936883763799.70
Bitcoin,2/4/2025,2/5/2025,101443,101613,96332.98,98027.99,101079670880.78,1967339128697.91
Bitcoin,2/3/2025,2/4/2025,97418.2,102289,92692.13,101371,130618314576.78,1917963058416.88
Bitcoin,2/2/2025,2/3/2025,100604,101386,96763.02,97584.89,53761921059.80,1963730284765.22
Bitcoin,2/1/2025,2/2/2025,102318,102760,100288,100649,53430949036.51,2020755402343.06
Bitcoin,1/31/2025,2/1/2025,104840,105807,101632,102391,76033677211.55,2061170283945.47
Bitcoin,1/30/2025,1/31/2025,103543,106208,103396,104793,75054210025.52,2082326892923.20
Bitcoin,1/29/2025,1/30/2025,101389,104646,101376,103705,56703543830.99,2031386072112.64
Bitcoin,1/28/2025,1/29/2025,102543,103556,100333,101344,81875109431.45,2028605776021.77
Bitcoin,1/27/2025,1/28/2025,102875,103225,97785.26,101986,77302679559.20,1989535139826.06
Bitcoin,1/26/2025,1/27/2025,104772,105393,102623,102623,28989514906.49,2076926468772.12
Bitcoin,1/25/2025,1/26/2025,104775,105232,104145,104816,52193881184.10,2074620118168.53
Bitcoin,1/24/2025,1/25/2025,103849,106948,102800,104811,115078130761.19,2081402267735.85
Bitcoin,1/23/2025,1/24/2025,103723,106461,101276,104039,88297171088.61,2045675220954.87
Bitcoin,1/22/2025,1/23/2025,106011,106189,103417,103720,87286860083.74,2078211862894.28
Bitcoin,1/21/2025,1/22/2025,101743,107133,100480,106198,139085618268.77,2058710070902.29
Bitcoin,1/20/2025,1/21/2025,100825,109079,99832.98,101926,148057020106.47,2073876283580.32
Bitcoin,1/19/2025,1/20/2025,104401,106354,99673.27,101378,71704147685.81,2074454879075.43
Bitcoin,1/18/2025,1/19/2025,104227,104959,102360,104415,79851654021.58,2056406022697.46
Bitcoin,1/17/2025,1/18/2025,100045,105828,100044,104119,80029703797.13,2036603783703.03
Bitcoin,1/16/2025,1/17/2025,100491,100616,97514.91,100050,74992466216.37,1971703690414.03
Bitcoin,1/15/2025,1/16/2025,96506.98,100638,96506.98,100280,70069304045.51,1942834773949.34
Bitcoin,1/14/2025,1/15/2025,94523.94,97316.06,94354.8,96624.15,89162525730.67,1899683295814.72
Bitcoin,1/13/2025,1/14/2025,94583.86,95759.98,90000.02,94474.29,60704225079.42,1843035365618.57
Bitcoin,1/12/2025,1/13/2025,94635.04,95314.07,93804.15,94489.93,26704832659.02,1872700186059.39
Bitcoin,1/11/2025,1/12/2025,94705.81,95009.18,93900.15,94595.97,60600829825.09,1869739138503.33
Bitcoin,1/10/2025,1/11/2025,92592.4,95738.27,92418.35,94749.98,84405720218.45,1866359318259.17
Bitcoin,1/9/2025,1/10/2025,94962.47,95340.9,91245.71,92406.11,85716154823.76,1851270937380.64
Bitcoin,1/8/2025,1/9/2025,96712,97268.67,92991.31,95059.96,85737267513.49,1891194933246.04
Bitcoin,1/7/2025,1/8/2025,102109,102444,96206.19,96916.64,72033067738.87,1978855407463.71
Bitcoin,1/6/2025,1/7/2025,98457.51,102440,97983.22,102222,53401942771.39,1984108911405.20
Bitcoin,1/5/2025,1/6/2025,98216.11,98757.56,97339.16,98394.57,33142539323.97,1942558010009.63
Bitcoin,1/4/2025,1/5/2025,98209.88,98727.99,97560.78,98259.43,47085373030.80,1941545303077.21
Bitcoin,1/3/2025,1/4/2025,96981.54,98944.63,96123.56,98126.64,58117695882.72,1926076511509.89
Bitcoin,1/2/2025,1/3/2025,94474.31,97820.94,94459.99,96949.18,52199445640.07,1907089349114.52
Bitcoin,1/1/2025,1/2/2025,93650.83,95074.46,93070.57,94610.14,51859876687.92,1860687393383.27
Bitcoin,12/31/2024,1/1/2025,92728.07,96016.01,92161.96,93647.01,75351850923.66,1856486204953.78
Bitcoin,12/30/2024,12/31/2024,93610.59,94951.18,91603.06,92811.03,58331914971.83,1850687915427.86
Bitcoin,12/29/2024,12/30/2024,95233.87,95272.03,93069.72,93659.56,35660027972.34,1872836839162.93
Bitcoin,12/28/2024,12/29/2024,94394.88,95394.07,94098.12,95204.07,54047947732.66,1875425836828.81
Bitcoin,12/27/2024,12/28/2024,95848.07,97199.96,93527.75,94452.57,66231541525.76,1892533809243.13
Bitcoin,12/26/2024,12/27/2024,99792,99940.03,95249.51,95830.42,58620968526.59,1915420141811.58
Bitcoin,12/25/2024,12/26/2024,98612.37,99436,97676.75,99436,62036161613.88,1949704818370.47
Bitcoin,12/24/2024,12/25/2024,94736.64,99280.01,93712.18,98805.9,76323175683.21,1899057311855.58
Bitcoin,12/23/2024,12/24/2024,95181.3,96433.71,92587.99,94748.02,74389445085.74,1876386494838.16
Bitcoin,12/22/2024,12/23/2024,97178.72,97408.04,94288.04,95136.87,60172030056.14,1906302613170.83
Bitcoin,12/21/2024,12/22/2024,97696.08,99490.36,96639.15,97253.03,103445426511.10,1933881968477.84
Bitcoin,12/20/2024,12/21/2024,97611.97,98200.45,92450,97691.36,139703232932.28,1909058168447.59
Bitcoin,12/19/2024,12/20/2024,100573,102672,96026.57,97874.66,128536950315.76,1985173434398.69
Bitcoin,12/18/2024,12/19/2024,106053,106444,100172,100368,122105965620.29,2057582532859.90
Bitcoin,12/17/2024,12/18/2024,105999,108239,105549,106052,124224918390.47,2112523563111.80
Bitcoin,12/16/2024,12/17/2024,104608,107768,103425,106010,117242854002.95,2084952957360.58
Bitcoin,12/15/2024,12/16/2024,101478,104921,101316,104621,74032778621.99,2029652386963.90
Bitcoin,12/14/2024,12/15/2024,101401,102589,100706,101364,90624467771.47,2009150944519.60
Bitcoin,12/13/2024,12/14/2024,100068,101818,99295.32,101371,109866813029.55,1988906701538.26
Bitcoin,12/12/2024,12/13/2024,101062,102497,99422.23,100041,119055118107.00,1994228389410.86
Bitcoin,12/11/2024,12/12/2024,96716.03,101825,95777.21,101074,137792236580.90,1955907945691.69
Bitcoin,12/10/2024,12/11/2024,97052.54,98128.02,94371.1,96628.01,166373033665.12,1916908391045.04
Bitcoin,12/9/2024,12/10/2024,100968,100968,94947.98,97422.43,106531591106.01,1949270156774.83
Bitcoin,12/8/2024,12/9/2024,99907.98,101215,98843.96,101215,66927756250.63,1975119878167.82
Bitcoin,12/7/2024,12/8/2024,99820.38,100428,99055.93,99699.99,113320436919.22,1972842731971.00
Bitcoin,12/6/2024,12/7/2024,96580.04,101861,96520.48,99798.48,188013492242.12,1957049343779.03
Bitcoin,12/5/2024,12/6/2024,98519.93,103484,93912.02,97013.92,184824248794.09,2000657732351.08
Bitcoin,12/4/2024,12/5/2024,95903.26,98975.08,94814.65,98730.99,105283404459.63,1908424124261.82
Bitcoin,12/3/2024,12/4/2024,95836.05,96238.1,93618.44,95970.93,106465586145.65,1890160822157.02
Bitcoin,12/2/2024,12/3/2024,97183.98,98051.18,94625.38,95807.6,85292808199.57,1901101405235.67
Bitcoin,12/1/2024,12/2/2024,96505.88,97767.64,95776.26,97236.3,53606873251.68,1916922956139.90
Bitcoin,11/30/2024,12/1/2024,97317.53,97329.92,96137.48,96436.01,75686925475.53,1913487930004.88
Bitcoin,11/29/2024,11/30/2024,95627.24,98564.62,95432.02,97383.7,73540702253.37,1915376254328.59
Bitcoin,11/28/2024,11/29/2024,95850.02,96560.02,94688,95632.03,91367563526.65,1887668008967.44
Bitcoin,11/27/2024,11/28/2024,91826.51,97208.23,91808,95899.86,105995810362.99,1864500796914.04
Bitcoin,11/26/2024,11/27/2024,93064.01,94915.39,90860.03,91993.22,130295482809.85,1842938063042.61
Bitcoin,11/25/2024,11/26/2024,97736.05,98746.64,92896.18,93079.67,81967757600.00,1914571548707.99
Bitcoin,11/24/2024,11/25/2024,97693.54,98515.16,95759.99,97867.46,59912158588.00,1927720657888.89
Bitcoin,11/23/2024,11/24/2024,98788.34,98874.93,97191.99,97628.02,83162177003.70,1944474660716.57
Bitcoin,11/22/2024,11/23/2024,98311.38,99498.52,97252,98851.49,120715743965.82,1952242799854.79
Bitcoin,11/21/2024,11/22/2024,94267.41,98789.88,94111.91,98425.93,124061794774.17,1920870646501.51
Bitcoin,11/20/2024,11/21/2024,92212.04,94819.96,91505.99,94174.71,104283260657.97,1845779458933.16
Bitcoin,11/19/2024,11/20/2024,90406.06,93836.94,90406.06,92119.47,103897079169.33,1818536542335.74
Bitcoin,11/18/2024,11/19/2024,89782.53,92532,89453.11,90549.34,78257155574.17,1799245714803.56
Bitcoin,11/17/2024,11/18/2024,90642.34,91447.99,88768.66,89763.59,59020288900.41,1787375905097.35
Bitcoin,11/16/2024,11/17/2024,91135.39,91735.96,90131.55,90543.67,87437209941.79,1801356084789.41
Bitcoin,11/15/2024,11/16/2024,87681.91,91741.72,87140.65,90949.94,115603162996.74,1763628734293.21
Bitcoin,11/14/2024,11/15/2024,90224.2,91637.55,86938.85,87347.45,153146346263.79,1773909794872.78
Bitcoin,11/13/2024,11/14/2024,88144.01,93243.92,86204.37,90300.02,160918008013.69,1759012763467.85
Bitcoin,11/12/2024,11/13/2024,88213.99,89800.23,85175.97,88164.77,200970767179.90,1738592782126.83
Bitcoin,11/11/2024,11/12/2024,80486.91,89424.41,80381.97,88627.98,115609444240.78,1642993507212.53
Bitcoin,11/10/2024,11/11/2024,76539.97,81233.28,76539.97,80409.97,71609202780.15,1563829624114.96
Bitcoin,11/9/2024,11/10/2024,76424.82,76893.95,75838,76615.99,57291171255.59,1509901429967.55
Bitcoin,11/8/2024,11/9/2024,75927.95,77115.59,75638.04,76544.78,74504748582.49,1504924618188.08
Bitcoin,11/7/2024,11/8/2024,75597.01,76751.96,74433.97,75919.31,103484517640.69,1489649632652.09
Bitcoin,11/6/2024,11/7/2024,69521.94,76097.95,69439.38,75567.57,137250861477.05,1465110205211.29
Bitcoin,11/5/2024,11/6/2024,67853.77,70435.69,67481.95,69348.54,59336565216.84,1363731448501.40
Bitcoin,11/4/2024,11/5/2024,68670.68,69346.28,66948.02,67792.92,48962107476.50,1353435808921.16
Bitcoin,11/3/2024,11/4/2024,69316,69373.64,67593.72,68832.86,36194109863.88,1353973920610.34
Bitcoin,11/2/2024,11/3/2024,69608,69896.03,69086.03,69319.96,50326627050.19,1374269743730.83
Bitcoin,11/1/2024,11/2/2024,70346.9,71520.59,68866.03,69531.96,64764647003.57,1378466264018.62
Bitcoin,10/31/2024,11/1/2024,72368.05,72625.19,69788.84,70340.01,53854409839.37,1413995664371.27
Bitcoin,10/30/2024,10/31/2024,72679.98,72865.93,71511.03,72359.86,71130395353.43,1427716315596.77
Bitcoin,10/29/2024,10/30/2024,69868.02,73534.9,69787.87,72782.82,69264084198.32,1415305246139.29
Bitcoin,10/28/2024,10/29/2024,68033.02,70130.8,67651.1,69892.45,37114871114.24,1357158014032.24
Bitcoin,10/27/2024,10/28/2024,67082.64,68300.39,66857.06,68029.34,24371770053.99,1333083441990.88
Bitcoin,10/26/2024,10/27/2024,66651.97,67363.21,66542.03,67102.01,55642452451.09,1324427980567.78
Bitcoin,10/25/2024,10/26/2024,68233.69,68680.88,65750.97,66637.8,47280935128.60,1336900585749.36
Bitcoin,10/24/2024,10/25/2024,66649.97,68704.49,66550.03,68234.05,50123672098.26,1334846995284.08
Bitcoin,10/23/2024,10/24/2024,67405.32,67405.32,65269.97,66745.54,46287674514.19,1316702466145.36
Bitcoin,10/22/2024,10/23/2024,67386.24,67781.79,66698,67393.99,55116769379.07,1331080919999.49
Bitcoin,10/21/2024,10/22/2024,68997.53,69414.08,66865.98,67440.04,45600677049.55,1347458269493.77
Bitcoin,10/20/2024,10/21/2024,68393.94,69315.86,68114.03,68987.76,21401472337.93,1353184866928.47
Bitcoin,10/19/2024,10/20/2024,68471.68,68639.99,68042.04,68394.04,39854632469.93,1349788419169.20
Bitcoin,10/18/2024,10/19/2024,67399.86,68963.99,67194.06,68465.29,54278095716.08,1346659620373.54
Bitcoin,10/17/2024,10/18/2024,67701.14,67923.93,66803.61,67363.67,51428967058.61,1329511317965.19
Bitcoin,10/16/2024,10/17/2024,67045.13,68274.26,66793.33,67657.43,85047855179.66,1334134211358.13
Bitcoin,10/15/2024,10/16/2024,66091.69,67759.99,64989.97,66984.04,116765204875.63,1306322769726.01
Bitcoin,10/14/2024,10/15/2024,62827.65,66419.87,62484.15,66085.97,99886309610.81,1280877236512.72
Bitcoin,10/13/2024,10/14/2024,63279.91,63279.91,62055.98,62806.34,79286610370.28,1239946538823.58
Bitcoin,10/12/2024,10/13/2024,62575.79,63440.44,62499.99,63216.04,95040455893.51,1243769524960.39
Bitcoin,10/11/2024,10/12/2024,60290.3,63270.59,60113.2,62410.61,97531320750.41,1215919033598.90
Bitcoin,10/10/2024,10/11/2024,60603.9,61300.02,59017,60260.02,93419872142.50,1197203364464.98
Bitcoin,10/9/2024,10/10/2024,62130.05,62530.42,60439.87,60647.99,93092147716.20,1222680467455.69
Bitcoin,10/8/2024,10/9/2024,62319.44,63130.04,61912.01,62215.97,107240146136.86,1233787868452.85
Bitcoin,10/7/2024,10/8/2024,62845.99,64436.04,62213.98,62300.75,96095290446.23,1252777002071.78
Bitcoin,10/6/2024,10/7/2024,62000.06,62915.02,61839.92,62823.43,73632122102.43,1230673337023.35
Bitcoin,10/5/2024,10/6/2024,62198.05,62331.35,61723.39,62084,90303823443.85,1226360450088.77
Bitcoin,10/4/2024,10/5/2024,60788.37,62445.33,60488.64,62110.02,107180024237.33,1216589697085.40
Bitcoin,10/3/2024,10/4/2024,60546.49,61464.04,60077.99,60776.01,115063546329.84,1201370102458.98
Bitcoin,10/2/2024,10/3/2024,60816.01,62227.26,60005.98,60670.03,120577794899.04,1211075380344.10
Bitcoin,10/1/2024,10/2/2024,63344,64125.97,60395.96,60888.04,109318142902.61,1242375814515.03
Bitcoin,9/30/2024,10/1/2024,65540,65554.02,63022.02,63290,96312396819.74,1265376298243.40
Bitcoin,9/29/2024,9/30/2024,65860.6,66052,65438,65668.25,77961286117.23,1298644977839.39
Bitcoin,9/28/2024,9/29/2024,65816.87,66190.2,65436.71,65923.99,93228914145.22,1299293128680.70
Bitcoin,9/27/2024,9/28/2024,65107.96,66380.99,64850.01,65762.47,114291841891.13,1296411223739.25
Bitcoin,9/26/2024,9/27/2024,63140.63,65616.04,62792.05,65142.08,103723189296.07,1270017035677.31
Bitcoin,9/25/2024,9/26/2024,64208.02,64669.95,62957.27,63165.61,103767866644.80,1259728792995.54
Bitcoin,9/24/2024,9/25/2024,63346.7,64587.13,62752.04,64335.62,103073420384.88,1254924424630.19
Bitcoin,9/23/2024,9/24/2024,63467.95,64644.96,62842.02,63332.69,107862272444.62,1255023646422.68
Bitcoin,9/22/2024,9/23/2024,63359.99,63868.07,62476.04,63575.97,84841750994.45,1243803840310.36
Bitcoin,9/21/2024,9/22/2024,63112.9,63519.41,62823.98,63389.92,94051059382.05,1246516946650.58
Bitcoin,9/20/2024,9/21/2024,62935.88,64053.96,62400.04,63102.03,115934019619.80,1248769660324.15
Bitcoin,9/19/2024,9/20/2024,61831.96,63819.92,61592,62953.98,127035448554.82,1237744694233.04
Bitcoin,9/18/2024,9/19/2024,60313.98,61449.14,59216.01,61449.14,110043990808.47,1188172297080.90
Bitcoin,9/17/2024,9/18/2024,58267.94,61259.99,57620,60303.5,101668766635.32,1172633447284.57
Bitcoin,9/16/2024,9/17/2024,59191.96,59191.96,57549.78,58229.2,94703021874.56,1152253111991.20
Bitcoin,9/15/2024,9/16/2024,59999.98,60375.64,58855.95,59198.11,77829620369.19,1184977871771.24
Bitcoin,9/14/2024,9/15/2024,60560.04,60590.1,59530.84,59987.93,100482054719.07,1185546465171.99
Bitcoin,9/13/2024,9/14/2024,58153.97,60593.91,57688.82,60575.47,101420595997.81,1159355964877.58
Bitcoin,9/12/2024,9/13/2024,57371.99,58514.55,57371.99,58116.05,112051169145.18,1146172572942.62
Bitcoin,9/11/2024,9/12/2024,57600.01,57960.58,55588.99,57364.02,108220528609.45,1124141546458.11
Bitcoin,9/10/2024,9/11/2024,56964.02,57984.81,56487.58,57627.99,103703769724.73,1128119592931.96
Bitcoin,9/9/2024,9/10/2024,54777.01,57869.99,54624.95,57031.98,95723896724.91,1099907178125.36
Bitcoin,9/8/2024,9/9/2024,54116.16,55228.47,53694.23,54823.96,77973295408.60,1073878187187.48
Bitcoin,9/7/2024,9/8/2024,53976.04,54810.03,53767.28,54188.32,121445897017.69,1071141347783.92
Bitcoin,9/6/2024,9/7/2024,56209.17,56896.3,52738,53922.68,120787253459.05,1091996852510.76
Bitcoin,9/5/2024,9/6/2024,58006.56,58284.98,55835,56170.04,115814349011.13,1121929134241.60
Bitcoin,9/4/2024,9/5/2024,57644.03,58489.96,55737.91,57984.05,119214510126.47,1129078127994.11
Bitcoin,9/3/2024,9/4/2024,59105.91,59764,57544.01,57544.01,110839951228.43,1157513796045.65
Bitcoin,9/2/2024,9/3/2024,57333.38,59350.72,57297.96,59127.62,111999098228.25,1149670462101.47
Bitcoin,9/1/2024,9/2/2024,58972.96,59038.16,57268.97,57341.08,99808533702.47,1149971682521.67
Bitcoin,8/31/2024,9/1/2024,59115.46,59382.99,58800.05,58965.98,102719941863.68,1166833451801.52
Bitcoin,8/30/2024,8/31/2024,59295.05,59763.02,57944,59158,106977637878.67,1166363249388.67
Bitcoin,8/29/2024,8/30/2024,59076.95,61106.97,58821.98,59348.98,110310423675.45,1178040523912.07
Bitcoin,8/28/2024,8/29/2024,59320.04,60162,57933.03,59034.65,125193171751.83,1170041472108.02
Bitcoin,8/27/2024,8/28/2024,62828.6,63189.69,58564.03,59503.05,109127583964.41,1227021403141.02
Bitcoin,8/26/2024,8/27/2024,64347.03,64374.01,62866.04,62866.04,101203762857.35,1256706917886.48
Bitcoin,8/25/2024,8/26/2024,64184.99,64837.15,63792.95,64279.03,94619490854.94,1265316086913.18
Bitcoin,8/24/2024,8/25/2024,64090.69,64416.96,63625.97,64107.98,125881577994.09,1264412172950.70
Bitcoin,8/23/2024,8/24/2024,60392.09,64851.37,60392.09,63979.97,109681143161.27,1218888710712.56
Bitcoin,8/22/2024,8/23/2024,61167.48,61379.44,59953.14,60386.02,109925654743.13,1197426375299.59
Bitcoin,8/21/2024,8/22/2024,59114.41,61813.19,58907.09,61109.99,109456682134.22,1180932346414.11
Bitcoin,8/20/2024,8/21/2024,59448,61315.96,58705.68,59056.01,103619917438.07,1185948542857.01
Bitcoin,8/19/2024,8/20/2024,58320.02,59562.71,57928.86,59562.71,93178855472.11,1157509291689.10
Bitcoin,8/18/2024,8/19/2024,59479.04,60212.28,58525.95,58525.95,80655928562.99,1177542188593.51
Bitcoin,8/17/2024,8/18/2024,58902.94,59669.97,58855.66,59420.03,88140111621.74,1169880838222.38
Bitcoin,8/16/2024,8/17/2024,57523.11,59806.42,57168.52,58902.1,106395319154.50,1153353002063.15
Bitcoin,8/15/2024,8/16/2024,58731.42,59808.54,56658.81,57600,103561753070.77,1152323874600.44
Bitcoin,8/14/2024,8/15/2024,60460.83,61459.95,58577.96,58730.93,100245718135.21,1186804832893.17
Bitcoin,8/13/2024,8/14/2024,59455.98,61507.57,58526.98,60565.01,103696068413.57,1178381779554.08
Bitcoin,8/12/2024,8/13/2024,58804.02,60469.67,57916.99,59342.02,100105883667.67,1164230078281.82
Bitcoin,8/11/2024,8/12/2024,60958.03,61554.95,58439.57,58819.99,79394741807.12,1192444538961.54
Bitcoin,8/10/2024,8/11/2024,60707.54,61178.66,60262.05,60875.98,95154408736.79,1198423963883.93
Bitcoin,8/9/2024,8/10/2024,61642.59,61642.59,59699.99,60848.51,119380537562.54,1198052371289.95
Bitcoin,8/8/2024,8/9/2024,55208.09,62442.19,54745.98,61837.93,115082738098.83,1148277529608.94
Bitcoin,8/7/2024,8/8/2024,55931.96,57657.97,54669.95,55024.11,115542644837.35,1111517429412.98
Bitcoin,8/6/2024,8/7/2024,54153.99,56949.51,54153.99,55982.04,180069767679.24,1102277924946.63
Bitcoin,8/5/2024,8/6/2024,58282.02,58282.02,49435.77,54006,212195781011.71,1054109105825.60
Bitcoin,8/4/2024,8/5/2024,60721.48,61077.99,57382,58074.85,92944193833.38,1183777771669.81
Bitcoin,8/3/2024,8/4/2024,61551.85,62193.7,59959.55,60760.03,127508490963.49,1209847165746.95
Bitcoin,8/2/2024,8/3/2024,65470.03,65526.01,61377.99,61487.05,126678255697.58,1259657978581.77
Bitcoin,8/1/2024,8/2/2024,64690.06,65535.99,62356.12,65409.83,115915313679.64,1265476494606.25
Bitcoin,7/31/2024,8/1/2024,66095.88,66779.95,64565.99,64665.98,104724657195.79,1300436793721.64
Bitcoin,7/30/2024,7/31/2024,66743.69,66988.03,65500.99,66244.03,114280185390.74,1308166869764.34
Bitcoin,7/29/2024,7/30/2024,68190.01,69947.98,66694.08,66810.03,101383758813.21,1351833884687.98
Bitcoin,7/28/2024,7/29/2024,67699.97,68270.69,67070.3,68234.91,115846507993.95,1336333065159.31
Bitcoin,7/27/2024,7/28/2024,67865.97,69386.01,66800.05,68045.98,102398740886.44,1345115962771.87
Bitcoin,7/26/2024,7/27/2024,65828.01,68200.04,65828.01,67914.02,113089301630.39,1325517976260.47
Bitcoin,7/25/2024,7/26/2024,65453.96,66042.03,63509.02,65750.02,111090252492.93,1272973411029.40
Bitcoin,7/24/2024,7/25/2024,65989.99,67054,65249.96,65412.03,107162775416.83,1302064513046.39
Bitcoin,7/23/2024,7/24/2024,67537.99,67693.99,65528.37,65914.55,115158262082.33,1312242825607.23
Bitcoin,7/22/2024,7/23/2024,68178.02,68428.05,66617.59,67587.97,112174263548.26,1331303541991.10
Bitcoin,7/21/2024,7/22/2024,67102,68286.03,66038.96,68071.99,89676444049.21,1323676303507.98
Bitcoin,7/20/2024,7/21/2024,66699.54,67536.34,66263.2,67182.45,104553506285.97,1315702759692.42
Bitcoin,7/19/2024,7/20/2024,63910.04,67348.04,63311.26,66648.03,101639252770.35,1281855582543.61
Bitcoin,7/18/2024,7/19/2024,64159.97,65088.95,63253.12,63966.13,99977799879.21,1267402485535.26
Bitcoin,7/17/2024,7/18/2024,65076.01,66022.58,63951.49,64120.47,113492292607.62,1281066999117.71
Bitcoin,7/16/2024,7/17/2024,64868.03,65264.81,62529.99,65119.1,116542026597.44,1264281625543.78
Bitcoin,7/15/2024,7/16/2024,60876.22,64819.37,60680.22,64819.37,100145806081.74,1239361200720.15
Bitcoin,7/14/2024,7/15/2024,59318.59,61330.03,59316.48,60946.02,85066289307.22,1182438189362.16
Bitcoin,7/13/2024,7/14/2024,57858.96,59687.99,57774.09,59174.19,83611257769.95,1150584338265.24
Bitcoin,7/12/2024,7/13/2024,57299.22,58519.96,56607.98,57899.96,93418137284.68,1132233813938.18
Bitcoin,7/11/2024,7/12/2024,57619.19,59282.81,57174.19,57381.96,91437938548.91,1140514775974.19
Bitcoin,7/10/2024,7/11/2024,57923.75,59317.95,57193.27,57719.47,91848128823.29,1144695234001.57
Bitcoin,7/9/2024,7/10/2024,56646.67,58127.91,56409.45,57995.99,100398238221.78,1131385741143.21
Bitcoin,7/8/2024,7/9/2024,55857.81,57909.97,54411.12,56681.81,99609702443.84,1107722436798.63
Bitcoin,7/7/2024,7/8/2024,58230.16,58374.36,55818,55878.38,79631334264.54,1129871085015.96
Bitcoin,7/6/2024,7/7/2024,56628.73,58398.11,56050.98,58232.99,98029265844.13,1123846909922.12
Bitcoin,7/5/2024,7/6/2024,57043.9,57434.94,53761.07,56691.34,122554076854.67,1098277236760.18
Bitcoin,7/4/2024,7/5/2024,60208.62,60465.72,56809.43,57142,101841641575.29,1149061223527.99
Bitcoin,7/3/2024,7/4/2024,62127.99,62285.9,59521.02,60294.75,87751477173.18,1194737097555.58
Bitcoin,7/2/2024,7/3/2024,62906,63243.07,61816.25,62127.95,83918670305.99,1232201860247.70
Bitcoin,7/1/2024,7/2/2024,62771.97,63844.24,62597.62,62889.92,86017960841.93,1244171964434.75
Bitcoin,6/30/2024,7/1/2024,60986.67,62990.1,60660.77,62849.53,72644110248.81,1212487409355.95
Bitcoin,6/29/2024,6/30/2024,60427.81,61210,60426.02,60964.17,81524470017.98,1200637863094.97
Bitcoin,6/28/2024,6/29/2024,61617.14,62200.29,60080,60427.86,86177794784.19,1206091521629.92
Bitcoin,6/27/2024,6/28/2024,60854.02,62338.43,60666.19,61646.05,121597828546.94,1208359521976.11
Bitcoin,6/26/2024,6/27/2024,61804.76,62357.58,60761.24,60761.24,101705522290.09,1210569518914.97
Bitcoin,6/25/2024,6/26/2024,60297.21,62231.16,60272.58,61789.98,105012900610.22,1208344232787.24
Bitcoin,6/24/2024,6/25/2024,63197.97,63316.01,58946.24,60382.81,88214365730.36,1211219588927.01
Bitcoin,6/23/2024,6/24/2024,64261.95,64521.03,63290.43,63290.43,68549855803.18,1265330566688.60
Bitcoin,6/22/2024,6/23/2024,64131.09,64505.96,63980.01,64272.8,81694907535.12,1266799825790.17
Bitcoin,6/21/2024,6/22/2024,64870,65055.95,63472,64097.29,91064047001.40,1265161643968.48
Bitcoin,6/20/2024,6/21/2024,64974.38,66411.96,64595.1,64881.08,86987051058.93,1286536885825.68
Bitcoin,6/19/2024,6/20/2024,65175.32,65631.97,64693.19,64950.06,99459975582.00,1283763970740.77
Bitcoin,6/18/2024,6/19/2024,66487.62,66514.58,64154.04,65098.92,105436105675.88,1284844245291.11
Bitcoin,6/17/2024,6/18/2024,66679.37,67247.97,65199.99,66491.14,86664744891.26,1304635534157.81
Bitcoin,6/16/2024,6/17/2024,66228.19,66964.66,66064.03,66661.05,76461375993.26,1309077955189.54
Bitcoin,6/15/2024,6/16/2024,65992.06,66441.35,65916,66198.06,91215626049.65,1304545675023.69
Bitcoin,6/14/2024,6/15/2024,66772.99,67343.12,65117.84,66052.46,98995504258.58,1310523862820.82
Bitcoin,6/13/2024,6/14/2024,68263.95,68393.59,66436.08,66771.55,111573193221.81,1327430504493.67
Bitcoin,6/12/2024,6/13/2024,67314.24,69980.04,66960.38,68270.22,107347892439.03,1343572403474.80
Bitcoin,6/11/2024,6/12/2024,69540.15,69580.24,66193.56,67345.04,104796038194.82,1330334787420.32
Bitcoin,6/10/2024,6/11/2024,69648.18,70160,69258.75,69519.27,87451861112.74,1371123086722.41
Bitcoin,6/9/2024,6/10/2024,69310.52,69850.12,69169.97,69657.34,83310044389.58,1368597583239.21
Bitcoin,6/8/2024,6/9/2024,69355.62,69582.23,69224.59,69316.65,103610754573.21,1367427987313.87
Bitcoin,6/7/2024,6/8/2024,70799.08,71968.03,68728.21,69375.8,106092074580.18,1392124871309.07
Bitcoin,6/6/2024,6/7/2024,71087.06,71603.24,70330.65,70783.1,102877542640.22,1399125828326.36
Bitcoin,6/5/2024,6/6/2024,70537.85,71696.85,70443.46,71131.93,111311224610.05,1399930475342.59
Bitcoin,6/4/2024,6/5/2024,68809.87,71020.04,68633.19,70599,104654845182.98,1371599959992.64
Bitcoin,6/3/2024,6/4/2024,67779.94,70212.93,67634.05,68808.7,97398272823.33,1358888276436.88
Bitcoin,6/2/2024,6/3/2024,67766.88,68429.33,67399.94,67781.47,81799035674.69,1336549079510.64
Bitcoin,6/1/2024,6/2/2024,67545.59,67865.07,67467.77,67747.95,92032958380.85,1333965874339.88
Bitcoin,5/31/2024,6/1/2024,68352.12,68894.35,66741.31,67576.21,99878780775.00,1340010675163.26
Bitcoin,5/30/2024,5/31/2024,67575.28,69472.55,67191.52,68375.98,99654420792.42,1343777230166.58
Bitcoin,5/29/2024,5/30/2024,68398.42,68917.38,67172.01,67665.53,100941705870.15,1339429081861.65
Bitcoin,5/28/2024,5/29/2024,69377.71,69469.69,67284.99,68397.44,104610415892.73,1345253913901.31
Bitcoin,5/27/2024,5/28/2024,68513.99,70660.82,68271.15,69446.22,94366758873.82,1362623722399.28
Bitcoin,5/26/2024,5/27/2024,69284.48,69464.03,68313.96,68552.6,88617970999.77,1359122396532.98
Bitcoin,5/25/2024,5/26/2024,68549.98,69544.36,68529.54,69264.99,98349462378.77,1359001925515.47
Bitcoin,5/24/2024,5/25/2024,67989.95,69184.6,66714.03,68534.95,118732856369.61,1338591265664.13
Bitcoin,5/23/2024,5/24/2024,69166.59,70036.03,66671.21,67923.97,111358739714.12,1355143547460.98
Bitcoin,5/22/2024,5/23/2024,70145.51,70599.97,69048.6,69224.99,116115129934.34,1375990340801.01
Bitcoin,5/21/2024,5/22/2024,71413.26,71739.14,69266.38,70104.4,140382014974.79,1391426237434.46
Bitcoin,5/20/2024,5/21/2024,66278.22,71456.55,66139.62,71418.17,97673519611.45,1332036657324.70
Bitcoin,5/19/2024,5/20/2024,66915.16,67598.31,66005.33,66347.05,84425742668.58,1317076250481.60
Bitcoin,5/18/2024,5/19/2024,67030.03,67376.41,66640.01,66914.58,93829825867.83,1318748541912.82
Bitcoin,5/17/2024,5/18/2024,65234.32,67399.94,65156.23,67004.04,102634356864.30,1305116155080.96
Bitcoin,5/16/2024,5/17/2024,66206.5,66598.22,64665.08,65249.97,115681520609.20,1295913178703.09
Bitcoin,5/15/2024,5/16/2024,61577.48,66390,61404.32,66247.62,100366232949.30,1251896075834.86
Bitcoin,5/14/2024,5/15/2024,62940.1,63053.02,61157.62,61602.22,96890384586.06,1220229790815.82
Bitcoin,5/13/2024,5/14/2024,61444.49,63332.96,60786.91,62917.18,90675951502.60,1227777899897.62
Bitcoin,5/12/2024,5/13/2024,60816.04,61763.99,60689.41,61549.96,76159301784.86,1204681757746.95
Bitcoin,5/11/2024,5/12/2024,60800.03,61391.96,60560.03,60784.24,93416078524.91,1199916424353.45
Bitcoin,5/10/2024,5/11/2024,63074.05,63463.95,60318.78,60887.95,99784445417.82,1223188375479.90
Bitcoin,5/9/2024,5/10/2024,61203.59,63349.87,60746.02,63110.01,96371791598.56,1216539898240.82
Bitcoin,5/8/2024,5/9/2024,62312.12,62947.97,60957.21,61220.05,96231033741.69,1226437181090.79
Bitcoin,5/7/2024,5/8/2024,63165.14,64322.23,62292.05,62380.43,102284339989.34,1250305184237.89
Bitcoin,5/6/2024,5/7/2024,64011.98,65424.77,62970.14,63197.19,95229564647.93,1258601500066.31
Bitcoin,5/5/2024,5/6/2024,63893.95,64479.4,63010.78,64040.05,89483521887.89,1255450583253.37
Bitcoin,5/4/2024,5/5/2024,62870.12,64469.81,62642.67,63880.04,105858800461.72,1249046843976.91
Bitcoin,5/3/2024,5/4/2024,59112.48,63176.02,58837.01,62799.97,104745197131.87,1193855616696.52
Bitcoin,5/2/2024,5/3/2024,58365.01,59545.21,57003.3,59134.5,131432823893.60,1149458619445.39
Bitcoin,5/1/2024,5/2/2024,60669.84,60762.08,56721.02,58266.04,159023293590.83,1148765177507.25
Bitcoin,4/30/2024,5/1/2024,63822.08,64654.02,59265.11,60761.95,143219209457.94,1217317330212.33
Bitcoin,4/29/2024,4/30/2024,63109.65,64070.04,61835.95,63817.97,128855842856.74,1235771728615.55
Bitcoin,4/28/2024,4/29/2024,63461.99,64300.03,62875.28,63059.25,123978125785.54,1254074099518.52
Bitcoin,4/27/2024,4/28/2024,63770.01,63891.08,62593.31,63483.13,131524789158.24,1242332333140.71
Bitcoin,4/26/2024,4/27/2024,64486.53,64732.29,63397.37,63806.23,144552429807.05,1263022328913.39
Bitcoin,4/25/2024,4/26/2024,64289.6,65083.98,62956.04,64495.27,149157965211.66,1264226386138.00
Bitcoin,4/24/2024,4/25/2024,66414.01,67070.4,63742.73,64291.07,138491370322.30,1294534621910.03
Bitcoin,4/23/2024,4/24/2024,66822.2,67174.02,65884.15,66386.61,140913944149.05,1308600456410.06
Bitcoin,4/22/2024,4/23/2024,64937.94,67180.03,64598,66818.89,140020711835.51,1299629613965.49
Bitcoin,4/21/2024,4/22/2024,64940.62,65638.74,64302.47,64896.87,132646330534.83,1278729530557.15
Bitcoin,4/20/2024,4/21/2024,63818.04,65351.33,63321.19,64857.99,153799823273.23,1263699404439.04
Bitcoin,4/19/2024,4/20/2024,63459.73,65384.6,59734.42,63965.95,179591776267.14,1254700142550.61
Bitcoin,4/18/2024,4/19/2024,61277.35,64049.91,60896,63418,162264150662.43,1228207510554.36
Bitcoin,4/17/2024,4/18/2024,63793.38,64409.61,60035.04,61309.97,159271475773.60,1230701435686.11
Bitcoin,4/16/2024,4/17/2024,63408.02,64279.61,61721.75,63679.78,164862168464.26,1239636852612.27
Bitcoin,4/15/2024,4/16/2024,65666.9,66716.61,62664.83,63496.91,167288178450.47,1278786268963.27
Bitcoin,4/14/2024,4/15/2024,63919.56,65737.76,62168.38,65582.95,193384733405.93,1263072156804.95
Bitcoin,4/13/2024,4/14/2024,67129,67890.08,61480,64255.94,170831383575.81,1309324455975.39
Bitcoin,4/12/2024,4/13/2024,70006.21,71173.45,66012.76,67208.21,156492733608.80,1367900621427.15
Bitcoin,4/11/2024,4/12/2024,70631.08,71247.81,69587.99,70112.05,163547750232.03,1386276753963.96
Bitcoin,4/10/2024,4/11/2024,69156,71078.17,67590.15,70513.6,158873955437.31,1361467139057.44
Bitcoin,4/9/2024,4/10/2024,71631.94,71714.42,68442.77,69198.22,132212729053.50,1380512011414.89
Bitcoin,4/8/2024,4/9/2024,69360.36,72724.2,69169.74,71631.77,53132608634.30,1398781579162.81
Bitcoin,4/7/2024,4/8/2024,68884.31,70242.04,68850.36,69388.74,38671272310.64,1365387978509.70
Bitcoin,4/6/2024,4/7/2024,67820.6,69566.35,67492.52,68904.86,48123401317.82,1338695853172.18
Bitcoin,4/5/2024,4/6/2024,68487.85,68613.19,66099.34,67928.77,65461159217.25,1327799451346.37
Bitcoin,4/4/2024,4/5/2024,65963.32,69060,65139.94,68461.23,54141942846.19,1316195162429.90
Bitcoin,4/3/2024,4/4/2024,65441.29,66778.9,64792.98,66074.16,72688212424.21,1298722536237.27
Bitcoin,4/2/2024,4/3/2024,69660.01,69660.01,64706.05,65448.35,76064873523.09,1305031837940.30
Bitcoin,4/1/2024,4/2/2024,71286.78,71286.78,68246.03,69731.26,48160176927.63,1370941645025.81
Bitcoin,3/31/2024,4/1/2024,69585.1,71345.73,69585.1,71216.98,33677901684.58,1385235018798.52
Bitcoin,3/30/2024,3/31/2024,69850.56,70255.82,69560.02,69674.78,39660445250.31,1375961187450.75
Bitcoin,3/29/2024,3/30/2024,70777.96,70893.95,69130.05,69850.52,51437435661.07,1377218213267.61
Bitcoin,3/28/2024,3/29/2024,69470.04,71529.96,69000.37,70702.74,67541826095.72,1384792377598.96
Bitcoin,3/27/2024,3/28/2024,70007.73,71645.99,68515.98,69529.85,66048307394.07,1372145083235.20
Bitcoin,3/26/2024,3/27/2024,69890.04,71489.41,69468.56,70059.97,73539340915.59,1383033138560.89
Bitcoin,3/25/2024,3/26/2024,67190.84,70929.95,66463.94,69901.99,59754058610.11,1343202487556.70
Bitcoin,3/24/2024,3/25/2024,64004.05,67577.97,63800.19,67246.83,45004303016.26,1282172693165.51
Bitcoin,3/23/2024,3/24/2024,63799.98,65980.04,63119.94,64238.03,64367437851.30,1269320125025.62
Bitcoin,3/22/2024,3/23/2024,65499.91,66630,62572.56,63567.63,70832261570.22,1270966990859.47
Bitcoin,3/21/2024,3/22/2024,67842.99,68091.76,64650.4,65476.17,95877864553.05,1310305920103.30
Bitcoin,3/20/2024,3/21/2024,61972.04,67982.18,60941.74,67854.02,115391694995.10,1255313190184.02
Bitcoin,3/19/2024,3/20/2024,67610,68096.05,61624.96,61981.15,102045256284.41,1265347298387.30
Bitcoin,3/18/2024,3/19/2024,68393.46,68920.04,66689.99,67711.55,70655312794.55,1331937204803.43
Bitcoin,3/17/2024,3/18/2024,65340,68870.99,64949.86,68650.08,84216901410.83,1318249336155.17
Bitcoin,3/16/2024,3/17/2024,69491.06,69931.27,65249.77,65286.52,92160775812.01,1341199301691.52
Bitcoin,3/15/2024,3/16/2024,71388.99,72305.13,65867.11,69532.18,124794270434.02,1348218188268.73
Bitcoin,3/14/2024,3/15/2024,73082.35,73628.43,68699.98,71432.39,75391048865.69,1418509576121.79
Bitcoin,3/13/2024,3/14/2024,71462.21,73607.76,71333.36,73087.95,91851042512.40,1428409527164.49
Bitcoin,3/12/2024,3/13/2024,72085.08,72493.29,69356.89,71473.86,89227745554.76,1408081228656.02
Bitcoin,3/11/2024,3/12/2024,68959.19,72708.04,67777.97,72094.44,79078213966.75,1394226484218.35
Bitcoin,3/10/2024,3/11/2024,68313.27,69857.99,68231.15,68949.74,45808616696.34,1361100511600.56
Bitcoin,3/9/2024,3/10/2024,68124.12,68641.97,67899.97,68513.59,74958968163.58,1341229215174.13
Bitcoin,3/8/2024,3/9/2024,66823.18,69451.15,66398.03,68202.87,71079775498.72,1329387120348.65
Bitcoin,3/7/2024,3/8/2024,66075.98,67854.61,65688.09,66903.82,83067313501.04,1311958696591.88
Bitcoin,3/6/2024,3/7/2024,63765.18,67573.33,62793.17,66137.13,148672936177.78,1294415376146.10
Bitcoin,3/5/2024,3/6/2024,68245.95,68887.74,61397.72,63971.07,119040375749.32,1300163898134.37
Bitcoin,3/4/2024,3/5/2024,63130.26,68363.17,62812.07,68208.36,71996842646.86,1283001116073.35
Bitcoin,3/3/2024,3/4/2024,61987.33,63182.52,61424.1,63099.99,39229163265.53,1221662652840.69
Bitcoin,3/2/2024,3/3/2024,62381.06,62381.06,61675.41,62004.02,56200041952.97,1217268482817.13
Bitcoin,3/1/2024,3/2/2024,61153.2,62936,60791.79,62481.07,86080951475.56,1214897930968.26
Bitcoin,2/29/2024,3/1/2024,62432.07,63470.48,60559.34,61256.01,144705189244.50,1219220160267.03
Bitcoin,2/28/2024,2/29/2024,57037.37,63699.03,56731.11,62497.28,96554866216.25,1164199401855.02
Bitcoin,2/27/2024,2/28/2024,54476.52,57501.14,54463.73,57029.24,81134638355.52,1108929904071.70
Bitcoin,2/26/2024,2/27/2024,51721.05,54899.99,50934.63,54454.91,36653055557.66,1027224515607.57
Bitcoin,2/25/2024,2/26/2024,51568.16,51932.93,51340.03,51743.97,26223098130.65,1013990612709.75
Bitcoin,2/24/2024,2/25/2024,50744.12,51664.32,50590.04,51549.1,32742452148.97,1004394826459.78
Bitcoin,2/23/2024,2/24/2024,51288.38,51501.55,50660.19,50830.04,39680259961.61,1003273465076.26
Bitcoin,2/22/2024,2/23/2024,51849.39,52026.56,50947.82,51339.49,46651103476.98,1012679602852.48
Bitcoin,2/21/2024,2/22/2024,52258.8,52341.7,50772.85,51833,52153948766.13,1010598273347.44
Bitcoin,2/20/2024,2/21/2024,51774.73,52887.96,50803.55,52278.15,44183700165.34,1018468225252.38
Bitcoin,2/19/2024,2/20/2024,52126.89,52476.91,51735.45,51739.37,32201907719.76,1023293740356.04
Bitcoin,2/18/2024,2/19/2024,51642.61,52338.43,51214.73,52119.06,31540616364.51,1015642862477.64
Bitcoin,2/17/2024,2/18/2024,52124.14,52149.08,50630.03,51673.99,35178091490.83,1013205165333.80
Bitcoin,2/16/2024,2/17/2024,51880.02,52467.94,51629.9,52121.96,47646573465.99,1021079205021.52
Bitcoin,2/15/2024,2/16/2024,51783.92,52771.03,51325.97,51888.33,53084197642.98,1021838077939.87
Bitcoin,2/14/2024,2/15/2024,49699.59,51945.99,49324.02,51819.74,51748211301.51,997549034115.48
Bitcoin,2/13/2024,2/14/2024,49917.25,50204.94,48449.96,49741.98,53115326968.27,973839645174.22
Bitcoin,2/12/2024,2/13/2024,48297.37,50255.98,47745.03,50017.36,38777494088.97,957112042990.74
Bitcoin,2/11/2024,2/12/2024,47751.14,48534.61,47608.53,48269.68,30911023232.65,944665729688.23
Bitcoin,2/10/2024,2/11/2024,47122.11,48080.16,46879.57,47760.23,45283385490.22,929109405398.50
Bitcoin,2/9/2024,2/10/2024,45288.66,48076.09,45252.45,47093.93,47445816052.15,917625452532.66
Bitcoin,2/8/2024,2/9/2024,44345.87,45550.04,44345.87,45315.99,38857280496.85,880901927478.84
Bitcoin,2/7/2024,2/8/2024,43096.02,44334.08,42795.21,44328.04,27981396003.08,849011742925.91
Bitcoin,2/6/2024,2/7/2024,42708.71,43360.57,42578.66,43105.15,29890974499.01,842823370827.80
Bitcoin,2/5/2024,2/6/2024,42582.94,43494.23,42286.04,42713.66,27475772366.96,839543655852.06
Bitcoin,2/4/2024,2/5/2024,43006.66,43107.98,42228.04,42609.98,21504822984.78,841321775010.32
Bitcoin,2/3/2024,2/4/2024,43185.79,43355.96,42925.88,42970.67,26212803849.49,845608019938.08
Bitcoin,2/2/2024,2/3/2024,43082.94,43424.42,42629.75,43189.15,33012863715.57,844822065348.73
Bitcoin,2/1/2024,2/2/2024,42587.2,43239.64,41932.02,43069.45,39191696926.07,832833554971.97
Bitcoin,1/31/2024,2/1/2024,42945.4,43741.81,42287.98,42611.24,36387883734.60,841845565656.91
Bitcoin,1/30/2024,1/31/2024,43302.73,43791.13,42811.98,42915.56,35745948974.37,851479185369.36
Bitcoin,1/29/2024,1/30/2024,42031.02,43283.58,41847.34,43269.41,27591401455.66,832917377571.71
Bitcoin,1/28/2024,1/29/2024,42098.02,42834.18,41696.43,42018.7,23994200912.28,828469290959.95
Bitcoin,1/27/2024,1/28/2024,41814,42190.01,41473.93,42112.7,33456456024.33,820242705824.46
Bitcoin,1/26/2024,1/27/2024,39961.1,42205.19,39829.36,41866.1,32727132166.55,802733300472.93
Bitcoin,1/25/2024,1/26/2024,40085.18,40278.07,39579.43,39929.16,30611272945.24,783529941656.01
Bitcoin,1/24/2024,1/25/2024,39904.06,40538.01,39571.64,40145.83,41582556190.40,782819018315.98
Bitcoin,1/23/2024,1/24/2024,39567.96,40166.68,38604.83,39873.77,47245661174.88,773227103228.27
Bitcoin,1/22/2024,1/23/2024,41580.35,41685.73,39516.98,39516.98,28953952802.55,798793726218.21
Bitcoin,1/21/2024,1/22/2024,41696.07,41864.33,41530.03,41549.91,17460482792.77,817357400243.90
Bitcoin,1/20/2024,1/21/2024,41659.07,41857.38,41467.97,41668.99,34880561427.48,815917942586.99
Bitcoin,1/19/2024,1/20/2024,41316.12,42186.01,40336.03,41627.16,43162587574.99,809637385960.16
Bitcoin,1/18/2024,1/19/2024,42777.87,42916.99,40751.17,41296.92,33298896660.06,828414705555.57
Bitcoin,1/17/2024,1/18/2024,43137.99,43188,42259.96,42764.71,37465467149.12,837594185391.53
Bitcoin,1/16/2024,1/17/2024,42523.93,43525.03,42090.04,43137.2,35476803078.46,841661192051.85
Bitcoin,1/15/2024,1/16/2024,41746.55,43369.82,41746.55,42611.43,33261581208.31,835207392070.87
Bitcoin,1/14/2024,1/15/2024,42847.96,43054.18,41737.9,41737.9,25534697690.22,838079464709.92
Bitcoin,1/13/2024,1/14/2024,42797.5,43250.08,42463.07,42840.02,59386885600.35,840023043894.78
Bitcoin,1/12/2024,1/13/2024,46342.02,46416.33,41903.92,42896.05,64928724108.98,883712208328.15
Bitcoin,1/11/2024,1/12/2024,46639.46,48853.77,45699.32,46356.96,86342160205.33,912540670422.39
Bitcoin,1/10/2024,1/11/2024,46106.95,47629.98,44632.42,46564.21,62473093954.78,897575436530.24
Bitcoin,1/9/2024,1/10/2024,46951.07,47842.37,45412.61,46082.08,111771707928.26,913768700835.19
Bitcoin,1/8/2024,1/9/2024,43923.68,47200.03,43260.51,46900.01,122271995738.00,878477896044.72
Bitcoin,1/7/2024,1/8/2024,43966.93,44442.83,43625.9,43850.46,96328651324.83,863400987919.22
Bitcoin,1/6/2024,1/7/2024,44145.12,44180.03,43454.05,43941.78,116258879408.92,858402098110.85
Bitcoin,1/5/2024,1/6/2024,44168.03,44229.51,43142.74,44112.11,142446432011.05,857139251515.88
Bitcoin,1/4/2024,1/5/2024,42845.26,44664.55,42635.44,44188.15,163905349005.13,851366855527.36
Bitcoin,1/3/2024,1/4/2024,44944.83,45474.95,40931.46,42818.03,99124375067.69,860210389676.84
Bitcoin,1/2/2024,1/3/2024,44179.5,45846.21,44179.5,44957.63,46593616092.15,885906624909.59
Bitcoin,1/1/2024,1/2/2024,42276.34,44122.03,42227.99,44122.03,25446134905.27,838250699610.97
Bitcoin,12/31/2023,1/1/2024,42140.32,42814.17,42000.02,42224.09,25925718093.88,831325834493.02
Bitcoin,12/30/2023,12/31/2023,42070.91,42570.01,41539.76,42198.85,34749601493.03,824737365687.83
Bitcoin,12/29/2023,12/30/2023,42563.72,43033.78,41683.16,42057.41,35226725843.32,830554419250.69
Bitcoin,12/28/2023,12/29/2023,43435.28,43730.03,42321.07,42592.06,35344996354.70,840557637464.40
Bitcoin,12/27/2023,12/28/2023,42508.97,43624.64,42154.05,43384.25,33673429434.86,838499636801.22
Bitcoin,12/26/2023,12/27/2023,43576.08,43576.08,41723.24,42519.8,32193618867.56,836405782385.69
Bitcoin,12/25/2023,12/26/2023,42972.39,43725.61,42764,43613.88,27513077611.39,848417379933.11
Bitcoin,12/24/2023,12/25/2023,43702.13,43927.88,42850.2,43017.9,20946516344.44,854044631030.57
Bitcoin,12/23/2023,12/24/2023,43956.76,43975.78,43351.06,43727.32,26907189863.46,855127722257.78
Bitcoin,12/22/2023,12/23/2023,43861.77,44358.59,43429.95,43948.89,35933013764.46,857466992625.28
Bitcoin,12/21/2023,12/22/2023,43661.99,44206.01,43296.11,43849.41,41912480831.14,856025729719.01
Bitcoin,12/20/2023,12/21/2023,42270.92,44279.96,42225.37,43645.95,36592551109.47,845177333455.08
Bitcoin,12/19/2023,12/20/2023,42657.76,43314.73,41846.62,42300.16,40118803131.68,836098775200.53
Bitcoin,12/18/2023,12/19/2023,41374.65,42714.97,40660.03,42666.06,33200312603.46,810384647539.49
Bitcoin,12/17/2023,12/18/2023,42278.01,42418.39,41298.47,41448.75,24403669115.89,821166369178.53
Bitcoin,12/16/2023,12/17/2023,41934.6,42697.9,41725.94,42244.61,29546881906.62,827593815440.53
Bitcoin,12/15/2023,12/16/2023,43022.22,43078.69,41742.32,41953.42,38137174910.16,831255134345.81
Bitcoin,12/14/2023,12/15/2023,42866.86,43357.6,41938.38,43004.17,42951564227.95,838439205108.28
Bitcoin,12/13/2023,12/14/2023,41492.36,43354.3,40693.86,42906.87,37987604126.63,814451975730.39
Bitcoin,12/12/2023,12/13/2023,41258.82,42045.96,40700.59,41512.61,49048167063.94,813012566945.89
Bitcoin,12/11/2023,12/12/2023,43789.48,43804.42,40375.19,41221.12,43861781609.80,820450444449.91
Bitcoin,12/10/2023,12/11/2023,43713.6,44032.99,43610.02,43762.68,25480214581.03,857357855767.81
Bitcoin,12/9/2023,12/10/2023,44171.04,44344.36,43629.98,43701.25,34949278292.08,861249549262.45
Bitcoin,12/8/2023,12/9/2023,43275.13,44614.01,43129.99,44199.33,39750657917.81,854131359423.70
Bitcoin,12/7/2023,12/8/2023,43766.57,44045.95,43011.1,43249.99,41104564561.25,852057304979.75
Bitcoin,12/6/2023,12/7/2023,44072.29,44269.99,43454,43714.53,58562982566.79,858287937128.69
Bitcoin,12/5/2023,12/6/2023,41991.56,44413.99,41437.9,44085.68,49528316257.29,829378490635.44
Bitcoin,12/4/2023,12/5/2023,39972.22,42386.31,39972.22,41995.8,45201233924.36,810351304916.45
Bitcoin,12/3/2023,12/4/2023,39453.73,40108.54,39288.24,39941.07,26254626062.50,773502630811.29
Bitcoin,12/2/2023,12/3/2023,38682.56,39652.7,38641.63,39460,28359905974.39,760710072264.68
Bitcoin,12/1/2023,12/2/2023,37712.36,38959.11,37624.65,38658.06,29142859065.62,751075055658.23
Bitcoin,11/30/2023,12/1/2023,37854.66,38143.94,37530.89,37715.02,28133746903.43,738851273635.21
Bitcoin,11/29/2023,11/30/2023,37832.67,38345.98,37623.01,37808.01,68380861881.72,742003659759.55
Bitcoin,11/28/2023,11/29/2023,37241.07,38273.7,36896.17,37776.89,75091400151.03,731986258444.24
Bitcoin,11/27/2023,11/28/2023,37442.96,37547.98,36754.04,37268.83,61565626037.62,726567202037.30
Bitcoin,11/26/2023,11/27/2023,37780.68,37814.65,37178.74,37478.11,37752415504.43,735040010633.15
Bitcoin,11/25/2023,11/26/2023,37711.07,37868.05,37598.72,37785.84,69914110442.13,738197810721.73
Bitcoin,11/24/2023,11/25/2023,37294.24,38378.84,37262.01,37710.8,63980426347.32,735907159356.46
Bitcoin,11/23/2023,11/24/2023,37405.3,37635.03,36912.95,37294.4,81239924209.88,729535946714.80
Bitcoin,11/22/2023,11/23/2023,35769.16,37799.92,35769.16,37448.77,106062673922.06,716625387478.74
Bitcoin,11/21/2023,11/22/2023,37448.81,37602.23,35942.19,35942.19,84297006475.50,725844949530.42
Bitcoin,11/20/2023,11/21/2023,37349.99,37715.45,36907.91,37465.89,60307893596.78,728822464072.63
Bitcoin,11/19/2023,11/20/2023,36566.86,37480.34,36400.01,37388.51,40323738067.77,716127337160.63
Bitcoin,11/18/2023,11/19/2023,36621.91,36807.23,36228.17,36559.41,65233267011.32,713204236065.78
Bitcoin,11/17/2023,11/18/2023,36166.13,36671.18,35941.81,36514.01,89470470460.94,710576228450.11
Bitcoin,11/16/2023,11/17/2023,37857.91,37869.84,35547.05,36223.54,101367468658.63,721967490104.16
Bitcoin,11/15/2023,11/16/2023,35551.22,37863.66,35390.38,37863.66,86986645724.88,708393701396.62
Bitcoin,11/14/2023,11/15/2023,36466.8,36733.34,35150.03,35540.04,73074282460.80,707837497107.74
Bitcoin,11/13/2023,11/14/2023,37064.08,37337.76,36414.24,36531.68,52369620884.68,720422316732.68
Bitcoin,11/12/2023,11/13/2023,37132.82,37206.05,36754.31,37035.03,51910456415.11,724387347104.63
Bitcoin,11/11/2023,11/12/2023,37291.12,37396.29,36788.62,37082.17,76722189582.73,724301433314.93
Bitcoin,11/10/2023,11/11/2023,36690.24,37445.02,36389.43,37321.14,122320956786.25,721663544725.99
Bitcoin,11/9/2023,11/10/2023,35620.89,37896.08,35586.65,36775.23,107959561594.66,714919296037.54
Bitcoin,11/8/2023,11/9/2023,35403.49,35899.37,35161.17,35680.29,74213990138.80,691478402764.66
Bitcoin,11/7/2023,11/8/2023,35041.66,35853.1,34567.74,35423.24,60331832973.89,683059571154.04
Bitcoin,11/6/2023,11/7/2023,35011.91,35276.36,34738.19,35019.43,63144740589.33,683663175431.05
Bitcoin,11/5/2023,11/6/2023,35062.06,35311.03,34604.42,35022.44,43093136541.48,684411278696.21
Bitcoin,11/4/2023,11/5/2023,34716.8,35208.5,34593.44,35019.68,55955346234.71,679031841967.51
Bitcoin,11/3/2023,11/4/2023,34929.22,34929.22,34130.74,34730.03,79432467912.07,674413528540.35
Bitcoin,11/2/2023,11/3/2023,35421.42,35882.72,34455.34,34918.05,99037559847.03,686523360276.59
Bitcoin,11/1/2023,11/2/2023,34642.97,35517.42,34191.59,35428.26,69941173386.40,675547794651.44
Bitcoin,10/31/2023,11/1/2023,34474.74,34664.97,34089.59,34650.03,63716251715.01,671545109490.73
Bitcoin,10/30/2023,10/31/2023,34522.35,34826.34,34081.95,34486.77,52507686363.28,672583464610.00
Bitcoin,10/29/2023,10/30/2023,34082,34716.85,33958.65,34535.58,36770834872.50,669819697224.21
Bitcoin,10/28/2023,10/29/2023,33892.03,34389.96,33862.69,34088.4,54952706849.69,665584240907.94
Bitcoin,10/27/2023,10/28/2023,34151.63,34245,33439.18,33910.02,68530016598.57,663156929975.32
Bitcoin,10/26/2023,10/27/2023,34494.38,34800.64,33770.04,34148.86,86077807428.65,670335137320.51
Bitcoin,10/25/2023,10/26/2023,33915.21,35096.27,33786,34464.23,121054277086.50,670279091543.04
Bitcoin,10/24/2023,10/25/2023,33062.93,34986.96,32879.2,33856,173333705633.48,665645055283.76
Bitcoin,10/23/2023,10/24/2023,29989.04,34063.21,29892.17,32941.46,59300815030.29,603210099542.85
Bitcoin,10/22/2023,10/23/2023,29909.78,30162.17,29747.9,29965.01,42841417581.45,583879900870.27
Bitcoin,10/21/2023,10/22/2023,29669.08,30205.02,29470.81,29894.16,54234859743.90,581554496900.24
Bitcoin,10/20/2023,10/21/2023,28717.81,30023.31,28594.81,29665.02,64765591151.93,574373641571.79
Bitcoin,10/19/2023,10/20/2023,28320.02,28865.26,28183.07,28695.97,43605092992.99,555871255246.16
Bitcoin,10/18/2023,10/19/2023,28395.92,28794.04,28190.5,28322.73,52104621440.45,554307620710.20
Bitcoin,10/17/2023,10/18/2023,28500.82,28596.46,28117.74,28407.42,75291272170.24,554009555647.05
Bitcoin,10/16/2023,10/17/2023,27154.1,29291.74,27124.05,28502.1,46414178107.85,544604882908.08
Bitcoin,10/15/2023,10/16/2023,26852.47,27271.37,26823.21,27146.62,20894691266.87,525681704687.38
Bitcoin,10/14/2023,10/15/2023,26862,26968.05,26807.54,26858.7,29481994960.54,524553850179.12
Bitcoin,10/13/2023,10/14/2023,26759.66,27055.95,26697.05,26841.72,28991540610.03,523287271812.13
Bitcoin,10/12/2023,10/13/2023,26876.31,26928.73,26577.4,26738.45,27178555016.76,522248626257.85
Bitcoin,10/11/2023,10/12/2023,27389.13,27467.7,26548.13,26844.46,26211489297.73,527084957372.60
Bitcoin,10/10/2023,10/11/2023,27588.85,27707.75,27302.72,27390.34,25715370675.65,536966444778.40
Bitcoin,10/9/2023,10/10/2023,27917.01,27974.95,27299.96,27584.1,23156001098.39,539897756919.49
Bitcoin,10/8/2023,10/9/2023,27956.63,28094.99,27737.73,27932.44,16818867481.39,544600269628.47
Bitcoin,10/7/2023,10/8/2023,27933.78,28013.81,27865,27958.62,26085716212.14,544805188638.19
Bitcoin,10/6/2023,10/7/2023,27409.84,28224.97,27247.64,27933,24229756760.49,540409148707.06
Bitcoin,10/5/2023,10/6/2023,27785.52,28071.45,27374.37,27422.6,19688560916.88,539004799814.67
Bitcoin,10/4/2023,10/5/2023,27427.28,27819.83,27255.35,27778.6,22165383914.42,536685995898.52
Bitcoin,10/3/2023,10/4/2023,27497.49,27663.53,27254.73,27419.23,31238180718.99,536028511381.03
Bitcoin,10/2/2023,10/3/2023,27991.07,28478.97,27374.23,27609.13,31522159982.00,546920722977.03
Bitcoin,10/1/2023,10/2/2023,26962.53,27993.9,26962.53,27978.1,18834874003.38,529776807474.72
Bitcoin,9/30/2023,10/1/2023,26906.99,27080.82,26886.87,26967.11,21798932201.41,525844162485.25
Bitcoin,9/29/2023,9/30/2023,27021.39,27229.29,26702.95,26910.69,33574434386.89,525633916400.99
Bitcoin,9/28/2023,9/29/2023,26370.33,27234.96,26330.72,27020.31,28973213250.91,520205740020.18
Bitcoin,9/27/2023,9/28/2023,26214.89,26808.54,26172.5,26368.04,28486091576.22,513326391607.79
Bitcoin,9/26/2023,9/27/2023,26304.75,26386.51,26124.07,26217.38,30801411868.85,511684910238.29
Bitcoin,9/25/2023,9/26/2023,26251.64,26419.98,26029.07,26308.45,29729980167.38,510829342057.54
Bitcoin,9/24/2023,9/25/2023,26575.97,26708.73,26238.82,26254.11,20558845366.82,517708761935.16
Bitcoin,9/23/2023,9/24/2023,26580.1,26632.75,26524.9,26580.66,27485516874.36,518045955547.94
Bitcoin,9/22/2023,9/23/2023,26568.52,26732.63,26497.45,26577.61,32770883855.78,518699551941.51
Bitcoin,9/21/2023,9/22/2023,27124.97,27138.3,26417.87,26556.98,34716136791.04,521954128128.89
Bitcoin,9/20/2023,9/21/2023,27207.59,27345.79,26841.64,27121.84,35651837898.50,528617797119.53
Bitcoin,9/19/2023,9/20/2023,26769.19,27461.08,26676.36,27211.2,35841784789.78,527080219028.35
Bitcoin,9/18/2023,9/19/2023,26527.97,27395.71,26414.75,26738.74,27436417976.25,523339571933.37
Bitcoin,9/17/2023,9/18/2023,26568.29,26610.11,26430.05,26531.4,21150829669.14,516935994451.27
Bitcoin,9/16/2023,9/17/2023,26599.99,26721.89,26463.28,26553.13,27388016401.92,517530931980.34
Bitcoin,9/15/2023,9/16/2023,26519.97,26809.85,26239.05,26627.69,35408599194.73,516415192023.04
Bitcoin,9/14/2023,9/15/2023,26222.03,26730.83,26167.49,26528.22,36186355265.61,515109962336.33
Bitcoin,9/13/2023,9/14/2023,25840.05,26374.39,25798.88,26222.02,37825897072.18,508279725840.02
Bitcoin,9/12/2023,9/13/2023,25163.36,26414.35,25134.82,25854.29,42840517079.96,504104292061.40
Bitcoin,9/11/2023,9/12/2023,25841.6,25892.75,25003.54,25143.63,29801839901.32,496841869705.67
Bitcoin,9/10/2023,9/11/2023,25901.56,25972.62,25664.19,25841.65,21349405286.81,503000805783.93
Bitcoin,9/9/2023,9/10/2023,25910.5,25913.72,25817.18,25893.13,24554544142.31,504028139318.96
Bitcoin,9/8/2023,9/9/2023,26250.82,26382.02,25725.47,25910.51,33843759090.17,506945110609.47
Bitcoin,9/7/2023,9/8/2023,25763.81,26404.77,25623.99,26200.96,32365378916.37,503240784747.36
Bitcoin,9/6/2023,9/7/2023,25787.14,25902.13,25491.64,25771.63,30959639752.49,501124791110.66
Bitcoin,9/5/2023,9/6/2023,25826.01,25839.59,25573.33,25788.7,30714818703.13,501315384711.03
Bitcoin,9/4/2023,9/5/2023,25971.21,26051.36,25677.71,25824.15,25975859563.72,504439876869.39
Bitcoin,9/3/2023,9/4/2023,25869.49,26057.27,25830.07,25980.6,24866987152.25,504671563347.34
Bitcoin,9/2/2023,9/3/2023,25807.03,25945.99,25760.02,25856.93,35653785452.95,502904177190.19
Bitcoin,9/1/2023,9/2/2023,25939.29,26131.86,25400.9,25816.57,44378083351.50,504328420364.90
Bitcoin,8/31/2023,9/1/2023,27300,27442.53,25827.45,25936.45,37305394162.03,523082089827.27
Bitcoin,8/30/2023,8/31/2023,27717.79,27740.45,27084.15,27316.23,51363304984.50,532441419168.91
Bitcoin,8/29/2023,8/30/2023,26109.62,28005.42,25923.02,27718.23,40345124416.27,519784161083.70
Bitcoin,8/28/2023,8/29/2023,26101.82,26184.91,25898.04,26127.89,27605641627.41,506732283967.04
Bitcoin,8/27/2023,8/28/2023,26017.38,26170.03,25977.71,26088.38,21529918739.32,507375403098.13
Bitcoin,8/26/2023,8/27/2023,26060.01,26097.73,26000.22,26021.02,28243499438.61,506836660617.74
Bitcoin,8/25/2023,8/26/2023,26180.06,26237.92,25833.57,26058.22,34117409477.10,507043726577.32
Bitcoin,8/24/2023,8/25/2023,26436.94,26556.64,25964.98,26141.53,48815596296.27,511715496826.74
Bitcoin,8/23/2023,8/24/2023,26054.99,26778.01,25805.06,26417.4,49275817829.87,509420434966.29
Bitcoin,8/22/2023,8/23/2023,26126.91,26134.05,25593.79,26048.09,42756138356.15,505723067759.43
Bitcoin,8/21/2023,8/22/2023,26190.02,26201.86,25879.48,26123.45,38975374893.65,507355969948.57
Bitcoin,8/20/2023,8/21/2023,26099.96,26267.33,26002.03,26180,36245031610.36,508436480907.13
Bitcoin,8/19/2023,8/20/2023,26046.94,26253.26,25814.25,26090.63,47720925652.83,506054025632.45
Bitcoin,8/18/2023,8/19/2023,26633.29,26784.23,25721.53,26058.26,70305042457.38,511539286686.33
Bitcoin,8/17/2023,8/18/2023,28730.48,28768.44,25458.37,26610.04,48279108356.57,548383686140.47
Bitcoin,8/16/2023,8/17/2023,29199.99,29257.43,28736.49,28736.49,39579849070.83,566341141564.46
Bitcoin,8/15/2023,8/16/2023,29430.92,29454.28,29121.17,29200.8,43364283059.20,570578134007.63
Bitcoin,8/14/2023,8/15/2023,29303.8,29686.03,29162.07,29430.95,38887388743.10,571833187775.14
Bitcoin,8/13/2023,8/14/2023,29430.21,29466.51,29281.72,29285.11,30174102462.55,571529989273.77
Bitcoin,8/12/2023,8/13/2023,29426.01,29475.29,29353.95,29430.07,30446735213.65,572021738495.10
Bitcoin,8/11/2023,8/12/2023,29460.02,29542.01,29291.04,29426.01,35066540604.27,571915698208.57
Bitcoin,8/10/2023,8/11/2023,29582.01,29709.96,29379.58,29455.74,42722831077.69,573876771112.14
Bitcoin,8/9/2023,8/10/2023,29770.45,30071.63,29414.98,29596.9,47813268906.89,577780307177.78
Bitcoin,8/8/2023,8/9/2023,29211.19,30127.05,29128.81,29766.72,46336322796.32,572856290820.81
Bitcoin,8/7/2023,8/8/2023,29036.98,29276.77,28781.8,29206.01,39697415731.34,565607029590.34
Bitcoin,8/6/2023,8/7/2023,29072.16,29199.94,28980.12,29086.65,38729991966.56,565218775537.44
Bitcoin,8/5/2023,8/6/2023,29113.96,29142.06,28987.39,29074.55,37921384456.93,565045600022.73
Bitcoin,8/4/2023,8/5/2023,29193.68,29309.66,28926.04,29113.38,43120949289.06,567136034604.26
Bitcoin,8/3/2023,8/4/2023,29186.62,29398.24,29016.2,29198.33,49303661951.76,567619681978.80
Bitcoin,8/2/2023,8/3/2023,29728.91,29989.7,29011.99,29151.7,57813137209.89,572528715893.90
Bitcoin,8/1/2023,8/2/2023,29232.21,29629.24,28778.21,29629.24,41476655137.66,564261661935.77
Bitcoin,7/31/2023,8/1/2023,29281.11,29496.64,29134.91,29225.93,34473874341.54,570306936541.40
Bitcoin,7/30/2023,7/31/2023,29352.92,29442.05,29105.61,29273.9,26527782640.37,569680592070.24
Bitcoin,7/29/2023,7/30/2023,29314.14,29397.16,29264.46,29356.22,33505804261.51,569973319773.73
Bitcoin,7/28/2023,7/29/2023,29223.13,29510.07,29126.05,29318.62,40630461680.25,568810710723.03
Bitcoin,7/27/2023,7/28/2023,29351.94,29555.75,29100.73,29209.65,40359155098.19,570512842026.22
Bitcoin,7/26/2023,7/27/2023,29228.92,29661.48,29131.02,29349.52,36684978218.69,569058754420.13
Bitcoin,7/25/2023,7/26/2023,29176.47,29330.03,29053.27,29242.03,46108542236.49,567064826055.94
Bitcoin,7/24/2023,7/25/2023,30083.78,30087.98,28945.6,29186.08,46518560674.52,571991945821.74
Bitcoin,7/23/2023,7/24/2023,29789.01,30293.98,29747.48,30060.75,36606729312.60,581912771928.36
Bitcoin,7/22/2023,7/23/2023,29928.99,29983.83,29666.39,29747.98,38410865688.97,580692469493.21
Bitcoin,7/21/2023,7/22/2023,29800.04,30033.23,29739.3,29907.92,47562439772.25,580220370567.92
Bitcoin,7/20/2023,7/21/2023,29912.65,30402.45,29666.01,29796.85,47908295010.87,582846387482.04
Bitcoin,7/19/2023,7/20/2023,29859.98,30186.26,29824.37,29932.56,49127238220.73,582424967836.85
Bitcoin,7/18/2023,7/19/2023,30137.98,30222.53,29690.01,29845.47,52366327829.59,581710935371.71
Bitcoin,7/17/2023,7/18/2023,30231.96,30326.33,29688.98,30158.01,41603914425.36,586192002159.60
Bitcoin,7/16/2023,7/17/2023,30284.33,30428.06,30119.99,30221.07,36815642791.17,588443827219.67
Bitcoin,7/15/2023,7/16/2023,30312.04,30367.38,30256.05,30275.68,56398543696.15,588792035601.92
Bitcoin,7/14/2023,7/15/2023,31449.98,31524.82,29921.99,30305.65,70743478140.06,602507765700.45
Bitcoin,7/13/2023,7/14/2023,30382.03,31706.1,30266.65,31446.3,55140363178.26,596630194125.06
Bitcoin,7/12/2023,7/13/2023,30623.87,30854.05,30246.39,30383.85,49193798707.98,594063600634.04
Bitcoin,7/11/2023,7/12/2023,30411.58,30744.04,30367.87,30621.56,55082664538.74,592578723939.27
Bitcoin,7/10/2023,7/11/2023,30160.66,30974.05,30017.17,30398.1,37039586820.61,587811665589.80
Bitcoin,7/9/2023,7/10/2023,30284.66,30388.05,30085.13,30164.49,30981638245.97,587722263361.63
Bitcoin,7/8/2023,7/9/2023,30339.11,30372.48,30056.53,30269.02,37162038664.06,586871557104.18
Bitcoin,7/7/2023,7/8/2023,29904.52,30410.86,29826.18,30320.04,56105326561.63,586171500250.70
Bitcoin,7/6/2023,7/7/2023,30506.77,31383.97,29949.46,29970.05,51010320012.00,592491209173.76
Bitcoin,7/5/2023,7/6/2023,30781.87,30871.37,30223.32,30502.92,40591508671.73,594090266062.22
Bitcoin,7/4/2023,7/5/2023,31148.88,31319.97,30679.97,30771.96,47297252077.91,601651569201.19
Bitcoin,7/3/2023,7/4/2023,30616.98,31332.23,30581.51,31154.04,48678782073.22,598522185540.69
Bitcoin,7/2/2023,7/3/2023,30591.71,30763.31,30263.48,30623.76,40401576623.85,592961262496.03
Bitcoin,7/1/2023,7/2/2023,30473.99,30633.95,30337.18,30589.05,60787752400.33,592434356996.76
Bitcoin,6/30/2023,7/1/2023,30445.96,31207.96,29868.71,30492.03,62614310901.00,593544082087.18
Bitcoin,6/29/2023,6/30/2023,30077.44,30774.94,30077.44,30459.1,50980130909.54,590214626897.99
Bitcoin,6/28/2023,6/29/2023,30692.45,30692.45,29992.58,30084.01,53570321008.22,588082306247.50
Bitcoin,6/27/2023,6/28/2023,30265.01,30967.27,30238.02,30709.78,55136086604.77,592493194819.14
Bitcoin,6/26/2023,6/27/2023,30462.68,30637.24,30010.62,30273.8,50540549431.42,587700179912.51
Bitcoin,6/25/2023,6/26/2023,30527.39,31039.74,30311.24,30457.7,63108148385.74,594243523906.10
Bitcoin,6/24/2023,6/25/2023,30681.32,30787,30313.99,30540.55,62026836506.96,594264295560.33
Bitcoin,6/23/2023,6/24/2023,29887.61,31392.97,29853.89,30605.59,59627137330.02,588824363402.68
Bitcoin,6/22/2023,6/23/2023,29993.95,30474.35,29672.52,29903.56,68752955862.89,584251464014.36
Bitcoin,6/21/2023,6/22/2023,28300.69,30658.07,28260.92,30059.71,73009173801.90,568630366016.25
Bitcoin,6/20/2023,6/21/2023,26842.25,28371.02,26669.03,28371.02,57466425343.56,527833461097.66
Bitcoin,6/19/2023,6/20/2023,26341.31,26968.04,26327.58,26781.82,50484604860.83,514394026109.64
Bitcoin,6/18/2023,6/19/2023,26516.99,26650.68,26339.43,26339.43,44235157758.61,514476561479.99
Bitcoin,6/17/2023,6/18/2023,26323.02,26761.39,26195.36,26520.01,48909874801.03,513792984872.30
Bitcoin,6/16/2023,6/17/2023,25577.08,26446.78,25346.71,26342.59,46740197622.61,500194067544.69
Bitcoin,6/15/2023,6/16/2023,25129.87,25709.31,24876.67,25585.43,54687742282.47,487487715623.44
Bitcoin,6/14/2023,6/15/2023,25937.62,26046.27,24878.78,25119.91,41541284759.72,500964238263.89
Bitcoin,6/13/2023,6/14/2023,25905.22,26300.08,25760.04,25910.03,33776625527.25,504195980266.33
Bitcoin,6/12/2023,6/13/2023,25925.52,26081.61,25662.95,25887.59,30185723237.09,501835679491.85
Bitcoin,6/11/2023,6/12/2023,25841.23,26147.84,25676.59,25920.86,33005050373.75,501130360397.70
Bitcoin,6/10/2023,6/11/2023,26477.83,26500.5,25491.91,25842.84,35817729266.90,500979517674.53
Bitcoin,6/9/2023,6/10/2023,26498.65,26766.28,26325.91,26489.46,28810046995.99,514321122382.38
Bitcoin,6/8/2023,6/9/2023,26339.39,26762.75,26235.14,26493.46,38032640682.02,513279976731.43
Bitcoin,6/7/2023,6/8/2023,27228.42,27316.85,26141.01,26359.59,53761231440.18,517443923703.30
Bitcoin,6/6/2023,6/7/2023,25719.14,27278.06,25438.67,27200.04,65312954000.08,506196579497.55
Bitcoin,6/5/2023,6/6/2023,27118.77,27123.39,25447.67,25730.52,32867575805.41,512776880755.32
Bitcoin,6/4/2023,6/5/2023,27069.26,27384.43,26978.5,27104.41,20025947766.25,526692179664.44
Bitcoin,6/3/2023,6/4/2023,27242.63,27312.03,26953.53,27060.8,25349430520.08,526283389099.23
Bitcoin,6/2/2023,6/3/2023,26803.74,27282.22,26613.13,27232.85,35087665767.58,524611917971.91
Bitcoin,6/1/2023,6/2/2023,27210.4,27318.18,26675.26,26806.98,42554800303.57,521523344211.11
Bitcoin,5/31/2023,6/1/2023,27695.26,27801.93,26887.81,27225.77,43491511607.76,527400576073.58
Bitcoin,5/30/2023,5/31/2023,27736.42,28029.57,27606.93,27682.8,41474538361.70,538558937672.88
Bitcoin,5/29/2023,5/30/2023,28064.96,28414.86,27552.62,27742.37,44846635563.83,540158837375.51
Bitcoin,5/28/2023,5/29/2023,26854.22,28152.5,26789.26,28100.31,31845491760.86,529379895050.01
Bitcoin,5/27/2023,5/28/2023,26708.84,26856.33,26625.75,26850.79,33362464053.91,517941877652.00
Bitcoin,5/26/2023,5/27/2023,26473.75,26906.52,26346.46,26703.21,38658379622.99,515026078009.43
Bitcoin,5/25/2023,5/26/2023,26327.73,26545.21,25963.53,26474.02,44567095438.13,509747248577.87
Bitcoin,5/24/2023,5/25/2023,27222.41,27222.41,26114.01,26336.63,40737436097.31,515778147295.29
Bitcoin,5/23/2023,5/24/2023,26849.25,27428.93,26818.07,27222.75,40046492709.70,527654806665.46
Bitcoin,5/22/2023,5/23/2023,26747.74,27037.83,26550.6,26851.39,34482945419.56,519486648517.66
Bitcoin,5/21/2023,5/22/2023,27102.42,27243.28,26692.48,26751.47,27719241989.02,522698670214.59
Bitcoin,5/20/2023,5/21/2023,26887.36,27140.86,26830.22,27110.53,30302265352.19,521718469628.56
Bitcoin,5/19/2023,5/20/2023,26821.27,27075.81,26697.43,26866.88,41793335947.11,520525326129.11
Bitcoin,5/18/2023,5/19/2023,27402.25,27453.44,26486.01,26837.94,41573965977.42,526110267532.91
Bitcoin,5/17/2023,5/18/2023,27033.81,27454.75,26595.46,27402.68,37629253644.85,523260054098.46
Bitcoin,5/16/2023,5/17/2023,27158.66,27289.16,26891.41,27025.77,40497901164.24,524366679460.96
Bitcoin,5/15/2023,5/16/2023,26917.59,27613.4,26754.32,27192.17,37348844276.96,529319393415.11
Bitcoin,5/14/2023,5/15/2023,26785.6,27136.65,26676.47,26906.17,29639040680.71,520251757413.61
Bitcoin,5/13/2023,5/14/2023,26795.03,27001.34,26705.35,26789.06,40647617509.48,519333627756.22
Bitcoin,5/12/2023,5/13/2023,26968.6,27040.19,25954.76,26791.96,43744424343.66,513065364854.40
Bitcoin,5/11/2023,5/12/2023,27598.8,27598.8,26768.01,27002.28,44668385236.16,528179365770.91
Bitcoin,5/10/2023,5/11/2023,27629.96,28286.57,26961.57,27624.54,34700286569.89,536922863460.42
Bitcoin,5/9/2023,5/10/2023,27667.26,27793.76,27376.73,27636.66,34969252717.33,534423621123.21
Bitcoin,5/8/2023,5/9/2023,28417.98,28618.11,27302.45,27692.99,33614293268.86,540592726872.52
Bitcoin,5/7/2023,5/8/2023,28848.17,29083.71,28443.05,28443.05,40216391712.32,559169784125.94
Bitcoin,5/6/2023,5/7/2023,29505.92,29780.05,28448.22,28864.28,40344744907.06,563616662040.45
Bitcoin,5/5/2023,5/6/2023,28852.74,29644.95,28841.55,29529.67,43017299152.04,566599362804.95
Bitcoin,5/4/2023,5/5/2023,29022.13,29318.82,28699.19,28820.66,47257826842.83,561000883445.38
Bitcoin,5/3/2023,5/4/2023,28669.84,29029.98,28180.2,28998.8,41130373589.54,551947636833.99
Bitcoin,5/2/2023,5/3/2023,28067.12,28816.42,27922.17,28639.58,41539767591.93,546995125891.73
Bitcoin,5/1/2023,5/2/2023,29190.79,29327.75,27688.46,28084.46,42366560274.00,550315593958.15
Bitcoin,4/30/2023,5/1/2023,29230.49,29885.46,29096.96,29310.54,27347809352.97,567814049973.58
Bitcoin,4/29/2023,4/30/2023,29308.51,29425.02,29102.87,29216.77,35569645613.98,566900082127.05
Bitcoin,4/28/2023,4/29/2023,29472.8,29554.57,28950.85,29327.11,53508501339.69,567680431946.09
Bitcoin,4/27/2023,4/28/2023,28415.25,29871.99,28396.49,29467.27,81413627959.42,564081499107.81
Bitcoin,4/26/2023,4/27/2023,28297.81,29965.49,27425.67,28376.59,56297075746.65,558030383101.39
Bitcoin,4/25/2023,4/26/2023,27521.63,28355.86,27228.11,28326.83,39732646597.85,532747681271.74
Bitcoin,4/24/2023,4/25/2023,27589.73,27967.05,27121.8,27529.2,35895796356.70,531935359800.52
Bitcoin,4/23/2023,4/24/2023,27818.83,27818.83,27400.17,27588.57,30210186537.38,533490579365.28
Bitcoin,4/22/2023,4/23/2023,27262.87,27853.24,27177.26,27820.65,47864133704.02,530552354252.31
Bitcoin,4/21/2023,4/22/2023,28240.35,28350.29,27219.2,27274.5,49218915740.33,540774861123.62
Bitcoin,4/20/2023,4/21/2023,28809.24,29049.45,28045.06,28267.17,53219109539.06,554542462364.49
Bitcoin,4/19/2023,4/20/2023,30380.05,30388.94,28688.75,28804.98,48529605625.79,572032276461.80
Bitcoin,4/18/2023,4/19/2023,29449.25,30433.47,29199.07,30366.57,39843195656.02,579364546927.29
Bitcoin,4/17/2023,4/18/2023,30307.41507,30307.818,29300.46929,29413.96,34544991065.91,574596384111.75
Bitcoin,4/16/2023,4/17/2023,30295.10993,30527.17137,30168.22514,30304.87458,23471438594.09,586317822144.91
Bitcoin,4/15/2023,4/16/2023,30467.8083,30516.7957,30248.08281,30297.83114,36823809590.20,587525703000.79
Bitcoin,4/14/2023,4/15/2023,30380.7126,30955.8686,30031.6626,30478.2924,48071259453.55,591561626361.89
Bitcoin,4/13/2023,4/14/2023,29883.2295,30503.8516,29859.8417,30359.5812,42898213070.22,584313346519.86
Bitcoin,4/12/2023,4/13/2023,30203.7818,30430.8475,29765.2501,29877.41774,44412758279.11,580001388589.26
Bitcoin,4/11/2023,4/12/2023,29661.4333,30442.47423,29594.4637,30230.0732,52751133603.56,582020706637.13
Bitcoin,4/10/2023,4/11/2023,28323.77217,29733.0392,28201.6388,29609.8284,32725716693.33,553008557610.54
Bitcoin,4/9/2023,4/10/2023,27938.3767,28477.6188,27816.61309,28321.8616,22993951733.30,541632589980.02
Bitcoin,4/8/2023,4/9/2023,27909.609,28144.54684,27859.966,27934.0372,23392038627.56,541206866592.79
Bitcoin,4/7/2023,4/8/2023,28033.8221,28097.962,27814.97206,27902.2577,28396556743.11,540130226454.92
Bitcoin,4/6/2023,4/7/2023,28174.1065,28174.1065,27763.8743,28019.7398,35275760576.00,541545451950.09
Bitcoin,4/5/2023,4/6/2023,28161.7377,28681.0547,27893.4447,28176.3891,36576587882.67,548141417557.12
Bitcoin,4/4/2023,4/5/2023,27807.76834,28405.3989,27695.2783,28149.6814,41025798293.33,542770865100.34
Bitcoin,4/3/2023,4/4/2023,28170.7772,28427.7346,27405.98121,27761.45867,36019258148.57,540997156325.64
Bitcoin,4/2/2023,4/3/2023,28452.74021,28515.9436,27879.0548,28188.1801,26115369180.44,546545395523.20
Bitcoin,4/1/2023,4/2/2023,28467.88285,28789.4078,28305.2465,28464.81402,36557108999.11,549874502571.93
Bitcoin,3/31/2023,4/1/2023,28028.48413,28614.0378,27663.05039,28467.19663,45077223850.67,545063208146.84
Bitcoin,3/30/2023,3/31/2023,28348.5437,29156.3807,27774.748,28031.5952,46258179086.22,548528340131.34
Bitcoin,3/29/2023,3/30/2023,27266.6718,28586.0011,27252.7029,28370.7692,42482154097.78,542795846137.71
Bitcoin,3/28/2023,3/29/2023,27131.2072,27446.1624,26676.9503,27259.2207,43061233763.56,522329667012.42
Bitcoin,3/27/2023,3/28/2023,27970.49883,28016.6155,26698.4797,27157.5701,34642356202.67,532354929071.13
Bitcoin,3/26/2023,3/27/2023,27493.601,28139.20798,27430.9137,27983.58903,27111362645.73,536640423785.80
Bitcoin,3/25/2023,3/26/2023,27450.90702,27747.3921,27183.6656,27464.6126,42315985685.33,531265909343.46
Bitcoin,3/24/2023,3/25/2023,28296.5687,28356.28282,27110.4536,27415.93409,48378495416.89,540177679625.87
Bitcoin,3/23/2023,3/24/2023,27261.75281,28619.4139,27156.7906,28318.2186,59835056099.56,536320017584.86
Bitcoin,3/22/2023,3/23/2023,28123.81235,28706.6413,26718.214,27273.8081,62381365930.67,541375093964.32
Bitcoin,3/21/2023,3/22/2023,27723.8116,28399.7677,27344.4061,28119.54921,75753121152.00,539483596256.55
Bitcoin,3/20/2023,3/21/2023,27960.5165,28431.5567,27167.99497,27688.0737,81159326336.00,537935367894.13
Bitcoin,3/19/2023,3/20/2023,26900.8707,28330.03813,26849.0627,27911.812,59951376540.44,529721115709.37
Bitcoin,3/18/2023,3/19/2023,27388.766,27635.6631,26820.13702,26891.62797,87183454008.89,527950364349.39
Bitcoin,3/17/2023,3/18/2023,24998.6655,27710.0166,24899.2568,27310.1766,84113368149.33,507748170236.37
Bitcoin,3/16/2023,3/17/2023,24286.70022,25107.0673,24182.3388,25011.182,92591547937.90,476135191318.01
Bitcoin,3/15/2023,3/16/2023,24694.4961,25026.9871,23970.29721,24276.66589,97610468465.78,475086379194.40
Bitcoin,3/14/2023,3/15/2023,24110.2102,26263.9676,24013.12302,24694.6951,94466753002.37,478478193602.11
Bitcoin,3/13/2023,3/14/2023,21996.35382,24342.77464,21828.19362,24063.56245,81743296619.79,443502290103.11
Bitcoin,3/12/2023,3/13/2023,20452.2228,21952.79781,20288.5161,21952.79781,44270891662.22,397881115415.69
Bitcoin,3/11/2023,3/12/2023,20152.93496,20633.2632,19806.0233,20494.9368,65553563733.33,390472436091.41
Bitcoin,3/10/2023,3/11/2023,20370.0069,20370.0069,19596.8698,20133.73982,71847249598.89,385553081557.04
Bitcoin,3/9/2023,3/10/2023,21704.00142,21802.77142,20216.5488,20355.8604,45238575974.58,413719376410.55
Bitcoin,3/8/2023,3/9/2023,22197.6588,22277.2811,21660.4812,21692.94463,47170430250.22,425862967746.37
Bitcoin,3/7/2023,3/8/2023,22402.4204,22501.16706,21988.52287,22195.0144,35188296874.67,429737363970.33
Bitcoin,3/6/2023,3/7/2023,22428.6582,22584.5227,22333.2367,22409.4946,27238556224.00,430778434349.01
Bitcoin,3/5/2023,3/6/2023,22347.03072,22609.38677,22265.291,22434.9936,24779491797.33,430826732751.94
Bitcoin,3/4/2023,3/5/2023,22354.893,22397.6782,22188.8327,22339.03801,31121925016.53,429116877657.15
Bitcoin,3/3/2023,3/4/2023,23466.6755,23466.6755,22190.8158,22333.7667,49445760675.56,430799147034.74
Bitcoin,3/2/2023,3/3/2023,23638.9824,23739.2218,23234.9795,23465.2689,41566999708.44,450217267179.30
Bitcoin,3/1/2023,3/2/2023,23126.84311,23867.99,23046.3779,23659.4001,43583459057.78,453363447590.94
Bitcoin,2/28/2023,3/1/2023,23495.24032,23579.3235,23065.74238,23139.07679,42623345223.11,449210196172.26
Bitcoin,2/27/2023,2/28/2023,23556.2553,23876.8245,23174.93017,23508.2647,37836599964.44,450621818516.83
Bitcoin,2/26/2023,2/27/2023,23164.8803,23657.08022,23068.1735,23531.2037,30763870151.11,446966838419.86
Bitcoin,2/25/2023,2/26/2023,23190.4354,23200.5083,22828.3886,23170.0132,43845686168.53,442894868631.20
Bitcoin,2/24/2023,2/25/2023,23938.3238,24105.2257,22959.57221,23197.7565,52740902471.11,454127796081.11
Bitcoin,2/23/2023,2/24/2023,24189.6192,24582.6995,23674.5002,23949.1025,58942510065.78,463640412591.97
Bitcoin,2/22/2023,2/23/2023,24453.2537,24466.1821,23611.2474,24192.9805,68682894492.44,461519695015.20
Bitcoin,2/21/2023,2/22/2023,24840.3916,25099.5248,24175.3831,24426.1719,56920857216.00,474555205020.63
Bitcoin,2/20/2023,2/21/2023,24295.4446,25051.76752,23907.48416,24797.2219,57637586702.22,473848612799.30
Bitcoin,2/19/2023,2/20/2023,24632.5653,25115.7876,24323.5789,24332.2815,39183466296.89,473530579189.82
Bitcoin,2/18/2023,2/19/2023,24566.9638,24816.00713,24458.9452,24644.0369,77159018993.78,472949167336.40
Bitcoin,2/17/2023,2/18/2023,23549.9584,24978.7723,23540.3108,24558.3155,90976381553.78,461494428237.81
Bitcoin,2/16/2023,2/17/2023,24331.04759,25188.2965,23531.7304,23531.7304,86355573589.33,472944068431.67
Bitcoin,2/15/2023,2/16/2023,22202.6563,24324.46403,22058.06124,24324.46403,74461915525.56,436286912096.11
Bitcoin,2/14/2023,2/15/2023,21773.52817,22263.51499,21611.94293,22200.0306,68706157127.11,420777950389.79
Bitcoin,2/13/2023,2/14/2023,21784.9464,21884.0971,21435.23949,21810.99049,61574705934.22,416589636079.05
Bitcoin,2/12/2023,2/13/2023,21864.4863,22087.18786,21676.75867,21753.75323,48142213404.44,420085157121.86
Bitcoin,2/11/2023,2/12/2023,21635.5236,21889.2509,21609.124,21865.7753,69262238051.56,416995412358.52
Bitcoin,2/10/2023,2/11/2023,21788.52851,21933.0975,21488.4665,21648.2846,98156502357.33,418380708288.81
Bitcoin,2/9/2023,2/10/2023,22961.8383,22984.0285,21754.61261,21799.18211,85459684181.33,433062290866.32
Bitcoin,2/8/2023,2/9/2023,23251.8694,23373.521,22719.144,22949.2132,78220219463.11,443882834565.15
Bitcoin,2/7/2023,2/8/2023,22756.372,23322.6114,22756.372,23261.2186,73192527388.44,441665444159.26
Bitcoin,2/6/2023,2/7/2023,22931.35882,23145.1318,22670.6895,22747.465,64529839445.33,440155573314.34
Bitcoin,2/5/2023,2/6/2023,23324.6017,23427.10098,22838.9586,22938.18469,50759004586.67,445705064700.01
Bitcoin,2/4/2023,2/5/2023,23431.6868,23565.3339,23282.52298,23315.8076,68664568348.44,449440662853.77
Bitcoin,2/3/2023,2/4/2023,23468.9785,23685.8328,23272.5314,23429.76,90857177059.56,451135790206.37
Bitcoin,2/2/2023,2/3/2023,23719.3791,24244.3654,23427.4962,23484.9488,95457905635.56,457606581414.68
Bitcoin,2/1/2023,2/2/2023,23130.9161,23767.4245,22826.0582,23706.0643,70420783232.00,445139551628.51
Bitcoin,1/31/2023,2/1/2023,22833.314,23223.475,22744.93,23153.2004,74707896120.89,441277755446.33
Bitcoin,1/30/2023,1/31/2023,23749.461,23786.6488,22672.98673,22814.4792,79832137386.67,447341538002.07
Bitcoin,1/29/2023,1/30/2023,23024.957,23926.159,22980.0444,23775.9829,60729082837.33,450311320776.17
Bitcoin,1/28/2023,1/29/2023,23071.4588,23180.18846,22896.0926,23007.4396,62781856583.11,442400933872.39
Bitcoin,1/27/2023,1/28/2023,23018.1861,23408.25482,22630.0293,23051.2708,74589340814.22,441867204640.35
Bitcoin,1/26/2023,1/27/2023,23075.99594,23241.72719,22890.2856,23007.8352,94982498161.78,443277697796.49
Bitcoin,1/25/2023,1/26/2023,22633.85278,23718.1854,22366.5718,23125.7229,82625725354.67,436292420539.40
Bitcoin,1/24/2023,1/25/2023,22917.8383,23150.6889,22569.1259,22614.65844,79571624078.22,441263614330.76
Bitcoin,1/23/2023,1/24/2023,22717.532,23139.66022,22667.965,22944.9201,73343525504.00,438704643177.67
Bitcoin,1/22/2023,1/23/2023,22777.8509,23052.145,22368.6486,22723.9532,79716701624.89,438227794320.40
Bitcoin,1/21/2023,1/22/2023,22667.3593,23304.14817,22506.41638,22751.6074,101033856768.00,439681601945.21
Bitcoin,1/20/2023,1/21/2023,21074.94553,22687.3555,20919.9508,22665.7507,64447751466.67,409361228122.50
Bitcoin,1/19/2023,1/20/2023,20669.59581,21157.11993,20666.8001,21082.0582,77983080988.44,400657798034.23
Bitcoin,1/18/2023,1/19/2023,21136.70788,21549.6846,20545.96973,20686.51042,58478858168.89,405901077389.21
Bitcoin,1/17/2023,1/18/2023,21183.01845,21443.70273,20959.50244,21157.18961,51515154112.00,407281986003.95
Bitcoin,1/16/2023,1/17/2023,20874.78748,21410.3251,20728.0661,21171.04828,60636932849.78,404248788951.31
Bitcoin,1/15/2023,1/16/2023,20951.2141,20995.26723,20577.7361,20856.05839,63212388593.78,399290962980.59
Bitcoin,1/14/2023,1/15/2023,19921.96716,21149.5971,19921.96716,20983.9756,105421992305.78,400016119807.22
Bitcoin,1/13/2023,1/14/2023,18851.0079,19975.9469,18732.6096,19913.72947,81808386801.78,366524446229.50
Bitcoin,1/12/2023,1/13/2023,17943.63093,19028.6547,17924.50069,18858.6646,72766611569.78,352447180923.39
Bitcoin,1/11/2023,1/12/2023,17439.74515,17939.3625,17333.66686,17939.3625,43812401706.67,335425060457.19
Bitcoin,1/10/2023,1/11/2023,17179.14283,17487.8535,17159.3098,17435.75165,45095406947.56,332210727772.86
Bitcoin,1/9/2023,1/10/2023,17114.08109,17390.39293,17114.08109,17194.77873,40370843456.00,331229579389.20
Bitcoin,1/8/2023,1/9/2023,16943.76168,17070.57451,16919.17723,17070.57451,21776089962.67,325634745856.44
Bitcoin,1/7/2023,1/8/2023,16951.15832,16974.4015,16909.74677,16944.5396,34306384469.33,325462473921.02
Bitcoin,1/6/2023,1/7/2023,16831.1192,17005.49708,16707.85103,16953.97207,34958072839.11,323401240878.46
Bitcoin,1/5/2023,1/6/2023,16852.13279,16877.1266,16781.4648,16828.8464,38960056725.33,323447365297.46
Bitcoin,1/4/2023,1/5/2023,16674.5087,16973.38119,16658.43394,16857.28271,39384163470.22,323386238092.07
Bitcoin,1/3/2023,1/4/2023,16673.74875,16763.44729,16616.63238,16675.90904,29648327502.22,320717370492.65
Bitcoin,1/2/2023,1/3/2023,16617.2544,16758.52531,16560.09073,16677.44994,24859666801.78,320705961719.37
Bitcoin,1/1/2023,1/2/2023,16537.4542,16621.1651,16507.3906,16607.06946,23508784398.22,318166900098.13
Bitcoin,12/31/2022,1/1/2023,16608.07087,16632.8997,16495.87373,16538.3479,34065336177.28,318390737642.24
Bitcoin,12/30/2022,12/31/2022,16636.99312,16639.84355,16379.5325,16603.75195,36451566840.89,318010953973.47
Bitcoin,12/29/2022,12/30/2022,16547.53492,16655.07028,16503.1955,16641.44486,41785365276.44,318829546785.77
Bitcoin,12/28/2022,12/29/2022,16706.2494,16762.0146,16488.7629,16549.98327,38602978211.56,319713634177.72
Bitcoin,12/27/2022,12/28/2022,16919.82303,16963.00298,16631.43,16706.45971,31444051214.22,322923072279.57
Bitcoin,12/26/2022,12/27/2022,16832.92337,16911.64997,16804.83979,16908.94843,26543512369.78,323775353259.38
Bitcoin,12/25/2022,12/26/2022,16836.196,16849.6872,16739.6511,16829.9184,21982382836.40,323158776557.91
Bitcoin,12/24/2022,12/25/2022,16779.5308,16853.5422,16779.5308,16833.8821,20626954275.56,323406562648.02
Bitcoin,12/23/2022,12/24/2022,16819.7954,16903.32652,16772.50272,16780.46368,35636481443.56,323385347331.60
Bitcoin,12/22/2022,12/23/2022,16818.78091,16859.2589,16572.0123,16822.06214,33312386965.33,322422836811.57
Bitcoin,12/21/2022,12/22/2022,16901.38001,16921.02808,16740.439,16806.4165,42938911495.11,323370704324.23
Bitcoin,12/20/2022,12/21/2022,16441.86651,16994.6028,16408.6775,16902.54219,50421339946.67,322615905375.65
Bitcoin,12/19/2022,12/20/2022,16741.11829,16801.15008,16366.3141,16424.79671,29555712497.78,320479941309.23
Bitcoin,12/18/2022,12/19/2022,16779.0901,16820.63769,16677.74537,16750.76581,25538438677.33,321547718539.34
Bitcoin,12/17/2022,12/18/2022,16636.47029,16785.8923,16594.00093,16785.8923,46630829169.78,320862704602.38
Bitcoin,12/16/2022,12/17/2022,17358.52252,17513.9378,16529.29736,16608.4932,47661468458.67,328532141010.85
Bitcoin,12/15/2022,12/16/2022,17794.87527,17843.0862,17306.06562,17339.45827,56261667200.00,337849259128.58
Bitcoin,12/14/2022,12/15/2022,17779.86762,18329.45017,17710.38765,17799.16897,53775197070.22,343458912279.56
Bitcoin,12/13/2022,12/14/2022,17202.4905,17932.4687,17097.2124,17766.35055,41107035768.89,335677125245.74
Bitcoin,12/12/2022,12/13/2022,17089.44609,17220.81454,16882.27289,17220.81454,27210991608.89,326657443273.10
Bitcoin,12/11/2022,12/12/2022,17129.86355,17253.1914,17080.09215,17091.91654,19589911018.67,329675056005.33
Bitcoin,12/10/2022,12/11/2022,17128.16109,17216.17461,17105.50512,17114.34059,25743383676.44,329719372087.46
Bitcoin,12/9/2022,12/10/2022,17226.67597,17272.18749,17081.5468,17123.38673,34491913201.78,330278993230.94
Bitcoin,12/8/2022,12/9/2022,16835.04924,17290.3,16791.27889,17254.8416,31326142820.79,325363729467.92
Bitcoin,12/7/2022,12/8/2022,17089.81611,17096.3844,16746.3916,16838.04747,33628606812.44,324422344915.83
Bitcoin,12/6/2022,12/7/2022,16967.68378,17101.71347,16925.2251,17088.37612,33312994595.56,326626901868.32
Bitcoin,12/5/2022,12/6/2022,17112.09583,17391.96734,16884.1888,16959.33606,33310234567.11,329965811699.66
Bitcoin,12/4/2022,12/5/2022,16880.83041,17144.10055,16880.83041,17130.16533,25946687018.67,326979103201.66
Bitcoin,12/3/2022,12/4/2022,17092.1973,17122.7858,16876.10583,16903.72363,28422679969.45,326144864089.26
Bitcoin,12/2/2022,12/3/2022,16972.46462,17088.9091,16862.76796,17088.4265,33498051230.77,325967434091.62
Bitcoin,12/1/2022,12/2/2022,17165.41157,17214.3263,16883.1711,16956.1893,38788974492.44,327771074759.13
Bitcoin,11/30/2022,12/1/2022,16438.7456,17212.89826,16438.7456,17188.63468,44743059370.67,324786816323.83
Bitcoin,11/29/2022,11/30/2022,16213.3896,16522.97747,16111.2497,16436.1924,52776387683.56,315419507134.80
Bitcoin,11/28/2022,11/29/2022,16425.21291,16481.7679,16044.1124,16212.40325,44930760967.11,311557026058.74
Bitcoin,11/27/2022,11/28/2022,16457.25328,16593.45956,16419.0214,16432.36462,35423221802.82,317875547190.54
Bitcoin,11/26/2022,11/27/2022,16513.9287,16683.87487,16415.61993,16461.19452,39602744661.33,318241327421.50
Bitcoin,11/25/2022,11/26/2022,16609.3759,16609.3759,16371.8691,16511.91128,40539647985.78,316859810140.83
Bitcoin,11/24/2022,11/25/2022,16624.7795,16779.3432,16474.39258,16597.7313,51316136348.44,318979069699.44
Bitcoin,11/23/2022,11/24/2022,16221.67,16652.2104,16167.2766,16615.2292,54191750385.78,316451686349.89
Bitcoin,11/22/2022,11/23/2022,15781.03008,16260.7217,15666.2745,16174.9574,58615626723.56,306392350546.78
Bitcoin,11/21/2022,11/22/2022,16286.8064,16286.8064,15598.4951,15779.9717,50201276579.56,308166351834.30
Bitcoin,11/20/2022,11/21/2022,16704.48043,16746.2736,16248.1492,16291.4477,28445975203.56,318714896749.25
Bitcoin,11/19/2022,11/20/2022,16704.6214,16807.0579,16565.157,16715.83859,33337255479.30,319762448550.93
Bitcoin,11/18/2022,11/19/2022,16692.92278,16953.88897,16561.0259,16711.14178,47289260010.59,321561473484.11
Bitcoin,11/17/2022,11/18/2022,16670.39512,16728.65601,16448.1626,16690.88953,51656804096.00,319058775211.65
Bitcoin,11/16/2022,11/17/2022,16898.2358,16988.2412,16414.32076,16673.50771,57818172615.11,320803225984.05
Bitcoin,11/15/2022,11/16/2022,16614.28715,17086.6912,16555.1515,16894.9265,68872354801.78,322602754990.92
Bitcoin,11/14/2022,11/15/2022,16331.35218,17151.97426,15838.3193,16630.63746,64554331975.11,315536886023.04
Bitcoin,11/13/2022,11/14/2022,16800.9926,16933.5745,16272.7358,16349.9976,39952276053.33,319120153090.69
Bitcoin,11/12/2022,11/13/2022,17047.8221,17068.2517,16639.61702,16802.1943,68135292657.78,322974047734.49
Bitcoin,11/11/2022,11/12/2022,17592.6207,17675.2616,16453.91913,17104.1984,108607980856.89,328039991720.40
Bitcoin,11/10/2022,11/11/2022,15897.5166,18179.29557,15866.93178,17590.41467,154013330318.22,325301411702.01
Bitcoin,11/9/2022,11/10/2022,18545.16182,18566.71676,15652.5911,15789.34242,164641074119.11,335837205845.99
Bitcoin,11/8/2022,11/9/2022,20590.7499,20657.6234,17641.1588,18528.52093,116085599715.56,374846106438.50
Bitcoin,11/7/2022,11/8/2022,20918.1723,21042.8703,20447.2795,20591.7459,75255069696.00,398070575313.95
Bitcoin,11/6/2022,11/7/2022,21302.3297,21350.9881,20913.0539,20913.0539,54828288042.67,406626646751.17
Bitcoin,11/5/2022,11/6/2022,21145.628,21461.07944,21095.7603,21281.5851,93930901873.78,408857490033.20
Bitcoin,11/4/2022,11/5/2022,20205.27906,21213.06458,20190.88843,21156.078,86139251797.33,396750156851.13
Bitcoin,11/3/2022,11/4/2022,20150.54441,20376.98663,20063.3165,20208.59651,89252131697.78,388201104277.54
Bitcoin,11/2/2022,11/3/2022,20481.979,20732.0272,20073.87548,20151.52308,69104918001.78,391180706308.48
Bitcoin,11/1/2022,11/2/2022,20495.70599,20650.43872,20374.12953,20481.5549,75086343466.67,392980109848.04
Bitcoin,10/31/2022,11/1/2022,20620.8161,20806.8788,20290.12864,20504.46023,63533875356.44,393050043238.50
Bitcoin,10/30/2022,10/31/2022,20809.80881,20910.0964,20520.35815,20621.7479,64733978709.33,397080010238.25
Bitcoin,10/29/2022,10/30/2022,20595.37894,21003.55731,20563.937,20811.98837,78150625137.78,398209829528.50
Bitcoin,10/28/2022,10/29/2022,20292.40585,20733.95162,20074.037,20608.2579,86808559758.22,390706428379.94
Bitcoin,10/27/2022,10/28/2022,20766.80989,20860.75336,20249.7547,20283.97975,97985674211.56,395221750804.98
Bitcoin,10/26/2022,10/27/2022,20081.82064,20943.08464,20065.93368,20754.02397,111641919374.22,393580944072.77
Bitcoin,10/25/2022,10/26/2022,19330.2129,20388.4725,19252.5634,20110.87556,62423042787.56,375485658697.52
Bitcoin,10/24/2022,10/25/2022,19564.5146,19578.3784,19191.1109,19335.3937,57568925283.56,370900489444.82
Bitcoin,10/23/2022,10/24/2022,19203.7979,19669.50723,19112.1147,19548.7249,29334480681.92,369183644189.07
Bitcoin,10/22/2022,10/23/2022,19162.5376,19248.5639,19119.8239,19202.85297,51155992135.11,367465072645.99
Bitcoin,10/21/2022,10/22/2022,19042.7405,19231.1974,18743.2771,19166.3286,56719066040.89,365349689963.56
Bitcoin,10/20/2022,10/21/2022,19123.6291,19328.0008,18942.909,19042.9309,50448821589.33,366446781146.05
Bitcoin,10/19/2022,10/20/2022,19329.1763,19337.0797,19115.2331,19124.9892,61076924387.56,368227529158.41
Bitcoin,10/18/2022,10/19/2022,19546.0154,19685.47556,19116.7442,19351.0697,62745223680.00,373218777171.65
Bitcoin,10/17/2022,10/18/2022,19256.40623,19650.7575,19164.44404,19558.1117,48744779299.56,371733239025.51
Bitcoin,10/16/2022,10/17/2022,19066.0574,19397.58735,19066.0574,19259.62065,31434982424.98,367281364584.85
Bitcoin,10/15/2022,10/16/2022,19182.2476,19219.5647,19026.2672,19054.8847,55450156103.11,366826934382.25
Bitcoin,10/14/2022,10/15/2022,19380.65578,19891.3268,19096.9897,19191.0274,94607306808.89,374023157206.52
Bitcoin,10/13/2022,10/14/2022,19155.03423,19454.6764,18290.6714,19380.6893,66306380332.60,364703127203.41
Bitcoin,10/12/2022,10/13/2022,19060.6544,19206.1014,19024.1102,19157.97735,57228996065.67,366398495488.14
Bitcoin,10/11/2022,10/12/2022,19133.07734,19256.37998,18889.95635,19045.5416,58945067207.11,365469491546.38
Bitcoin,10/10/2022,10/11/2022,19443.0047,19516.1351,19100.8137,19135.37402,43632528537.42,370405445216.00
Bitcoin,10/9/2022,10/10/2022,19415.1815,19539.48528,19330.103,19436.3351,32508420906.67,372595217766.48
Bitcoin,10/8/2022,10/9/2022,19533.27671,19607.87574,19275.3283,19401.0105,47210778231.53,373494069529.96
Bitcoin,10/7/2022,10/8/2022,19956.8027,20042.217,19377.61884,19533.02825,60960544332.71,378822333516.15
Bitcoin,10/6/2022,10/7/2022,20157.0733,20412.1791,19882.90905,19948.2219,73072720042.67,386125302356.67
Bitcoin,10/5/2022,10/6/2022,20339.9766,20343.1053,19759.35203,20168.6041,69289916686.22,385619968282.45
Bitcoin,10/4/2022,10/5/2022,19621.4414,20373.39697,19510.5453,20339.726,68130612935.11,382009598457.99
Bitcoin,10/3/2022,10/4/2022,19057.6437,19666.3757,19031.5833,19610.3879,57075608007.11,370126361156.97
Bitcoin,10/2/2022,10/3/2022,19311.0991,19388.8829,18940.09448,19035.34988,38546956252.44,368503905388.90
Bitcoin,10/1/2022,10/2/2022,19424.06007,19470.25237,19221.463,19305.1719,68653690678.79,370380976869.97
Bitcoin,9/30/2022,10/1/2022,19595.19645,20130.3524,19251.1829,19449.60774,83393624974.22,374198583961.64
Bitcoin,9/29/2022,9/30/2022,19417.11887,19595.0236,18900.6111,19593.33746,93504140231.11,371680212221.66
Bitcoin,9/28/2022,9/29/2022,19109.88148,19731.8756,18528.60194,19399.48878,109016957213.44,366474053295.39
Bitcoin,9/27/2022,9/28/2022,19224.7583,20346.1614,18844.2644,19098.47982,98288909824.00,378214069987.12
Bitcoin,9/26/2022,9/27/2022,18802.6997,19277.51156,18700.5511,19238.7536,67509007649.00,364325052317.87
Bitcoin,9/25/2022,9/26/2022,18923.4988,19135.6295,18682.76349,18814.0516,44811745464.89,363657781154.99
Bitcoin,9/24/2022,9/25/2022,19290.27961,19294.62788,18831.32928,18931.73411,70758854556.44,365483878913.82
Bitcoin,9/23/2022,9/24/2022,19404.73613,19466.7087,18568.7795,19245.96942,77987818268.44,365154077232.54
Bitcoin,9/22/2022,9/23/2022,18480.42574,19493.93645,18374.8544,19429.13269,99240692195.56,363556233837.29
Bitcoin,9/21/2022,9/22/2022,18873.9083,19670.86591,18200.89554,18501.82049,73457138531.56,364096452308.93
Bitcoin,9/20/2022,9/21/2022,19537.1129,19624.33598,18799.07474,18873.2005,77663890642.51,367436797852.79
Bitcoin,9/19/2022,9/20/2022,19420.56091,19623.12094,18391.81939,19576.6372,79169374904.89,364027259526.05
Bitcoin,9/18/2022,9/19/2022,20121.8493,20121.8493,19374.4683,19393.59391,47383656476.44,380422504433.07
Bitcoin,9/17/2022,9/18/2022,19803.71233,20173.35446,19768.49012,20123.64055,57758805461.33,382058836181.77
Bitcoin,9/16/2022,9/17/2022,19702.014,19880.55358,19360.1566,19756.26819,66830132536.89,377413510866.05
Bitcoin,9/15/2022,9/16/2022,20221.79021,20288.6975,19652.74184,19662.3883,75639756188.44,382778123467.03
Bitcoin,9/14/2022,9/15/2022,20175.70209,20486.08435,19748.01319,20251.71983,84479598023.11,387241698025.51
Bitcoin,9/13/2022,9/14/2022,22399.97823,22698.77167,20032.1647,20172.39246,81152505173.33,412380903690.47
Bitcoin,9/12/2022,9/13/2022,21818.60296,22458.63331,21589.69466,22387.93863,69203768618.67,423653315759.19
Bitcoin,9/11/2022,9/12/2022,21648.39,21810.00021,21381.9013,21789.45241,51346227840.00,413658530577.95
Bitcoin,9/10/2022,9/11/2022,21362.69347,21767.7515,21166.98725,21661.704,62426090339.56,409414147728.24
Bitcoin,9/9/2022,9/10/2022,19324.6317,21396.56903,19323.3601,21370.64087,60209335509.33,396784798543.48
Bitcoin,9/8/2022,9/9/2022,19283.33315,19428.68675,19081.5462,19318.4204,49633780892.44,368644994965.33
Bitcoin,9/7/2022,9/8/2022,18785.90733,19446.587,18578.84042,19275.30356,56371120128.00,361859331726.14
Bitcoin,9/6/2022,9/7/2022,19786.6074,20154.40267,18744.9048,18812.06104,48719532558.22,375267536735.27
Bitcoin,9/5/2022,9/6/2022,20000.39948,20040.55329,19660.14857,19808.09596,35287255189.33,378844293108.79
Bitcoin,9/4/2022,9/5/2022,19830.80646,19999.59658,19620.9343,19975.3081,30188903488.00,379030074894.13
Bitcoin,9/3/2022,9/4/2022,19957.5713,20046.5481,19678.207,19834.79562,46422244778.67,379758022134.12
Bitcoin,9/2/2022,9/3/2022,20123.43013,20409.61699,19787.50041,19927.5466,53777627899.54,384504946573.67
Bitcoin,9/1/2022,9/2/2022,20053.474,20185.9976,19619.6549,20145.5884,59976236430.22,382219556944.81
Bitcoin,8/31/2022,9/1/2022,19794.2573,20438.0133,19794.2573,20046.9471,68910236344.89,386652241579.52
Bitcoin,8/30/2022,8/31/2022,20295.05747,20558.0115,19595.5805,19768.0653,59130067821.71,385411494436.51
Bitcoin,8/29/2022,8/30/2022,19539.5807,20360.7005,19539.5807,20280.87118,50011859821.71,382224120625.60
Bitcoin,8/28/2022,8/29/2022,20032.7284,20133.3567,19606.7351,19606.7351,41580848931.56,382562471282.80
Bitcoin,8/27/2022,8/28/2022,20254.82006,20331.54696,19870.57393,20050.5705,59715633080.89,384932413807.47
Bitcoin,8/26/2022,8/27/2022,21563.19311,21812.7889,20122.77851,20215.51485,54504579114.67,404941903812.08
Bitcoin,8/25/2022,8/26/2022,21367.72491,21773.14866,21330.7948,21591.28483,50399097415.11,413233152001.36
Bitcoin,8/24/2022,8/25/2022,21512.99519,21826.3262,21172.07432,21378.10481,50558561664.00,410769202810.88
Bitcoin,8/23/2022,8/24/2022,21412.8329,21632.79067,20946.7834,21516.13082,56455916259.56,409246011088.18
Bitcoin,8/22/2022,8/23/2022,21511.40548,21511.40548,20931.27811,21418.635,48612705848.89,406816213314.11
Bitcoin,8/21/2022,8/22/2022,21138.10908,21671.11018,21085.99916,21515.70635,42209985479.11,408762717345.30
Bitcoin,8/20/2022,8/21/2022,20836.67633,21336.82388,20829.83792,21163.4085,61145030798.72,404934592425.89
Bitcoin,8/19/2022,8/20/2022,23192.0722,23192.0722,20840.72427,20840.72427,56799885624.89,417759707938.02
Bitcoin,8/18/2022,8/19/2022,23338.393,23575.6112,23140.45858,23206.1852,50975738595.56,447830687692.11
Bitcoin,8/17/2022,8/18/2022,23858.86042,24416.598,23213.05903,23311.75915,55592942003.29,453256684699.59
Bitcoin,8/16/2022,8/17/2022,24088.5357,24236.6282,23707.5439,23889.74606,59133679900.44,458345123480.83
Bitcoin,8/15/2022,8/16/2022,24300.94304,25136.0173,23804.7166,24146.6057,59267124807.11,463905635630.02
Bitcoin,8/14/2022,8/15/2022,24443.20772,24975.3551,24177.63291,24323.00217,45036090766.22,468505617974.21
Bitcoin,8/13/2022,8/14/2022,24399.2979,24879.86331,24334.20221,24427.97318,55096228622.22,468930049868.29
Bitcoin,8/12/2022,8/13/2022,23934.3906,24417.5757,23644.7259,24395.938,74588843079.11,458429489535.79
Bitcoin,8/11/2022,8/12/2022,23956.8358,24838.02258,23872.7772,23928.9778,86265117553.78,465824711793.65
Bitcoin,8/10/2022,8/11/2022,23145.39408,24149.62713,22734.43796,23940.2045,75259928007.11,447407095340.55
Bitcoin,8/9/2022,8/10/2022,23817.559,23892.834,22906.4602,23158.6991,70921624871.11,448026726997.48
Bitcoin,8/8/2022,8/9/2022,23173.56449,24223.89166,23173.56449,23792.955,61125921052.44,454755111561.98
Bitcoin,8/7/2022,8/8/2022,22941.6741,23371.0648,22864.3859,23170.70242,37227900821.33,441070611370.92
Bitcoin,8/6/2022,8/7/2022,23296.01436,23327.09846,22938.3603,22938.3603,46671867100.44,443172289378.62
Bitcoin,8/5/2022,8/6/2022,22603.22935,23440.18661,22603.22935,23225.78975,129511878926.22,440925915648.11
Bitcoin,8/4/2022,8/5/2022,22817.3353,23200.51931,22449.9977,22635.52,63618554424.89,436671458582.97
Bitcoin,8/3/2022,8/4/2022,22986.79764,23567.7332,22722.4086,22812.3048,61731132919.08,442850015786.80
Bitcoin,8/2/2022,8/3/2022,23281.93087,23423.38037,22683.0436,22963.82554,64458226289.78,438874273552.17
Bitcoin,8/1/2022,8/2/2022,23311.5556,23475.5943,22864.67662,23311.59284,63362851484.44,443686399923.68
Bitcoin,7/31/2022,8/1/2022,23635.63636,24167.15107,23258.2971,23314.4296,70552922680.89,453330489667.01
Bitcoin,7/30/2022,7/31/2022,23789.5514,24589.35357,23550.6775,23642.24323,78457212017.78,459086809086.10
Bitcoin,7/29/2022,7/30/2022,23852.00876,24298.65222,23452.4636,23746.2734,82637280583.11,456242554881.87
Bitcoin,7/28/2022,7/29/2022,22954.99807,24139.4757,22713.87195,23847.01344,95390300728.89,445314132645.70
Bitcoin,7/27/2022,7/28/2022,21279.62235,22943.12042,21047.5454,22943.12042,74499287061.41,413620711790.04
Bitcoin,7/26/2022,7/27/2022,21317.184,21317.184,20737.03582,21206.71524,80699937495.86,401724637843.71
Bitcoin,7/25/2022,7/26/2022,22583.91577,22620.9539,21340.4673,21340.4673,63096376192.00,419308316689.93
Bitcoin,7/24/2022,7/25/2022,22459.03629,22990.39361,22295.8444,22600.78471,64037183873.34,432554845044.94
Bitcoin,7/23/2022,7/24/2022,22683.3616,22971.2668,22000.69088,22471.3157,66410503533.20,429970549238.53
Bitcoin,7/22/2022,7/23/2022,23153.3584,23679.19482,22559.0086,22701.085,86243476340.85,441950488414.32
Bitcoin,7/21/2022,7/22/2022,23219.1382,23403.2821,22369.09692,23180.0875,91477466453.33,438036787268.62
Bitcoin,7/20/2022,7/21/2022,23409.933,24237.7006,22966.7746,23244.5742,93750028123.87,450053895443.80
Bitcoin,7/19/2022,7/20/2022,22517.0955,23695.7738,21620.9054,23407.3451,104199588124.44,430166512641.93
Bitcoin,7/18/2022,7/19/2022,20787.37682,22688.71683,20787.37682,22440.03658,75819726179.56,416830549514.32
Bitcoin,7/17/2022,7/18/2022,21207.85095,21605.86931,20769.40226,20769.40226,63000171477.33,405280805586.62
Bitcoin,7/16/2022,7/17/2022,20825.95713,21507.16927,20514.6608,21192.11367,67204086400.00,398560864419.22
Bitcoin,7/15/2022,7/16/2022,20587.367,21161.56873,20406.85345,20831.31137,70225059640.20,396977697387.64
Bitcoin,7/14/2022,7/15/2022,20241.3541,20748.3833,19659.56011,20587.5358,67129015438.22,385428719518.83
Bitcoin,7/13/2022,7/14/2022,19330.0263,20223.0186,19001.01635,20187.1528,55545072384.00,374601942548.60
Bitcoin,7/12/2022,7/13/2022,19961.3584,20043.3868,19313.26076,19313.26076,48327162040.89,377450556442.85
Bitcoin,7/11/2022,7/12/2022,20849.27192,20849.27192,19930.49038,19992.29457,49043628074.67,391019023393.65
Bitcoin,7/10/2022,7/11/2022,21584.98166,21589.42303,20701.0522,20857.65584,54982980252.44,403608460617.64
Bitcoin,7/9/2022,7/10/2022,21594.39562,21951.0266,21424.1627,21592.74175,83660958023.11,412806037389.16
Bitcoin,7/8/2022,7/9/2022,21654.1355,22332.79352,21250.88435,21801.08221,70338781754.87,415489591997.29
Bitcoin,7/7/2022,7/8/2022,20562.57347,21801.0647,20279.6294,21647.16593,44030315825.78,396814663327.16
Bitcoin,7/6/2022,7/7/2022,20209.97547,20615.7438,19835.7004,20557.53555,52267397111.46,385421461532.84
Bitcoin,7/5/2022,7/6/2022,20219.6652,20687.75138,19354.56272,20185.96233,47991911817.85,381901509024.67
Bitcoin,7/4/2022,7/5/2022,19317.458,20296.167,19071.7771,20255.6454,33124206627.56,372653433607.49
Bitcoin,7/3/2022,7/4/2022,19249.3473,19567.1081,18973.25187,19310.0755,29227636337.78,365991968153.19
Bitcoin,7/2/2022,7/3/2022,19266.38852,19425.75551,19036.1315,19246.50949,39790523569.78,367230819438.14
Bitcoin,7/1/2022,7/2/2022,19922.81905,20623.15226,19075.4632,19336.10444,63618849237.33,373099100824.93
Bitcoin,6/30/2022,7/1/2022,20117.9242,20145.9851,18703.15969,19816.74636,46778511125.33,369357539206.58
Bitcoin,6/29/2022,6/30/2022,20278.898,20389.37346,19907.76982,20101.12,45608149548.60,384572998161.44
Bitcoin,6/28/2022,6/29/2022,20715.20137,21183.62153,20223.80361,20293.4508,42703964992.00,395180734750.91
Bitcoin,6/27/2022,6/28/2022,21036.933,21496.338,20647.67841,20732.9834,39899888824.89,401731178345.50
Bitcoin,6/26/2022,6/27/2022,21504.60597,21836.73784,21001.3787,21029.2163,36017590144.00,407726053064.88
Bitcoin,6/25/2022,6/26/2022,21221.5269,21528.4212,20941.2133,21499.97104,45185609102.22,405779943182.66
Bitcoin,6/24/2022,6/25/2022,21097.6645,21461.36528,20764.6157,21279.53233,49938802076.44,402565105296.30
Bitcoin,6/23/2022,6/24/2022,19975.72993,21160.10148,19975.72993,21075.1688,50275136312.89,391754411545.69
Bitcoin,6/22/2022,6/23/2022,20722.22585,20859.85904,19845.68434,19976.05359,52507160192.00,387629559078.79
Bitcoin,6/21/2022,6/22/2022,20577.5997,21647.0789,20401.5783,20739.94339,56244118427.46,400486104262.82
Bitcoin,6/20/2022,6/21/2022,20580.038,20914.5884,19705.75385,20672.8011,63496474254.22,387527639821.41
Bitcoin,6/19/2022,6/20/2022,19010.4765,20706.3161,18022.46951,20554.9027,82744323328.00,368085789556.55
Bitcoin,6/18/2022,6/19/2022,20461.9237,20741.7391,17697.7025,19007.5031,61457061780.96,369023241511.37
Bitcoin,6/17/2022,6/18/2022,20406.0243,21292.183,20267.28728,20468.2145,67973860679.11,394848790059.15
Bitcoin,6/16/2022,6/17/2022,22579.09595,22943.38114,20252.0114,20383.6889,92380926151.80,409049560826.44
Bitcoin,6/15/2022,6/16/2022,22174.8006,22653.35756,20142.25361,22490.59073,90580280561.78,407624997348.39
Bitcoin,6/14/2022,6/15/2022,22456.7808,22982.3322,20869.15852,22209.515,123594977869.25,423267130396.76
Bitcoin,6/13/2022,6/14/2022,26599.66116,26863.63286,22070.9799,22509.0994,105249305349.37,462314682932.59
Bitcoin,6/12/2022,6/13/2022,28415.5422,28519.7408,26704.72936,26704.72936,60305080590.22,527069614633.27
Bitcoin,6/11/2022,6/12/2022,29095.1811,29425.9387,28170.85202,28399.9749,53289670456.89,550475615516.25
Bitcoin,6/10/2022,6/11/2022,30078.13233,30312.4407,28900.47871,29082.53195,52091153521.78,565428800703.82
Bitcoin,6/9/2022,6/10/2022,30212.85108,30639.96057,29982.06307,30111.70675,48748364379.62,576733008890.29
Bitcoin,6/8/2022,6/9/2022,31120.2203,31268.65782,29912.0293,30204.54858,75542208295.66,580845333537.88
Bitcoin,6/7/2022,6/8/2022,31380.1353,31545.8831,29266.125,31193.0692,68097897088.00,572155772444.80
Bitcoin,6/6/2022,6/7/2022,29930.4593,31729.39688,29925.32269,31367.4226,49275600327.11,595661299287.21
Bitcoin,6/5/2022,6/6/2022,29847.32634,30162.09609,29591.6353,29909.21037,28084240917.33,568276877179.00
Bitcoin,6/4/2022,6/5/2022,29705.77615,29927.8237,29475.2174,29840.07522,39962044160.00,566064779259.47
Bitcoin,6/3/2022,6/4/2022,30461.94854,30648.6798,29353.70495,29717.55805,53726854599.11,571530787432.24
Bitcoin,6/2/2022,6/3/2022,29795.17499,30614.12055,29628.06005,30441.46505,72164759239.11,572595501230.27
Bitcoin,6/1/2022,6/2/2022,31779.99955,31945.45942,29490.85088,29789.42113,64099978301.08,592142241617.24
Bitcoin,5/31/2022,6/1/2022,31734.2022,32298.41752,31242.2411,31852.83438,70227787192.89,604248798473.67
Bitcoin,5/30/2022,5/31/2022,29468.0772,31882.6501,29319.42998,31720.0295,50971087599.89,583248423788.63
Bitcoin,5/29/2022,5/30/2022,29031.30737,29530.42291,28855.5589,29445.7241,29084438122.67,555225725632.15
Bitcoin,5/28/2022,5/29/2022,28605.61109,29144.95937,28543.15571,29047.06027,52117457770.67,550403459998.92
Bitcoin,5/27/2022,5/28/2022,29194.91,29357.66681,28291.03514,28606.47447,79709591395.56,550545723746.29
Bitcoin,5/26/2022,5/27/2022,29554.5432,29868.8204,28143.43486,29353.61926,67488629632.00,561112897767.93
Bitcoin,5/25/2022,5/26/2022,29654.5966,30201.4321,29382.54239,29557.53374,59054062151.11,566957692688.28
Bitcoin,5/24/2022,5/25/2022,29096.33019,29794.4733,28749.97893,29674.1123,61173457223.11,558378843638.23
Bitcoin,5/23/2022,5/24/2022,30295.92774,30619.92559,28887.00372,29114.08113,49091907997.88,573306612491.28
Bitcoin,5/22/2022,5/23/2022,29445.06212,30426.87796,29246.77655,30366.04222,34792840362.67,567574103618.37
Bitcoin,5/21/2022,5/22/2022,29205.28752,29593.57411,28992.4553,29449.98556,48647341319.11,558928566961.95
Bitcoin,5/20/2022,5/21/2022,30319.70837,30698.26604,28761.51141,29234.03291,64020598172.44,567830871551.01
Bitcoin,5/19/2022,5/20/2022,28696.6142,30496.06039,28696.6142,30376.33148,77876670965.26,562865558972.18
Bitcoin,5/18/2022,5/19/2022,30446.06728,30622.94536,28714.1184,28760.1539,66819677365.97,563937579946.52
Bitcoin,5/17/2022,5/18/2022,29833.0525,30731.7049,29532.7609,30452.62433,54496429838.22,576731773060.64
Bitcoin,5/16/2022,5/17/2022,31293.22239,31293.22239,29239.1608,29880.54816,55757204906.67,570951550317.50
Bitcoin,5/15/2022,5/16/2022,30076.9329,31390.4799,29512.2442,31333.76562,45280980437.33,573617058982.27
Bitcoin,5/14/2022,5/15/2022,29289.7779,30255.8115,28735.71017,30123.7756,66074598286.22,559872002421.09
Bitcoin,5/13/2022,5/14/2022,29012.3858,30990.35616,28784.978,29250.004,143425804515.56,574594869134.22
Bitcoin,5/12/2022,5/13/2022,29044.2593,30133.2174,26812.8459,29130.0386,137849705984.00,543919496621.12
Bitcoin,5/11/2022,5/12/2022,31000.9768,32038.59434,28303.80556,28984.5358,103426550994.51,582283878616.38
Bitcoin,5/10/2022,5/11/2022,30106.43456,32574.53986,29853.41454,31024.7033,127314423495.11,596373223036.45
Bitcoin,5/9/2022,5/10/2022,34062.894,34215.7391,30184.77569,30363.86562,77739876770.25,621850069688.93
Bitcoin,5/8/2022,5/9/2022,35478.5649,35496.135,33828.1358,33933.54281,59930329173.33,657631808942.37
Bitcoin,5/7/2022,5/8/2022,36019.5551,36121.83241,34857.2501,35552.564,52179098249.37,682599940832.81
Bitcoin,5/6/2022,5/7/2022,36571.6072,36581.65968,35403.45741,36033.0634,84644729016.89,688126748876.62
Bitcoin,5/5/2022,5/6/2022,39690.0317,39793.9173,35756.46093,36568.7596,71671425773.27,731324627995.95
Bitcoin,5/4/2022,5/5/2022,37723.63989,39925.6099,37677.8973,39699.03396,57656679965.26,738713445755.20
Bitcoin,5/3/2022,5/4/2022,38509.95277,38641.79102,37542.86699,37732.29975,64576497095.11,728004459989.00
Bitcoin,5/2/2022,5/3/2022,38465.5131,39073.38889,38223.90525,38503.90959,65011354367.01,736164254475.79
Bitcoin,5/1/2022,5/2/2022,37636.02142,38615.5987,37572.2298,38467.094,49695227037.82,723843145851.62
Bitcoin,4/30/2022,5/1/2022,38600.01985,38767.5896,37653.41243,37660.45292,56363985095.11,732444173875.63
Bitcoin,4/29/2022,4/30/2022,39746.6764,39909.9063,38197.3721,38592.00442,67804116465.78,743673916875.65
Bitcoin,4/28/2022,4/29/2022,39235.7651,40306.95216,38935.6728,39749.9386,65834105863.16,753560180406.22
Bitcoin,4/27/2022,4/28/2022,38115.3023,39364.6236,38028.0629,39248.43928,73618715406.22,738288778490.73
Bitcoin,4/26/2022,4/27/2022,40420.00524,40704.66347,37768.63979,38026.74626,67555517226.67,754629577383.11
Bitcoin,4/25/2022,4/26/2022,39464.99826,40567.8904,38209.3961,40475.27521,58683004977.95,746129993085.59
Bitcoin,4/24/2022,4/25/2022,39441.6583,39846.0109,39140.6639,39479.99697,39181600746.67,753730386333.31
Bitcoin,4/23/2022,4/24/2022,39715.1349,39929.32287,39348.95155,39419.5301,61949621809.78,754477694660.11
Bitcoin,4/22/2022,4/23/2022,40480.3508,40759.0684,39285.1652,39757.5541,81778114660.25,763437909024.01
Bitcoin,4/21/2022,4/22/2022,41353.67676,42940.9,39951.30113,40528.7777,73691646478.22,792867627807.11
Bitcoin,4/20/2022,4/21/2022,41493.8019,42130.14252,40954.56863,41363.50366,69240966368.78,788247505332.27
Bitcoin,4/19/2022,4/20/2022,40799.9436,41633.6102,40608.30249,41504.4185,70678190372.57,780493478213.85
Bitcoin,4/18/2022,4/19/2022,39695.5398,41023.07301,38723.5499,40826.6711,60921696974.22,754101790795.43
Bitcoin,4/17/2022,4/18/2022,40374.3856,40565.43548,39617.521,39678.0001,31897051043.56,766257664501.56
Bitcoin,4/16/2022,4/17/2022,40554.4702,40645.81037,40005.0641,40386.5108,35562888234.67,767846795179.58
Bitcoin,4/15/2022,4/16/2022,39933.8888,40596.1495,39837.74414,40558.127,62222356110.22,764750253259.71
Bitcoin,4/14/2022,4/15/2022,41131.7362,41492.7993,39672.10327,39909.71687,111088440361.26,773019068518.52
Bitcoin,4/13/2022,4/14/2022,40074.96197,41377.56616,39608.70806,41160.0481,73354177156.48,769181253554.63
Bitcoin,4/12/2022,4/13/2022,39529.55042,40609.9682,39302.21334,40169.21512,80791296855.49,759455472598.45
Bitcoin,4/11/2022,4/12/2022,42149.9799,42396.2298,39356.5471,39456.93304,80332825508.90,784059447109.93
Bitcoin,4/10/2022,4/11/2022,42760.39588,43380.9446,41985.88316,42242.7841,43043982570.67,812480645848.49
Bitcoin,4/9/2022,4/10/2022,42251.5612,42788.71116,42173.73075,42788.71116,73792248078.22,806884426772.89
Bitcoin,4/8/2022,4/9/2022,43425.24409,43931.43943,42125.0692,42283.4292,66062123279.16,822794031898.64
Bitcoin,4/7/2022,4/8/2022,43154.77454,43855.3637,42814.9482,43480.17472,75865888668.44,825828787135.29
Bitcoin,4/6/2022,4/7/2022,45479.96945,45479.96945,43138.51947,43138.51947,82230669554.62,847920145405.89
Bitcoin,4/5/2022,4/6/2022,46598.16005,47143.74184,45573.53741,45573.53741,107956835470.22,880592114003.39
Bitcoin,4/4/2022,4/5/2022,46429.49649,46853.4882,45201.06871,46605.60297,75797947520.00,874912902658.64
Bitcoin,4/3/2022,4/4/2022,45793.52919,47331.9547,45556.13118,46430.69671,53182050972.44,880120047929.85
Bitcoin,4/2/2022,4/3/2022,46249.9684,47025.37805,45768.23516,45845.95756,68534723185.78,882428839235.88
Bitcoin,4/1/2022,4/2/2022,45520.19684,46608.67518,44376.97933,46231.00476,82428634329.64,864912314319.15
Bitcoin,3/31/2022,4/1/2022,47055.99305,47559.98455,45380.4937,45540.82639,64306786075.65,886483715248.61
Bitcoin,3/30/2022,3/31/2022,47442.24333,47686.71894,46698.33856,47100.45937,60347299811.56,897335595157.79
Bitcoin,3/29/2022,3/30/2022,47086.20129,47988.53829,47032.00503,47498.66565,64970232760.89,903107803449.71
Bitcoin,3/28/2022,3/29/2022,46824.60641,48129.97387,46711.00479,46888.22115,72557284890.76,898470120345.88
Bitcoin,3/27/2022,3/28/2022,44532.13385,46842.71955,44438.29619,46842.71955,38989618744.89,853605708449.23
Bitcoin,3/26/2022,3/27/2022,44314.41581,44769.8851,44162.89066,44533.21742,52033351153.78,843029009115.30
Bitcoin,3/25/2022,3/26/2022,43997.59787,45054.744,43775.9828,44365.18255,64975617208.89,840819908970.96
Bitcoin,3/24/2022,3/25/2022,42901.78799,44196.38125,42726.38466,43948.89113,58305154460.44,822842858825.65
Bitcoin,3/23/2022,3/24/2022,42362.02323,42925.97798,41810.05689,42925.97798,55434469875.51,802216470987.20
Bitcoin,3/22/2022,3/23/2022,41064.53843,43176.92782,40940.05474,42376.74422,66069747399.11,805991263113.64
Bitcoin,3/21/2022,3/22/2022,41219.86354,41498.26617,40534.25117,41051.83346,48679170659.56,780302969090.37
Bitcoin,3/20/2022,3/21/2022,42207.51024,42279.9997,40980.51146,41252.05199,39440414008.89,790398950958.88
Bitcoin,3/19/2022,3/20/2022,41752.50102,42357.0528,41585.95812,42166.22954,47396630065.78,794482952303.18
Bitcoin,3/18/2022,3/19/2022,40912.96043,42231.7199,40255.88647,41767.09817,53167419719.11,777374367214.83
Bitcoin,3/17/2022,3/18/2022,41115.36918,41306.80617,40600.029,40958.22516,68916952832.00,776343262406.20
Bitcoin,3/16/2022,3/17/2022,39301.17956,41538.6006,38964.63682,41147.27989,74235084060.44,763561055615.36
Bitcoin,3/15/2022,3/16/2022,39669.01847,39805.39961,38230.9419,39302.01679,54149954759.11,740438348991.71
Bitcoin,3/14/2022,3/15/2022,37784.66665,39808.38173,37590.8815,39599.02437,47001002609.78,735083105284.88
Bitcoin,3/13/2022,3/14/2022,38803.98637,39220.9441,37670.38924,37824.35153,33924499228.44,738309972282.60
Bitcoin,3/12/2022,3/13/2022,38729.04139,39321.4025,38722.9222,38875.98605,56650400298.67,742192664746.50
Bitcoin,3/11/2022,3/12/2022,39427.62799,40118.98829,38291.8488,38770.04591,73106728689.78,739416933555.20
Bitcoin,3/10/2022,3/11/2022,41950.43524,42002.18786,38770.03143,39461.35102,117700388864.00,751963347858.48
Bitcoin,3/9/2022,3/10/2022,38741.22398,42508.69721,38680.08468,41955.06532,81739633848.89,788164037667.26
Bitcoin,3/8/2022,3/9/2022,38021.16231,39333.7131,38021.16231,38724.82009,87695148501.33,733186143516.77
Bitcoin,3/7/2022,3/8/2022,38398.93546,39399.96846,37172.81813,37991.87947,61781654513.78,725961264635.00
Bitcoin,3/6/2022,3/7/2022,39399.035,39637.1481,38155.2867,38385.18525,40023234666.67,740361513818.55
Bitcoin,3/5/2022,3/6/2022,39144.65309,39576.6006,38750.39689,39409.21247,59407483445.22,742730898448.63
Bitcoin,3/4/2022,3/5/2022,42465.00663,42498.51626,38732.82492,39120.0424,73188777466.61,776819353264.19
Bitcoin,3/3/2022,3/4/2022,43901.74614,44035.45904,41862.5181,42450.88343,66512987510.63,818020318280.72
Bitcoin,3/2/2022,3/3/2022,44404.9179,45173.5809,43387.8769,43938.47684,77745565525.33,835633793463.63
Bitcoin,3/1/2022,3/2/2022,43182.0054,44788.0749,42934.4426,44359.8712,92935896888.89,827710306554.25
Bitcoin,2/28/2022,3/1/2022,37703.77404,43716.57005,37513.31817,43181.1437,68880211740.44,747149243496.16
Bitcoin,2/27/2022,2/28/2022,39091.9507,39773.25674,37129.65641,37714.48389,46101678641.78,734004325756.46
Bitcoin,2/26/2022,2/27/2022,39226.46287,39970.48946,38606.4515,39033.5353,53525292771.56,743680328774.20
Bitcoin,2/25/2022,2/26/2022,38329.38683,39616.9516,38054.57113,39219.47676,85942038343.11,736163298230.94
Bitcoin,2/24/2022,2/25/2022,37216.40439,39132.7827,34408.52933,38296.16593,130682462236.44,685030805141.11
Bitcoin,2/23/2022,2/24/2022,38227.7774,39158.3401,37088.33878,37287.48634,108954655658.67,724585419657.51
Bitcoin,2/22/2022,2/23/2022,37060.00781,38337.8251,36444.81827,38302.8439,81464065635.56,709288617552.53
Bitcoin,2/21/2022,2/22/2022,38362.69454,39402.35077,36922.0285,37003.15356,57203595477.33,729866202965.12
Bitcoin,2/20/2022,2/21/2022,40096.00167,40100.0429,38077.0408,38464.8528,39952153991.11,734771306231.12
Bitcoin,2/19/2022,2/20/2022,39991.16762,40427.21165,39652.0096,40112.55953,50941849784.89,759529015275.43
Bitcoin,2/18/2022,2/19/2022,40528.1251,40924.09716,39629.33836,39976.23595,67854684188.54,765918052415.20
Bitcoin,2/17/2022,2/18/2022,43874.0659,44101.5051,40214.02227,40491.0412,59257593216.00,808358041670.27
Bitcoin,2/16/2022,2/17/2022,44522.9589,44522.9589,43367.6442,43997.7116,51244306560.45,833896616078.05
Bitcoin,2/15/2022,2/16/2022,42550.18171,44701.42103,42480.31932,44602.5315,58821263488.00,831732771858.34
Bitcoin,2/14/2022,2/15/2022,42046.3787,42770.0602,41661.35169,42594.9419,47232394516.66,800465237037.57
Bitcoin,2/13/2022,2/14/2022,42181.8713,42713.9205,41891.593,42235.5136,39865657948.44,802407091556.18
Bitcoin,2/12/2022,2/13/2022,42374.9792,42963.41502,41791.9532,42126.3511,65888611477.33,802248285937.41
Bitcoin,2/11/2022,2/12/2022,43510.53408,43896.2443,42067.4742,42377.6527,86770612437.33,818182947265.17
Bitcoin,2/10/2022,2/11/2022,44376.4542,45648.6513,43255.4943,43524.37792,65554357845.33,839930914682.10
Bitcoin,2/9/2022,2/10/2022,44017.46576,44748.5419,43160.2133,44283.9142,68034018631.11,832281102950.08
Bitcoin,2/8/2022,2/9/2022,43837.65656,45404.65555,42712.32222,44082.39258,73991938261.33,830883774189.33
Bitcoin,2/7/2022,2/8/2022,42396.15324,44462.4328,41672.92921,43905.99798,55562600874.67,816605884545.28
Bitcoin,2/6/2022,2/7/2022,41426.2539,42487.83558,41247.1275,42388.07234,47310906872.89,788074594408.00
Bitcoin,2/5/2022,2/6/2022,41556.70335,41870.0706,41040.98195,41360.0538,78108918926.22,786562949420.74
Bitcoin,2/4/2022,2/5/2022,37282.736,41653.56036,37045.65078,41653.56036,55437962574.22,732289923801.33
Bitcoin,2/3/2022,2/4/2022,36876.007,37100.84845,36319.96225,37027.78,48461561216.00,697161963180.97
Bitcoin,2/2/2022,2/3/2022,38699.1814,38809.5321,36705.01112,36835.9015,53890737621.33,720655977540.77
Bitcoin,2/1/2022,2/2/2022,38465.16237,39210.26203,38103.1383,38761.9683,56064105713.78,730374447011.68
Bitcoin,1/31/2022,2/1/2022,37913.2395,38669.2589,36692.12497,38472.00624,55549798961.78,711351011645.09
Bitcoin,1/30/2022,1/31/2022,38161.92909,38287.7546,37412.2481,37937.339,34793417166.22,718755992118.69
Bitcoin,1/29/2022,1/30/2022,37741.9284,38577.9963,37369.20977,38131.8236,43358998030.22,716194744589.00
Bitcoin,1/28/2022,1/29/2022,37062.96443,37929.9448,36168.92719,37784.7229,57734635207.11,701591357896.46
Bitcoin,1/27/2022,1/28/2022,36786.69371,37201.84235,35519.974,37201.84235,72166742215.11,688422851103.92
Bitcoin,1/26/2022,1/27/2022,36948.83937,38891.8252,36306.58597,36775.5295,63422975943.11,709933063606.20
Bitcoin,1/25/2022,1/26/2022,36637.1927,37434.6761,35719.34835,36948.63103,91347141963.82,691210079787.73
Bitcoin,1/24/2022,1/25/2022,36245.2641,37205.164,33111.2351,36705.9179,75077380195.56,664425424142.27
Bitcoin,1/23/2022,1/24/2022,35044.33393,36411.91505,34692.1279,36231.1426,81586496355.56,670661229998.94
Bitcoin,1/22/2022,1/23/2022,36452.3925,36690.31765,34299.96242,35015.93463,105799073362.35,672308016424.73
Bitcoin,1/21/2022,1/22/2022,40721.94741,41050.38991,35728.0153,36400.668,86773141888.00,732232020498.27
Bitcoin,1/20/2022,1/21/2022,41697.05934,43443.98497,40630.03387,40673.94412,49528825059.56,799069350717.99
Bitcoin,1/19/2022,1/20/2022,42373.5257,42472.49707,41204.17481,41676.49878,53128314580.29,793440774216.99
Bitcoin,1/18/2022,1/19/2022,42229.52722,42582.4259,41329.6296,42352.1359,53607842417.78,793765659206.77
Bitcoin,1/17/2022,1/18/2022,43072.25578,43120.0792,41583.01487,42199.00911,69711029248.00,805222595769.00
Bitcoin,1/16/2022,1/17/2022,43099.97907,43421.9567,42609.7049,43104.67713,56378730624.00,815612565453.03
Bitcoin,1/15/2022,1/16/2022,43061.11596,43728.0129,42642.32323,43145.30763,62347797020.44,816280344976.78
Bitcoin,1/14/2022,1/15/2022,42549.959,43387.73825,41808.15116,43068.72658,62549530396.44,808978928444.10
Bitcoin,1/13/2022,1/14/2022,43888.844,44290.04229,42334.35469,42580.3303,50948501191.11,821822974369.96
Bitcoin,1/12/2022,1/13/2022,42710.8475,44168.1279,42470.15004,43900.027,54479088241.78,817199869441.53
Bitcoin,1/11/2022,1/12/2022,41835.6622,43049.98235,41284.8914,42674.2972,74616303444.74,798516202518.99
Bitcoin,1/10/2022,1/11/2022,41841.86352,42217.654,39782.07448,41786.2184,95449311303.11,787404507138.45
Bitcoin,1/9/2022,1/10/2022,41686.15811,42687.53151,41375.0263,41880.90095,70389962012.44,792884797916.23
Bitcoin,1/8/2022,1/9/2022,41543.1601,42298.4795,40642.1986,41752.93,85660416753.78,789225148271.78
Bitcoin,1/7/2022,1/8/2022,43136.99445,43136.99445,41019.06565,41512.9242,88215244174.22,794822609637.63
Bitcoin,1/6/2022,1/7/2022,43403.542,43733.3165,42596.1224,43119.06386,111270290375.11,815464759259.08
Bitcoin,1/5/2022,1/6/2022,45850.55626,46991.0055,42500.0486,43529.7281,109144957240.89,868515207994.27
Bitcoin,1/4/2022,1/5/2022,46412.0796,47493.9931,45705.03899,45884.45966,74674146005.33,878429374359.38
Bitcoin,1/3/2022,1/4/2022,47311.9467,47514.36002,45703.02807,46424.346,115996952163.56,885723263175.97
Bitcoin,1/2/2022,1/3/2022,47722.9397,47869.1107,46702.7539,47313.6322,74535852088.89,893627342141.79
Bitcoin,1/1/2022,1/2/2022,46198.20378,47840.31079,46198.20378,47544.4994,99413619768.89,891181081068.50
Bitcoin,12/31/2021,1/1/2022,47139.359,48505.9997,45712.56659,46304.94959,78100267491.56,894565347308.20
Bitcoin,12/30/2021,12/31/2021,46430.48122,47876.49184,46077.72228,47161.0092,122924810126.22,890774200999.69
Bitcoin,12/29/2021,12/30/2021,47547.8655,48112.02147,46272.66298,46408.30267,88269733930.67,899887200649.77
Bitcoin,12/28/2021,12/29/2021,50667.98834,50667.98834,47411.71724,47637.8884,59398212508.44,924133638276.19
Bitcoin,12/27/2021,12/28/2021,50787.26383,51950.9126,50459.26364,50650.17144,46958435299.56,965586558289.31
Bitcoin,12/26/2021,12/27/2021,50390.38929,51209.46272,49545.5321,50799.97886,42671826325.33,948264959665.57
Bitcoin,12/25/2021,12/26/2021,50768.743,51098.0328,50260.1839,50629.98124,42058927196.44,961121295103.39
Bitcoin,12/24/2021,12/25/2021,50795.59806,51749.99796,50463.75057,50771.9277,54528629745.78,964931428924.00
Bitcoin,12/23/2021,12/24/2021,48593.0256,51342.02276,48084.81645,50795.70373,48359492622.22,927934023644.02
Bitcoin,12/22/2021,12/23/2021,48903.6213,49527.31386,48452.85848,48648.50605,52735526286.22,925874599957.12
Bitcoin,12/21/2021,12/22/2021,46911.81316,49263.33218,46656.15834,48938.9095,62230469987.56,915084553732.17
Bitcoin,12/20/2021,12/21/2021,46706.43566,47307.35553,45617.23023,46878.42809,51058403683.56,877638144421.87
Bitcoin,12/19/2021,12/20/2021,46778.2382,47999.99979,46455.29839,46686.4963,44667184937.17,891953778428.77
Bitcoin,12/18/2021,12/19/2021,46163.4033,47244.37901,45609.08243,46871.01844,58797940995.61,881039954959.29
Bitcoin,12/17/2021,12/18/2021,47646.9818,47963.7901,45732.72929,46305.32715,57135221176.89,889687060026.46
Bitcoin,12/16/2021,12/17/2021,48858.9746,49286.25028,47550.3447,47709.1644,70100915925.33,918209245783.99
Bitcoin,12/15/2021,12/16/2021,48356.78932,49462.22452,46663.5122,48787.2417,61369380949.33,909423386548.55
Bitcoin,12/14/2021,12/15/2021,46727.9998,48557.38324,46390.6713,48395.29567,67494313141.97,891798583849.69
Bitcoin,12/13/2021,12/14/2021,50071.2779,50165.28866,45948.4917,46745.6254,54139662683.36,911084204454.52
Bitcoin,12/12/2021,12/13/2021,49286.48759,50649.51626,48722.10314,50116.99176,46747982705.78,936560918368.49
Bitcoin,12/11/2021,12/12/2021,47130.0125,49450.04818,46987.9646,49286.36663,63290674631.11,915574764208.59
Bitcoin,12/10/2021,12/11/2021,47639.04474,49937.66278,47092.3307,47092.3307,98359015374.05,911452189464.62
Bitcoin,12/9/2021,12/10/2021,50460.03848,50743.73753,47382.0995,47834.99429,135905608860.44,926809191291.68
Bitcoin,12/8/2021,12/9/2021,50588.98583,51040.02507,48716.6321,50471.21696,128105784092.44,949930410100.51
Bitcoin,12/7/2021,12/8/2021,50520.54442,51898.3728,50164.91839,50559.94761,150922018929.78,962760996130.96
Bitcoin,12/6/2021,12/7/2021,49368.4935,50868.23291,47227.30326,50453.04698,165375344014.22,921705766952.58
Bitcoin,12/5/2021,12/6/2021,49220.046,49633.87158,47780.4392,49217.9124,136894367744.00,926804760642.79
Bitcoin,12/4/2021,12/5/2021,53548.269,53793.5408,44648.3469,49014.11288,166195006606.22,925178880076.14
Bitcoin,12/3/2021,12/4/2021,56489.30066,57369.39985,52673.89288,53708.6772,114935573504.00,1054805699201.32
Bitcoin,12/2/2021,12/3/2021,57190.9823,57347.72285,55902.37063,56405.66892,133521653731.56,1070203438582.32
Bitcoin,12/1/2021,12/2/2021,56970.0072,58958.8099,56546.99557,57173.0795,127630261276.44,1083292316966.75
Bitcoin,11/30/2021,12/1/2021,57767.63041,58994.785,56059.045,57030.12565,111719410744.89,1082408766734.03
Bitcoin,11/29/2021,11/30/2021,57213.04314,58774.7867,56795.1008,57876.49424,104328491548.44,1086833411519.19
Bitcoin,11/28/2021,11/29/2021,54819.26739,57315.01654,53629.7311,57158.66834,72397988451.56,1030718873999.69
Bitcoin,11/27/2021,11/28/2021,53559.31318,55203.7232,53559.31318,54487.45022,85681165966.22,1031832646506.47
Bitcoin,11/26/2021,11/27/2021,58913.59806,59120.01055,53660.19376,53663.60159,90868399886.22,1051040419402.72
Bitcoin,11/25/2021,11/26/2021,57193.1442,59332.884,57011.14865,58907.05076,85144802119.11,1099471586191.52
Bitcoin,11/24/2021,11/25/2021,57531.14977,57693.8412,55970.38654,57103.4606,92075052088.89,1071282953938.94
Bitcoin,11/23/2021,11/24/2021,56257.89896,57831.8167,55778.03776,57672.52894,80273621447.11,1074357246909.38
Bitcoin,11/22/2021,11/23/2021,58711.91337,59060.9948,55688.9573,56369.5245,64891116995.13,1082425278046.92
Bitcoin,11/21/2021,11/22/2021,59669.73598,59845.00034,58544.94993,58681.09231,54396801621.33,1116084489219.46
Bitcoin,11/20/2021,11/21/2021,58068.7452,59815.37361,57486.3794,59815.37361,61671238556.44,1107213020711.44
Bitcoin,11/19/2021,11/20/2021,56959.90007,58289.3682,55653.0576,58046.88915,98574108785.78,1079380838316.29
Bitcoin,11/18/2021,11/19/2021,60347.5863,60862.7211,56542.1638,56749.2716,86652421148.44,1113747141785.63
Bitcoin,11/17/2021,11/18/2021,60110.70413,60733.9861,58758.3434,60338.9249,96569006904.89,1129909400493.66
Bitcoin,11/16/2021,11/17/2021,63609.9984,63609.9984,58904.4092,60189.9985,103183520369.78,1147284421893.60
Bitcoin,11/15/2021,11/16/2021,65499.74201,66263.20558,63539.59327,63715.76978,92914188431.22,1228575749681.02
Bitcoin,11/14/2021,11/15/2021,64385.1823,65255.04686,63622.5547,65255.04686,59249840056.64,1216469725526.53
Bitcoin,11/13/2021,11/14/2021,64173.73874,64849.96494,63412.85981,64471.04362,65339468068.57,1208320622447.26
Bitcoin,11/12/2021,11/13/2021,64774.2645,65379.9618,62434.00796,64315.36364,71878085660.44,1210870198644.84
Bitcoin,11/11/2021,11/12/2021,64933.59977,65579.54906,64198.9734,64800.36102,100838867968.00,1224666570146.10
Bitcoin,11/10/2021,11/11/2021,66929.45112,68769.95537,63347.5012,64871.25216,82515809848.89,1261663607351.07
Bitcoin,11/9/2021,11/10/2021,67510.91942,68476.42018,66358.9336,66913.3364,87830965772.49,1273517674317.19
Bitcoin,11/8/2021,11/9/2021,63278.23164,67669.9704,63278.23164,67500.02474,74247256679.83,1240714967085.55
Bitcoin,11/7/2021,11/8/2021,61454.05234,63180.13308,61333.07988,63180.13308,51662948792.89,1171208655889.88
Bitcoin,11/6/2021,11/7/2021,60958.66574,61525.44862,60082.7512,61416.30848,67753831523.56,1149465104139.71
Bitcoin,11/5/2021,11/6/2021,61419.26964,62479.96392,60770.0089,61026.01799,78060530858.67,1159811159095.94
Bitcoin,11/4/2021,11/5/2021,62906.69418,63048.31302,60739.96193,61367.93383,91063906304.00,1165914279822.19
Bitcoin,11/3/2021,11/4/2021,63167.43465,63445.54734,61652.60251,62941.48199,78078281728.00,1184712183020.69
Bitcoin,11/2/2021,11/3/2021,60939.35966,64070.55689,60681.62164,63175.51239,74053887693.16,1178743364765.80
Bitcoin,11/1/2021,11/2/2021,61290.08156,62368.25764,59674.61041,61065.03107,76192515527.11,1155221485093.07
Bitcoin,10/31/2021,11/1/2021,61855.94186,62379.077,60134.76189,61339.97564,74910356821.33,1151926735422.16
Bitcoin,10/30/2021,10/31/2021,62225.01295,62225.01295,60859.72023,61661.28735,82731468344.89,1161725647399.24
Bitcoin,10/29/2021,10/30/2021,60599.65957,62945.44057,60340.72374,62220.29366,86787949710.22,1160996948405.64
Bitcoin,10/28/2021,10/29/2021,58437.9831,61940.1053,58239.8096,60438.74647,99674333809.78,1135296673708.27
Bitcoin,10/27/2021,10/28/2021,60332.0231,61445.13252,58299.98098,58681.0152,84438787370.67,1121518780792.29
Bitcoin,10/26/2021,10/27/2021,63072.74533,63270.58883,60055.9485,60396.4959,85019446769.78,1174884097102.42
Bitcoin,10/25/2021,10/26/2021,60883.77302,63682.7975,60714.96209,62989.5447,124336882773.33,1180344974286.89
Bitcoin,10/24/2021,10/25/2021,61330.0096,61410.0176,59653.13769,60849.6164,78674725788.44,1144507013385.83
Bitcoin,10/23/2021,10/24/2021,60690.28731,61723.89097,60130.01034,61238.6222,99046595242.67,1151640556060.20
Bitcoin,10/22/2021,10/23/2021,62196.96439,63656.36558,60156.94244,60694.00001,105551377578.67,1172124092074.46
Bitcoin,10/21/2021,10/22/2021,65961.04976,66605.56916,62072.1813,62298.09301,114587804017.78,1212679643295.35
Bitcoin,10/20/2021,10/21/2021,64252.7263,66931.09229,63641.1954,65986.30294,97986327751.11,1224181952163.03
Bitcoin,10/19/2021,10/20/2021,62020.0126,64428.9705,61735.8207,64217.0839,85006746873.67,1182180787104.11
Bitcoin,10/18/2021,10/19/2021,61543.2647,62548.00971,60293.98,61953.2331,98838596113.90,1164673652771.04
Bitcoin,10/17/2021,10/18/2021,60867.89484,61582.25155,59381.23163,61582.25155,99027803955.20,1146551557538.96
Bitcoin,10/16/2021,10/17/2021,61698.03022,62339.3663,60217.25944,60860.89184,120671026625.12,1154753101204.41
Bitcoin,10/15/2021,10/16/2021,57312.38379,62563.01739,56896.81194,61526.33413,86118647815.14,1128342374834.09
Bitcoin,10/14/2021,10/15/2021,57385.8884,58392.5231,56931.28418,57351.73842,74616135622.11,1085970068063.61
Bitcoin,10/13/2021,10/14/2021,56030.57101,57686.24038,54357.84562,57357.6067,87099681979.49,1056253205676.80
Bitcoin,10/12/2021,10/13/2021,57399.22647,57556.7006,54375.79372,56035.85825,106240113166.63,1066872557318.11
Bitcoin,10/11/2021,10/12/2021,54695.9213,57736.51717,54559.1573,57399.22647,101108074300.61,1067886941557.11
Bitcoin,10/10/2021,10/11/2021,54926.17141,56211.9658,54267.53884,54689.5713,85188122481.78,1038986399008.82
Bitcoin,10/9/2021,10/10/2021,53962.199,55386.05415,53800.0415,55102.17221,77278436707.56,1030962211132.87
Bitcoin,10/8/2021,10/9/2021,53781.69778,55945.81379,53695.4158,53892.9323,83169587982.22,1025574001390.98
Bitcoin,10/7/2021,10/8/2021,55315.91067,55315.91067,53519.69323,53809.13817,88802412237.16,1023645531853.30
Bitcoin,10/6/2021,10/7/2021,51500.05703,55556.80394,50416.72833,55385.44519,77199761550.22,996348281000.79
Bitcoin,10/5/2021,10/6/2021,49273.7109,51785.31599,49066.9156,51545.04937,68596958151.11,942701045366.05
Bitcoin,10/4/2021,10/5/2021,48186.6468,49425.78169,47004.98982,49176.7613,60738746936.89,906668798743.16
Bitcoin,10/3/2021,10/4/2021,47674.37104,49163.39915,47217.72132,48144.1454,47566767232.00,903971729927.26
Bitcoin,10/2/2021,10/3/2021,48147.56863,48247.9417,47467.8388,47710.5155,60614023324.44,900563548592.78
Bitcoin,10/1/2021,10/2/2021,43767.70377,48388.03602,43346.02043,48080.37284,63060539363.56,866976038908.82
Bitcoin,9/30/2021,10/1/2021,41536.5941,44032.2945,41466.71242,43797.5922,54175087118.22,814537665339.79
Bitcoin,9/29/2021,9/30/2021,41004.5985,42564.9902,40902.2538,41543.6399,50405842857.77,787462238462.27
Bitcoin,9/28/2021,9/29/2021,42111.84328,42732.0151,40909.3105,40909.3105,51750097181.07,789471244170.24
Bitcoin,9/27/2021,9/28/2021,43204.9623,44237.90884,42262.0159,42278.30996,51031440797.96,819023980137.46
Bitcoin,9/26/2021,9/27/2021,42670.36335,43740.0173,40775.9248,43209.8655,46581943142.18,804930001509.43
Bitcoin,9/25/2021,9/26/2021,42803.6421,42964.07264,41707.48748,42718.93784,66894799872.00,801353904599.71
Bitcoin,9/24/2021,9/25/2021,44863.4232,45032.8886,40926.9377,42748.0353,68753344062.44,811470261987.59
Bitcoin,9/23/2021,9/24/2021,43536.0381,44908.0991,43121.9541,44844.228,67141167914.67,829450862936.51
Bitcoin,9/22/2021,9/23/2021,40718.9889,43928.4276,40718.9889,43579.97298,101514436494.22,800930040691.04
Bitcoin,9/21/2021,9/22/2021,42832.2783,43525.1413,39870.47917,40538.4344,85540318435.56,798979735863.03
Bitcoin,9/20/2021,9/21/2021,47236.5087,47236.5087,42569.40614,42966.0101,72526282808.89,840040904099.31
Bitcoin,9/19/2021,9/20/2021,48310.0679,48349.9686,46969.9883,47201.5018,51351781646.22,898130000198.33
Bitcoin,9/18/2021,9/19/2021,47281.1175,48748.5343,47095.6628,48210.7774,52242868759.19,907532428987.45
Bitcoin,9/17/2021,9/18/2021,47762.1245,48128.16429,46871.8919,47197.5518,53341337585.78,895175270898.01
Bitcoin,9/16/2021,9/17/2021,48150.0101,48445.8989,47028.2465,47816.2504,59031345166.22,901061187442.53
Bitcoin,9/15/2021,9/16/2021,47068.4868,48406.6771,46779.27565,48092.9703,68721306040.89,894934521116.17
Bitcoin,9/14/2021,9/15/2021,44932.42346,47173.6667,44836.98509,47012.9104,77498384326.91,866007100849.46
Bitcoin,9/13/2021,9/14/2021,46057.4156,46249.98932,43389.23248,44990.02141,65135996771.56,842638247793.95
Bitcoin,9/12/2021,9/13/2021,45136.6393,46381.79225,44759.75497,46058.0015,48187149198.22,858416002994.95
Bitcoin,9/11/2021,9/12/2021,44852.1612,45910.01637,44808.3803,45096.0509,55353657422.49,853423500160.22
Bitcoin,9/10/2021,9/11/2021,46376.4646,47022.95032,44238.2997,44833.0831,55572355650.01,863815094640.10
Bitcoin,9/9/2021,9/10/2021,46051.3805,47214.44558,45638.96516,46319.9526,67899230933.33,873008832613.64
Bitcoin,9/8/2021,9/9/2021,46778.3093,47282.8692,44516.4766,45972.9463,106991221447.11,870520273386.59
Bitcoin,9/7/2021,9/8/2021,52668.6218,52871.6858,43753.2266,46881.9971,82249292259.56,939586811268.71
Bitcoin,9/6/2021,9/7/2021,51747.2295,52707.1749,50987.3603,52639.2443,59320284405.18,973527553044.16
Bitcoin,9/5/2021,9/6/2021,49914.74827,51832.9458,49488.1832,51698.7267,53857252209.78,946435855097.44
Bitcoin,9/4/2021,9/5/2021,50001.53054,50525.7903,49515.9757,49974.09728,66721901411.56,941241509428.43
Bitcoin,9/3/2021,9/4/2021,49289.8967,50999.9809,48483.7843,49987.63657,75273290555.76,938164581711.41
Bitcoin,9/2/2021,9/3/2021,48829.9747,50315.5681,48713.4627,49318.558,68777141351.47,933396767980.51
Bitcoin,9/1/2021,9/2/2021,47131.564,48930.0114,46549.0158,48744.6322,60738599082.67,896181279580.89
Bitcoin,8/31/2021,9/1/2021,46973.534,48071.28886,46721.1751,47225.2696,56943712625.78,889195144813.94
Bitcoin,8/30/2021,8/31/2021,48763.4158,48822.33168,46972.978,47020.6765,48179454137.53,903670570540.53
Bitcoin,8/29/2021,8/30/2021,48879.928,49549.8061,48002.0103,48876.7643,48229478485.63,914254355209.15
Bitcoin,8/28/2021,8/29/2021,49042.1753,49255.7015,48483.4611,48864.0249,53492946569.01,918698539920.87
Bitcoin,8/27/2021,8/28/2021,46838.8608,49075.8157,46359.9806,49005.9495,57376285724.44,896916691457.44
Bitcoin,8/26/2021,8/27/2021,48987.1091,49327.9881,46471.708,47130.6185,63803503262.77,889986412584.57
Bitcoin,8/25/2021,8/26/2021,47680.9414,49158.38949,47167.0213,48939.9658,60151994652.44,906908256405.46
Bitcoin,8/24/2021,8/25/2021,49540.1129,49828.03845,47734.0314,47734.0314,65083046847.55,919046656036.48
Bitcoin,8/23/2021,8/24/2021,49279.95149,50444.79609,49095.00496,49486.4032,63427233891.56,937077207548.41
Bitcoin,8/22/2021,8/23/2021,48845.54568,49451.46797,48231.35191,49223.94712,54305803374.61,918252636933.95
Bitcoin,8/21/2021,8/22/2021,49307.45729,49685.0916,48344.5907,49000.4242,66932790903.53,920956990033.82
Bitcoin,8/20/2021,8/21/2021,46753.2071,49290.63142,46669.4994,49270.61315,64823787278.22,897465475109.45
Bitcoin,8/19/2021,8/20/2021,44752.5042,46907.19985,43977.6917,46666.8683,57015323932.44,849460246207.73
Bitcoin,8/18/2021,8/19/2021,44681.517,45892.6758,44342.7328,44856.0324,74813786339.56,847896521850.95
Bitcoin,8/17/2021,8/18/2021,45942.6024,47029.59826,44569.5598,44569.5598,76216552899.13,863499932236.14
Bitcoin,8/16/2021,8/17/2021,47056.2741,47968.2045,45669.48159,45906.7425,66521713774.61,881240961277.86
Bitcoin,8/15/2021,8/16/2021,47056.9824,47320.043,45608.9681,47057.4919,60388411064.89,871847138944.45
Bitcoin,8/14/2021,8/15/2021,47794.48831,48083.78693,46151.36398,47053.5097,63747047793.78,884526105404.99
Bitcoin,8/13/2021,8/14/2021,44399.9813,47799.97212,44259.2683,47799.97212,66684585358.22,867420364756.22
Bitcoin,8/12/2021,8/13/2021,45554.7756,46204.28381,43889.5745,44434.3365,80625549752.89,843658955881.71
Bitcoin,8/11/2021,8/12/2021,45587.99083,46698.7934,45384.81717,45670.172,65924957909.33,865313524334.51
Bitcoin,8/10/2021,8/11/2021,46306.06843,46510.7161,44647.9385,45543.91666,72283654172.44,856134898662.81
Bitcoin,8/9/2021,8/10/2021,43793.24565,46433.78513,42875.91536,46265.47428,74184672056.89,842714141698.14
Bitcoin,8/8/2021,8/9/2021,44598.25,45262.10928,43332.65926,43780.2388,75737447466.67,832151493680.01
Bitcoin,8/7/2021,8/8/2021,42775.45633,44665.77153,42690.12645,44665.77153,74440143148.76,817328586551.62
Bitcoin,8/6/2021,8/7/2021,40863.39531,42997.39,39960.03693,42792.7879,70411983530.67,776250570813.44
Bitcoin,8/5/2021,8/6/2021,39740.02634,41286.96,37462.4961,40849.95098,59042920661.33,740145761053.04
Bitcoin,8/4/2021,8/5/2021,38200.89,39940.04605,37616.06,39772.4717,55749176732.44,726853585219.34
Bitcoin,8/3/2021,8/4/2021,39178.21564,39651.20809,37817.15,38255.05,58660971022.22,722087350783.23
Bitcoin,8/2/2021,8/3/2021,39918.95677,40368.21,38759.76,39153.01029,66317530652.44,743370673763.24
Bitcoin,8/1/2021,8/2/2021,41582.55976,42475.97429,39657.24643,40120.70072,58507194382.22,778532262681.45
Bitcoin,7/31/2021,8/1/2021,42278.66,42278.66,41142.88,41700.99674,73216348003.56,781288809337.94
Bitcoin,7/30/2021,7/31/2021,39990.47,42094.78,38371.28193,42094.78,58156415288.89,743518127668.97
Bitcoin,7/29/2021,7/30/2021,40016.36,40542.05,39339.65928,39993.53,71065073251.56,747876722584.43
Bitcoin,7/28/2021,7/29/2021,39454.99,40816.35,38937.84,39999.97,86298185116.44,747991262254.27
Bitcoin,7/27/2021,7/28/2021,37292.76,39204.3,36462.03,39184.61,88056814919.11,706886857254.70
Bitcoin,7/26/2021,7/27/2021,35340.07,40497.98788,35321.9,37211.42,84057801560.31,718521334086.50
Bitcoin,7/25/2021,7/26/2021,34245.83567,35244.4,33899.69547,35227.35,40433578091.04,644752032173.80
Bitcoin,7/24/2021,7/25/2021,33577.41288,34484.24,33432.42031,34211.77,48296097848.89,635148001917.19
Bitcoin,7/23/2021,7/24/2021,32293.94,33506.09382,32075.86308,33506.09382,43696585344.00,609309809498.15
Bitcoin,7/22/2021,7/23/2021,32129.59,32489.11,31734.31,32338.55,54591578894.22,602767264602.47
Bitcoin,7/21/2021,7/22/2021,29801.49,32766.05656,29541.54,32142.94,50268395206.02,585072482636.48
Bitcoin,7/20/2021,7/21/2021,30813.64,30944.29,29354.71,29759.93,47087937607.11,559670772835.04
Bitcoin,7/19/2021,7/20/2021,31771.72,31882.70299,30553.73,30851.95,36608378154.67,584947899229.46
Bitcoin,7/18/2021,7/19/2021,31513,32372.27,31309.97,31813,35431331811.56,595821087426.87
Bitcoin,7/17/2021,7/18/2021,31382.29,31887.17,31207.82,31570.17,39981969159.11,591794208880.11
Bitcoin,7/16/2021,7/17/2021,31750.78,32181.79523,31110.21247,31385.55,54022773717.33,595476652907.69
Bitcoin,7/15/2021,7/16/2021,32824.58581,33141.4,31206.51,31641.44705,55759464576.00,602118163097.95
Bitcoin,7/14/2021,7/15/2021,32716.29421,33046.03,31717.78,32776.13963,47348114517.33,609145086950.14
Bitcoin,7/13/2021,7/14/2021,33149.98568,33285.78218,32272.67,32567.57251,54416065045.33,616022524218.37
Bitcoin,7/12/2021,7/13/2021,34224.74266,34561.15,32707.30431,33219.352,59765045361.78,631940462199.15
Bitcoin,7/11/2021,7/12/2021,33511.51654,34534.33,33324.92,34249.77404,55801800860.99,633661622140.19
Bitcoin,7/10/2021,7/11/2021,33813.49467,34215.51588,33139.69,33548.81733,66022713756.44,631995994564.46
Bitcoin,7/9/2021,7/10/2021,32896.81031,34037.42773,32321.36,33866.19638,76918683136.00,621900214874.87
Bitcoin,7/8/2021,7/9/2021,33868.69289,33868.69289,32094.25,32837.96027,66246736881.78,616771714032.40
Bitcoin,7/7/2021,7/8/2021,34220.71217,34955.62,33861.4074,33867.46512,57955368704.00,647785958079.96
Bitcoin,7/6/2021,7/7/2021,33691.16529,35046.03,33648.66118,34106.80638,61017993116.44,640276009207.82
Bitcoin,7/5/2021,7/6/2021,35308.19788,35308.19788,33125.6,33866.54475,50617003704.89,639199767237.07
Bitcoin,7/4/2021,7/5/2021,34674.43979,35920.38,34400.02867,35312.38754,38805155754.67,661282250051.15
Bitcoin,7/3/2021,7/4/2021,33803.88376,34884.82,33402.3,34698.30313,40253461668.70,642886925899.23
Bitcoin,7/2/2021,7/3/2021,33504.93,33861.64,32781.64959,33846.00709,53898509084.44,623898253988.09
Bitcoin,7/1/2021,7/2/2021,35019.70484,35019.70484,32869.75348,33628.67,55957183184.72,632116199377.63
Bitcoin,6/30/2021,7/1/2021,35857.882,36081.62983,34140.02,35060.42897,57470426222.61,654591266167.68
Bitcoin,6/29/2021,6/30/2021,34472.11,36469.99821,34266.76,35840.38647,58783976277.33,666182520524.93
Bitcoin,6/28/2021,6/29/2021,34622,35103.5689,33989.95,34439.12,56438771250.48,646021908096.82
Bitcoin,6/27/2021,6/28/2021,32274.97,34579.03,32102.58,34579.03,60510865624.34,619229331443.39
Bitcoin,6/26/2021,6/27/2021,31664.78879,32618.30514,30193.54342,31858.58,68428884822.56,589940076929.73
Bitcoin,6/25/2021,6/26/2021,34662.83097,35441.65067,31355.44,31708.50893,60748465087.55,625649652814.01
Bitcoin,6/24/2021,6/25/2021,33612.34,35176.7345,32324.01,34580.35118,60517323379.74,631375005549.93
Bitcoin,6/23/2021,6/24/2021,32470.84,34720.77,31769.26,33646.15,96666188116.13,632330156621.06
Bitcoin,6/22/2021,6/23/2021,31694.01,33282.26978,28899.97,32366.97,97091051263.11,599557521030.08
Bitcoin,6/21/2021,6/22/2021,35677.32937,35677.32937,31297.75,31606.39,78609740781.78,621632197016.75
Bitcoin,6/20/2021,6/21/2021,35548.68,35906.57,33457.07702,35648.51716,55193357752.89,657157712382.26
Bitcoin,6/19/2021,6/20/2021,35727.16,36292.91,34857.74,35635.38,62826737678.22,669780574179.88
Bitcoin,6/18/2021,6/19/2021,38026.05,38128.36,35220.87738,35577.47,61575865500.44,693100773044.26
Bitcoin,6/17/2021,6/18/2021,38340.49131,39522.52,37537.71,38082.08,69040871645.21,723367484384.61
Bitcoin,6/16/2021,6/17/2021,40160.01,40438.51173,38188.00621,38290.04332,64077215237.35,738603361115.72
Bitcoin,6/15/2021,6/16/2021,40527.71,41267.29017,39656.74025,40204.51,72036187548.44,753254894034.29
Bitcoin,6/14/2021,6/15/2021,39106.54,40920.03,38785.32,40499.97,76608277489.78,742966801820.65
Bitcoin,6/13/2021,6/14/2021,35506.77,39356.80282,34842.27,38990,57312107534.22,681338537450.50
Bitcoin,6/12/2021,6/13/2021,37328.2,37328.2,34749.957,35538.3,63889684892.44,668970872519.40
Bitcoin,6/11/2021,6/12/2021,36646.86,37565.99,36061.67,37200.35,65346487153.78,692821940181.23
Bitcoin,6/10/2021,6/11/2021,37343.28596,38252.79,35840.02,36870.06,79255034405.46,692715176885.74
Bitcoin,6/9/2021,6/10/2021,33403.62668,37505.98587,32431.61,37345.04492,72582508401.78,652523327949.79
Bitcoin,6/8/2021,6/9/2021,33566.18,33999.95541,31221.09,33369.13806,67316790680.17,615422095652.63
Bitcoin,6/7/2021,6/8/2021,35827.5,36782.91,33550.00408,33550.00408,51875832504.89,671980076063.16
Bitcoin,6/6/2021,6/7/2021,35512.37,36395.11991,35300.45,35781.01,54522810549.37,673081231184.97
Bitcoin,6/5/2021,6/6/2021,36847.86,37883.49451,34920.83,35510.26,60989365546.67,685053016475.59
Bitcoin,6/4/2021,6/5/2021,39192.46,39192.46,35779.58,36908.14,67365715555.56,694379238360.52
Bitcoin,6/3/2021,6/4/2021,37573.72,39429.13,37258.55,39152.71,58852534940.44,721335768939.07
Bitcoin,6/2/2021,6/3/2021,36679.41,38208.60717,36035.88,37622.43,65099865344.00,697910974156.71
Bitcoin,6/1/2021,6/2/2021,37271.48845,37790.23643,35743.88922,36606.39,67803254598.47,684853201608.06
Bitcoin,5/31/2021,6/1/2021,35634.7,37491.61,34214.44835,37303.75009,84345634530.56,676387670384.38
Bitcoin,5/30/2021,5/31/2021,34575.84,36310.19,33528.7,35618.15758,74745448304.78,663876381066.30
Bitcoin,5/29/2021,5/30/2021,35664.87,37151.65761,33662.24536,34523.41,78991545500.44,659570931291.02
Bitcoin,5/28/2021,5/29/2021,38453.42613,38760.06116,34780.97,35670.7,70858555177.92,684848737522.13
Bitcoin,5/27/2021,5/28/2021,39228.17715,40249.96678,37208.09,38479.69228,71587942584.89,725542174810.85
Bitcoin,5/26/2021,5/27/2021,38318.9412,40709.59481,37953.43432,39184.76165,75075011441.78,733964555265.74
Bitcoin,5/25/2021,5/26/2021,38695.5686,39718.89322,36544.91425,38165.78818,87992997205.33,711605190043.70
Bitcoin,5/24/2021,5/25/2021,34794.26833,39670.04,34500.65773,38619.3971,108924114127.66,691331455616.96
Bitcoin,5/23/2021,5/24/2021,37499.78,38198.16,31282.72037,34834.68224,86352787200.00,655319326893.76
Bitcoin,5/22/2021,5/23/2021,37222.41634,38706.64,35460.72262,37555,113989186247.11,701047511242.11
Bitcoin,5/21/2021,5/22/2021,40480.23,42023.62,33610.37,37242.9427,111544715889.78,730875968423.02
Bitcoin,5/20/2021,5/21/2021,36860.23211,42326.97,35183.74418,40389.77811,189296826007.01,744282948119.54
Bitcoin,5/19/2021,5/20/2021,42853.96457,43499.88979,31500.00338,36974.61474,145277986785.25,730792972233.57
Bitcoin,5/18/2021,5/19/2021,43532.31305,45697.75,42370.44485,43019.7743,97378342014.94,826103820088.32
Bitcoin,5/17/2021,5/18/2021,46408.69,46408.69,42289.75392,43590.92217,113942304201.85,828487211711.76
Bitcoin,5/16/2021,5/17/2021,46770.57,49696.09254,44041.16209,46395.05,86152547557.69,892441182837.71
Bitcoin,5/15/2021,5/16/2021,49862.09479,50567.6576,46774.63,46786.61,80418871902.00,913495927383.29
Bitcoin,5/14/2021,5/15/2021,49702.01332,51384.65381,48900.16679,49884.92,104643650677.33,937878585892.23
Bitcoin,5/13/2021,5/14/2021,49776.06802,51298.13,47215.48132,49655.62103,147012793468.85,931899652928.18
Bitcoin,5/12/2021,5/13/2021,56677.85135,57885.79931,50482.43448,50482.43448,91534666588.09,1045391438304.24
Bitcoin,5/11/2021,5/12/2021,55805.02962,56828.85543,54549.9254,56721.83384,109665832582.42,1044004192054.69
Bitcoin,5/10/2021,5/11/2021,58215.44392,59447.8705,54598.96595,55772.28125,97599777790.61,1079307825850.62
Bitcoin,5/9/2021,5/10/2021,58770.01296,59112.95893,56327.67465,58169.72762,102692816568.36,1083790449997.38
Bitcoin,5/8/2021,5/9/2021,57336.81,59430.90584,57008.19,58711.17203,96516445928.85,1093435833061.55
Bitcoin,5/7/2021,5/8/2021,56387.69,58550.19154,55406.83887,57339.55,96543881308.77,1061921862761.87
Bitcoin,5/6/2021,5/7/2021,57424.97,58305.62094,55400.03694,56484.49,97608603995.23,1064446944567.30
Bitcoin,5/5/2021,5/6/2021,53233.72954,57850.88587,53233.72954,57338.36,104577993093.76,1044403338260.69
Bitcoin,5/4/2021,5/5/2021,57160.54134,57160.54134,53300.38469,53329.38764,104329510588.69,1033465775783.51
Bitcoin,5/3/2021,5/4/2021,56566.43,58895.89,56552.03,57211.40864,79856745597.95,1082878568187.48
Bitcoin,5/2/2021,5/3/2021,57794.46273,57853.37996,56149.03829,56563.76,70170320535.81,1062364792634.54
Bitcoin,5/1/2021,5/2/2021,57710.51331,58433.61184,57105.14368,57793.51887,84085140057.66,1079591278280.62
Bitcoin,4/30/2021,5/1/2021,53548.82,57814.9451,53099.4,57758.64693,81510348962.77,1032701217461.45
Bitcoin,4/29/2021,4/30/2021,54808.95793,55158.00221,52390.85595,53610.42906,78228039365.64,1006900370692.33
Bitcoin,4/28/2021,4/29/2021,55007.1236,56159.30524,53877.65047,54766.5393,79980719164.70,1023297672247.41
Bitcoin,4/27/2021,4/28/2021,53993.06774,55392.54578,53305.02,54924.0147,88040474935.71,1019353281891.47
Bitcoin,4/26/2021,4/27/2021,49045.57322,54229.30138,48817.99382,53954.40657,97639482840.27,988564795880.43
Bitcoin,4/25/2021,4/26/2021,50069.18687,50471.37,47199.80667,48987.68164,73945549997.84,927035095761.89
Bitcoin,4/24/2021,4/25/2021,51084.09851,51084.09851,48769.31857,50007.71595,118673612341.05,934950269595.58
Bitcoin,4/23/2021,4/24/2021,51740.14985,52049.55425,47731.2,51020.04115,172670297787.20,931686556046.23
Bitcoin,4/22/2021,4/23/2021,53868.59,55331.42799,50591.89962,51843.6798,127377801203.74,1005208001116.48
Bitcoin,4/21/2021,4/22/2021,56453.86,56715.88528,53714.77,53889.33,114642171908.69,1035703581381.61
Bitcoin,4/20/2021,4/21/2021,55653.85188,56983.76,53488.26,56363.62,122923034039.23,1036449270399.13
Bitcoin,4/19/2021,4/20/2021,56183.52046,57424.30537,54333.8996,55653.24487,139509205538.41,1052425348213.24
Bitcoin,4/18/2021,4/19/2021,60028.39,60274.64,52569.43989,56037.12872,185812398998.34,1045652144527.69
Bitcoin,4/17/2021,4/18/2021,61342.96888,62420.53926,59767.22,60078.27,159749829773.17,1144740077837.98
Bitcoin,4/16/2021,4/17/2021,63207.09,63493.56,60153.64549,61504.76862,165610153604.99,1152385884372.28
Bitcoin,4/15/2021,4/16/2021,62999.98263,63628.83,62090.5,63183.14,169238154522.36,1174837897129.07
Bitcoin,4/14/2021,4/15/2021,63545.12,64816.10187,61529.32,62628.97594,173884088327.92,1184937003554.74
Bitcoin,4/13/2021,4/14/2021,59868.27,63720.71,59868.27,63528.48,158430038672.49,1161411096747.81
Bitcoin,4/12/2021,4/13/2021,60007.79302,61095.00873,59586.15403,59940.53,100979406140.75,1123013039967.37
Bitcoin,4/11/2021,4/12/2021,59716.55342,60590.05514,59246.5039,60018.28649,97875436776.96,1117365110731.62
Bitcoin,4/10/2021,4/11/2021,58135.35,61210.69,57951.92391,59747.4368,103026133874.74,1118708770341.17
Bitcoin,4/9/2021,4/10/2021,58077.06,58841.41,57722.22056,58159.44,77270327841.63,1087296640269.73
Bitcoin,4/8/2021,4/9/2021,55872.86378,58087.98073,55819.74104,58019.88,104686589216.23,1067929892061.73
Bitcoin,4/7/2021,4/8/2021,57979.29682,58627.11289,55558.49699,56073.47156,109029801399.04,1064137361929.33
Bitcoin,4/6/2021,4/7/2021,59096.00169,59398.74289,57599.94356,58093.23833,104554598225.68,1091770394390.88
Bitcoin,4/5/2021,4/6/2021,58197.97873,59134.63,56844.94889,58777.73936,97931171132.71,1084528725630.70
Bitcoin,4/4/2021,4/5/2021,57092.44616,58412.53402,56589.61934,58215.19,104713372859.30,1077506387550.92
Bitcoin,4/3/2021,4/4/2021,58975.83354,59690.99804,57022.93147,57139.13796,91212846892.23,1100367640719.89
Bitcoin,4/2/2021,4/3/2021,58727.64838,60063.77636,58529.49812,58963.3276,105128774133.55,1106625591884.89
Bitcoin,4/1/2021,4/2/2021,58751.79059,59319.27069,58147.84487,58755.61518,115654009708.87,1099175922465.88
Bitcoin,3/31/2021,4/1/2021,58763.82796,59777.71,57447.36,58719.45437,102853343111.28,1095749772784.00
Bitcoin,3/30/2021,3/31/2021,57612.52299,59311.03858,57140.7,58693.94856,98089413349.63,1089305782131.29
Bitcoin,3/29/2021,3/30/2021,55748.63201,58339.97395,54994.35,57664.85097,91499980031.04,1062399656260.84
Bitcoin,3/28/2021,3/29/2021,55841.63478,56489.17,54850.21,55861.95,82011404713.58,1042070133008.19
Bitcoin,3/27/2021,3/28/2021,55008.05654,56456.80392,54033.56868,55917.88011,88506866566.93,1029633507508.17
Bitcoin,3/26/2021,3/27/2021,51355.70456,55002.76979,51355.70456,55002.76979,108542946098.89,992845345259.76
Bitcoin,3/25/2021,3/26/2021,52382.79787,53139.13024,50572.98433,51412.19201,131460234153.92,972876679744.13
Bitcoin,3/24/2021,3/25/2021,54464.9413,57028.63,52075.59068,52584.7854,99933043546.18,1029272089119.49
Bitcoin,3/23/2021,3/24/2021,54185.29358,55799.02,53213.99895,54599.96181,109449851792.81,1020684367089.92
Bitcoin,3/22/2021,3/23/2021,57384.45758,58200.01,53833.72378,54249.99078,92548643674.98,1059665036029.67
Bitcoin,3/21/2021,3/22/2021,58057.69,58549.97,55928.75215,57392.2057,95572143441.68,1068857787372.28
Bitcoin,3/20/2021,3/21/2021,58098.07839,59869.85,58016.57963,58219.82,87958442364.33,1096422104535.93
Bitcoin,3/19/2021,3/20/2021,57666.27321,59448.83114,56348.06484,58091.62367,101631795534.46,1087318165332.24
Bitcoin,3/18/2021,3/19/2021,58891.032,60024.60188,57287.61193,57687.52056,113184110344.01,1090993900551.08
Bitcoin,3/17/2021,3/18/2021,56857.30607,58863.67749,54376.49473,58711.97874,103479709533.54,1047096715188.06
Bitcoin,3/16/2021,3/17/2021,55571.19384,56788.88401,53393.03365,56455.99844,129824122177.71,1032475724522.93
Bitcoin,3/15/2021,3/16/2021,59150.40303,60550.87471,55338.28094,55723.94916,127943028372.57,1072861279123.03
Bitcoin,3/14/2021,3/15/2021,61219.34843,61617.99661,59380.01894,59380.01894,122350418659.22,1127962802204.37
Bitcoin,3/13/2021,3/14/2021,57250.13788,61662.20596,56089.27398,61297.99739,133874862330.60,1096783082569.13
Bitcoin,3/12/2021,3/13/2021,57716.88167,58031.00081,55195.34972,57278.15502,132357056562.19,1059963767316.94
Bitcoin,3/11/2021,3/12/2021,55865.29983,58131.33583,54483.02539,57633.69981,138622973047.76,1049412610454.16
Bitcoin,3/10/2021,3/11/2021,54854.79161,57286.43245,53174.3772,55998.73927,120454358101.13,1032239421687.42
Bitcoin,3/9/2021,3/10/2021,52265.0162,54839.97917,51976.01916,54759.46169,117158259798.89,1006047046299.86
Bitcoin,3/8/2021,3/9/2021,50934.4446,52326.86244,49375.17428,52326.86244,101647849696.19,946662347610.63
Bitcoin,3/7/2021,3/8/2021,48872.69398,51409.22675,48872.69398,51409.22675,86479140578.55,935917409235.79
Bitcoin,3/6/2021,3/7/2021,48819.98456,49081.95351,47155.95754,48884.80043,97560333723.04,901644582923.76
Bitcoin,3/5/2021,3/6/2021,48450.01622,49389.9809,46414.58864,48901.91568,117859323450.23,889473556807.43
Bitcoin,3/4/2021,3/5/2021,50451.11924,51738.86485,47633.15424,48523.77958,119186130857.48,920924781727.39
Bitcoin,3/3/2021,3/4/2021,48466.45634,52513.11529,48144.56479,50593.57978,108365200914.17,939512750119.21
Bitcoin,3/2/2021,3/3/2021,49589.98382,50179.37278,47150.26016,48245.59608,111601588572.60,905796140014.71
Bitcoin,3/1/2021,3/2/2021,45109.07003,49752.65017,45015.58423,49557.93686,112766464735.36,886579969867.64
Bitcoin,2/28/2021,3/1/2021,46132.38706,46540.99196,43164.54281,44986.74483,94856286509.81,834743254119.48
Bitcoin,2/27/2021,2/28/2021,46266.02663,48346.55295,45136.06253,46202.31375,119956885361.71,878310825155.02
Bitcoin,2/26/2021,2/27/2021,46986.59753,48380.67122,44499.99779,46205.25772,136768565573.62,868707953809.02
Bitcoin,2/25/2021,2/26/2021,49668.13321,51791.92133,47264.2166,47372.37799,124602948614.85,931552716323.33
Bitcoin,2/24/2021,2/25/2021,48889.93049,51223.54034,47169.0711,49577.66705,174558097499.39,927168184009.36
Bitcoin,2/23/2021,2/24/2021,54099.98066,54099.98066,45256.17983,48514.38215,212151513117.87,913257487103.74
Bitcoin,2/22/2021,2/23/2021,57411.01182,57411.01182,49410.20163,54153.65519,149261235644.12,1019306544378.42
Bitcoin,2/21/2021,2/22/2021,55969.53062,58301.83149,55560.54183,57367.94614,139771860152.96,1062173524746.62
Bitcoin,2/20/2021,2/21/2021,55841.11051,57530.02169,54753.83424,56008.78744,140453622250.90,1047912759137.89
Bitcoin,2/19/2021,2/20/2021,51564.7174,56229.12061,50856.48518,55795.15505,113055134900.89,989022402978.75
Bitcoin,2/18/2021,2/19/2021,52091.92583,52493.72668,50920.66693,51656.84687,120111456625.69,966867951236.20
Bitcoin,2/17/2021,2/18/2021,49128.60789,52514.9566,49088.69797,52127.62093,142714894908.71,948273280355.44
Bitcoin,2/16/2021,2/17/2021,47927.98726,50344.0175,47187.62454,49261.05077,128596282134.79,909963253204.20
Bitcoin,2/15/2021,2/16/2021,48643.60341,48884.83731,46167.9802,47981.97749,121933582464.32,890979166011.12
Bitcoin,2/14/2021,2/15/2021,47123.82071,49566.06073,47123.82071,48673.32971,144739442865.16,904294295184.94
Bitcoin,2/13/2021,2/14/2021,47299.70322,48089.52149,46402.36769,47056.76956,143039618394.04,879475823410.59
Bitcoin,2/12/2021,2/13/2021,47991.93716,48654.38443,46459.80561,47622.56892,137346856098.89,885659635122.48
Bitcoin,2/11/2021,2/12/2021,44809.54216,48523.09966,44049.82299,47680.42444,125776147417.46,860969534626.38
Bitcoin,2/10/2021,2/11/2021,46504.7999,47281.52642,43864.28056,44866.50228,129490884290.82,852080990171.57
Bitcoin,2/9/2021,2/10/2021,46533.33694,47893.55162,45164.66799,46511.52058,183198175979.18,868140615964.04
Bitcoin,2/8/2021,2/9/2021,38857.11695,46225.49641,38044.11047,46225.49641,118889434701.57,766279221913.98
Bitcoin,2/7/2021,2/8/2021,39260.74066,39654.67037,37389.63496,38888.63824,102991144866.26,720053161966.95
Bitcoin,2/6/2021,2/7/2021,38300.04419,40858.55162,38288.98665,39191.50755,106251967992.13,742154277235.80
Bitcoin,2/5/2021,2/6/2021,36977.78267,38280.06292,36634.28566,37945.96447,100182647822.41,699542082662.31
Bitcoin,2/4/2021,2/5/2021,37659.04057,38734.57556,36321.73443,36938.03487,95050564959.05,698357377544.65
Bitcoin,2/3/2021,2/4/2021,35476.14181,37565.35781,35476.14181,37551.93435,89352747406.27,680092225536.13
Bitcoin,2/2/2021,2/3/2021,33536.47807,35943.3423,33536.47807,35507.12771,86758683273.67,645559209205.84
Bitcoin,2/1/2021,2/2/2021,33082.84377,34599.99767,32402.29413,33513.4412,89774569869.48,627169519579.20
Bitcoin,1/31/2021,2/1/2021,34275.23155,34275.23155,32213.31833,33136.13947,79168365015.20,622243238404.28
Bitcoin,1/30/2021,1/31/2021,34309.76665,34823.46647,33037.98619,34333.10794,144056482145.47,633604068982.44
Bitcoin,1/29/2021,1/30/2021,33332.49175,38320.82553,32011.6803,34241.18685,152370872355.52,651330512374.76
Bitcoin,1/28/2021,1/29/2021,30400.93093,33755.54937,29932.9088,33117.57284,102591907666.95,590626513517.47
Bitcoin,1/27/2021,1/28/2021,32503.85599,32503.85599,29329.89144,30305.34378,90755198572.16,578889895940.61
Bitcoin,1/26/2021,1/27/2021,32305.89887,32773.46565,31013.71446,32577.7687,94141056517.76,594982368471.04
Bitcoin,1/25/2021,1/26/2021,32224.50869,34818.219,32130.6572,32272.78384,85932342667.29,620636318880.91
Bitcoin,1/24/2021,1/25/2021,32081.01895,32941.58032,31122.25307,32261.74435,71915450466.46,599252216356.29
Bitcoin,1/23/2021,1/24/2021,32976.47214,33293.43394,31464.56845,32045.83959,92468003469.68,601514283280.08
Bitcoin,1/22/2021,1/23/2021,30838.19901,33800.9618,28997.51282,32836.13558,139223374167.48,592458335565.28
Bitcoin,1/21/2021,1/22/2021,35477.52446,35477.52446,30202.76234,30892.80236,104277748205.80,613606162666.36
Bitcoin,1/20/2021,1/21/2021,36002.59435,36371.0939,33593.67187,35636.11099,98186705206.41,653840590324.39
Bitcoin,1/19/2021,1/20/2021,36632.31818,37701.57868,36163.74098,36177.48749,94696323432.84,685127879868.85
Bitcoin,1/18/2021,1/19/2021,35822.52992,37365.98473,34840.49216,36714.8432,85952054615.28,670424015901.18
Bitcoin,1/17/2021,1/18/2021,36061.52374,36682.76063,34095.16918,35786.41703,92863643157.16,663270945739.49
Bitcoin,1/16/2021,1/17/2021,36833.61358,37910.76421,35624.47869,36178.18021,123693873048.22,685154441525.95
Bitcoin,1/15/2021,1/16/2021,39280.29844,39645.49912,34599.96835,36678.9504,117305372507.91,697436710488.26
Bitcoin,1/14/2021,1/15/2021,37394.12264,40000.01421,36882.02799,39304.68621,114931563480.28,716637812011.46
Bitcoin,1/13/2021,1/14/2021,34060.12932,37626.12656,32445.498,37359.33216,126174618899.73,645088905820.24
Bitcoin,1/12/2021,1/13/2021,35549.97125,36524.89202,32957.84676,33949.39683,176864618865.56,648089950366.68
Bitcoin,1/11/2021,1/12/2021,38223.37371,38223.37371,30592.25526,35569.7227,182855100854.81,638126812425.59
Bitcoin,1/10/2021,1/11/2021,40083.81722,41255.9792,35933.66182,38299.0196,107609376316.17,737715778475.42
Bitcoin,1/9/2021,1/10/2021,40577.81004,41291.46597,38819.67009,40129.0005,134582898528.89,749903824715.66
Bitcoin,1/8/2021,1/9/2021,39437.44034,41849.9064,36711.86222,40703.29054,172295440554.83,739499799350.03
Bitcoin,1/7/2021,1/8/2021,36814.68197,40164.159,36345.63577,39493.12851,141292953594.38,706528659351.83
Bitcoin,1/6/2021,1/7/2021,33895.70191,36904.21825,33315.06731,36904.21825,120556816942.47,646919963464.82
Bitcoin,1/5/2021,1/6/2021,32023.29343,34359.99007,30087.20186,33965.16042,125426476003.27,598928102301.85
Bitcoin,1/4/2021,1/5/2021,32949.39946,33553.45055,29066.66544,31973.83215,130918256520.56,591803523640.43
Bitcoin,1/3/2021,1/4/2021,32148.0485,34717.66274,32057.58296,32877.60728,124349523093.66,621795048370.95
Bitcoin,1/2/2021,1/3/2021,29329.69577,33158.61244,29014.29588,32093.26496,70104243266.33,570431197310.09
Bitcoin,1/1/2021,1/2/2021,28938.89689,29560.02755,28718.62179,29300.19094,64558591251.66,542990405376.44
Bitcoin,12/31/2020,1/1/2021,28863.19167,29272.57805,27986.65215,28977.96182,79271345825.66,536314969327.74
Bitcoin,12/30/2020,12/31/2020,27375.34582,28938.01888,27375.34582,28810.02049,73712221377.47,523104839357.07
Bitcoin,12/29/2020,12/30/2020,27070.01978,27392.54055,26077.26994,27392.54055,68162303669.41,496187947758.58
Bitcoin,12/28/2020,12/29/2020,26269.00968,27431.9044,26111.95779,27147.36675,99495188799.21,501662962255.18
Bitcoin,12/27/2020,12/28/2020,26463.42639,28331.09273,26011.66035,26326.48184,102567647652.80,503085319304.99
Bitcoin,12/26/2020,12/27/2020,24700.99134,26698.36729,24519.99043,26446.97357,68174322705.22,469618701988.90
Bitcoin,12/25/2020,12/26/2020,23719.23706,24715.0783,23463.62621,24652.03652,57592757106.52,446375556422.29
Bitcoin,12/24/2020,12/25/2020,23248.20381,23749.0147,22751.92602,23733.03049,74435058818.58,431381467833.64
Bitcoin,12/23/2020,12/24/2020,23816.03788,24011.06862,22789.24469,23261.7852,72103119537.02,437386596217.99
Bitcoin,12/22/2020,12/23/2020,22743.91142,23801.64017,22446.74738,23801.64017,83963380723.31,428962781517.22
Bitcoin,12/21/2020,12/22/2020,23488.41548,24065.5178,22119.29953,22882.15792,85145371413.06,432068558158.60
Bitcoin,12/20/2020,12/21/2020,23859.67211,24249.9572,23101.0989,23516.40283,71034858155.10,438084395865.35
Bitcoin,12/19/2020,12/20/2020,23131.0446,24077.49414,22830.89779,23844.56807,63655496241.65,433408582772.58
Bitcoin,12/18/2020,12/19/2020,22796.24924,23239.69877,22397.09551,23113.99259,117018623816.44,424807678680.47
Bitcoin,12/17/2020,12/18/2020,21349.6567,23656.65347,21265.80118,22823.45909,119966786315.10,419778522334.20
Bitcoin,12/16/2020,12/17/2020,19424.01073,21395.55444,19306.67714,21367.09631,48227478063.06,372499190037.12
Bitcoin,12/15/2020,12/16/2020,19273.91638,19540.78258,19086.03263,19434.07031,37207256823.11,359262989996.68
Bitcoin,12/14/2020,12/15/2020,19181.39628,19346.86037,19021.82978,19270.74681,35594491140.73,355900072299.12
Bitcoin,12/13/2020,12/14/2020,18795.23977,19393.31475,18719.95839,19169.33845,36129560660.68,354908722065.12
Bitcoin,12/12/2020,12/13/2020,18017.34873,18905.25987,18017.34873,18804.79471,37864610631.46,342883193664.76
Bitcoin,12/11/2020,12/12/2020,18236.77637,18236.77637,17604.05012,18062.11899,51456006610.40,333126430004.28
Bitcoin,12/10/2020,12/11/2020,18541.85465,18541.85465,17939.98172,18261.87845,42051607215.35,339862101398.05
Bitcoin,12/9/2020,12/10/2020,18328.89177,18624.6332,17656.94346,18569.9877,51894238233.17,339169288875.32
Bitcoin,12/8/2020,12/9/2020,19169.81602,19268.37765,18279.48821,18325.0542,36072867923.54,351716110113.33
Bitcoin,12/7/2020,12/8/2020,19363.53182,19403.80315,18940.87191,19190.03778,33514897152.72,356357579476.04
Bitcoin,12/6/2020,12/7/2020,19153.42124,19374.85139,18891.56777,19336.69255,31248872995.05,355303487880.76
Bitcoin,12/5/2020,12/6/2020,18660.48621,19167.43332,18560.02988,19127.65682,43493402326.59,352394017893.13
Bitcoin,12/4/2020,12/5/2020,19430.84842,19510.63995,18643.37027,18737.19266,42711852976.52,354653480586.12
Bitcoin,12/3/2020,12/4/2020,19217.92308,19587.14569,18909.02757,19427.95496,45460478689.59,357548224634.57
Bitcoin,12/2/2020,12/3/2020,18756.50965,19330.50818,18356.07531,19201.27613,64736169956.76,351583352343.10
Bitcoin,12/1/2020,12/2/2020,19692.23392,19877.36832,18338.56035,18855.04374,68651048241.23,357418673134.34
Bitcoin,11/30/2020,12/1/2020,18181.6152,19802.67892,18181.6152,19721.87473,47907519457.73,350768118966.72
Bitcoin,11/29/2020,11/30/2020,17725.68644,18309.85198,17549.51548,18162.12347,39169112135.10,333623131271.32
Bitcoin,11/28/2020,11/29/2020,17133.44114,17846.94377,16877.45153,17707.71579,40948231069.95,320959715771.88
Bitcoin,11/27/2020,11/28/2020,17157.38411,17419.95808,16487.30151,17076.84202,66090936294.66,315076279273.93
Bitcoin,11/26/2020,11/27/2020,18736.04887,18911.14877,16290.95338,17072.81034,76574550473.95,322683382857.05
Bitcoin,11/25/2020,11/26/2020,19151.45251,19461.56864,18547.97903,18770.2021,66020446070.15,353357152750.16
Bitcoin,11/24/2020,11/25/2020,18383.26053,19412.4943,18042.08297,19121.51141,65582487334.33,349606772372.26
Bitcoin,11/23/2020,11/24/2020,18400.41621,18750.75866,18032.68421,18374.45258,56013957456.03,341944154690.56
Bitcoin,11/22/2020,11/23/2020,18673.99047,18740.8989,17648.89881,18413.52697,51842917681.29,341719648443.33
Bitcoin,11/21/2020,11/22/2020,18665.4742,18956.34315,18478.41652,18709.05738,51342425635.77,346810483009.72
Bitcoin,11/20/2020,11/21/2020,17799.98188,18798.61459,17763.98855,18641.28503,51247577103.93,339782497230.52
Bitcoin,11/19/2020,11/20/2020,17769.0811,18139.03618,17395.28235,17806.27692,61088362075.89,330660347306.20
Bitcoin,11/18/2020,11/19/2020,17664.95164,18475.03514,17395.81176,17827.83915,72012568910.56,331419792599.44
Bitcoin,11/17/2020,11/18/2020,16703.98098,17829.76472,16577.52509,17683.75928,45999622881.28,316502527418.31
Bitcoin,11/16/2020,11/17/2020,15948.49268,16842.98402,15884.87538,16725.11073,32816346805.62,303249393769.39
Bitcoin,11/15/2020,11/16/2020,16068.09817,16131.79857,15796.54344,15961.34579,31319340855.49,296296699173.91
Bitcoin,11/14/2020,11/15/2020,16320.0472,16320.0472,15725.30916,16083.58805,36181426857.16,296890514838.03
Bitcoin,11/13/2020,11/14/2020,16297.18731,16463.29377,15984.11589,16316.13726,46113488949.94,301643276630.32
Bitcoin,11/12/2020,11/13/2020,15691.60903,16299.94364,15492.64133,16279.27054,42629399358.64,294819304889.72
Bitcoin,11/11/2020,11/12/2020,15297.95997,15949.5044,15282.01182,15687.48025,34076621281.51,288682936493.89
Bitcoin,11/10/2020,11/11/2020,15313.69455,15429.00597,15104.41498,15280.16349,42038978766.01,283781645786.37
Bitcoin,11/9/2020,11/10/2020,15478.31316,15798.201,14836.54357,15326.15685,39301152286.42,284840712675.20
Bitcoin,11/8/2020,11/9/2020,14815.05132,15613.43327,14748.25694,15499.08129,44191246290.48,281457720322.22
Bitcoin,11/7/2020,11/8/2020,15568.61662,15741.75486,14448.63073,14821.98325,43966023319.82,284108062641.76
Bitcoin,11/6/2020,11/7/2020,15589.384,15922.32559,15204.98793,15547.05255,64505570471.97,288455228523.34
Bitcoin,11/5/2020,11/6/2020,14140.35454,15710.75621,14100.78024,15558.52541,45894350397.81,272633809887.84
Bitcoin,11/4/2020,11/5/2020,14017.05139,14212.51163,13589.96915,14132.96094,36787608742.72,257381109205.72
Bitcoin,11/3/2020,11/4/2020,13556.44665,14034.32113,13304.12232,13973.24888,31957453140.12,252079847197.63
Bitcoin,11/2/2020,11/3/2020,13760.88884,13826.96149,13269.50531,13576.96848,28341039633.37,251772697765.86
Bitcoin,11/1/2020,11/2/2020,13794.54858,13881.86907,13629.06393,13735.00686,27500088064.67,254930532220.36
Bitcoin,10/31/2020,11/1/2020,13554.96043,13984.74925,13431.71761,13795.52655,32985934324.84,254384806361.33
Bitcoin,10/30/2020,10/31/2020,13456.60931,13661.9601,13151.41623,13568.83725,35824994060.34,248695600092.56
Bitcoin,10/29/2020,10/30/2020,13276.34922,13629.99196,12987.72994,13443.53152,35824326414.73,246797158758.76
Bitcoin,10/28/2020,10/29/2020,13639.74615,13837.30674,12960.02599,13275.48126,40460863642.23,249011575352.04
Bitcoin,10/27/2020,10/28/2020,13057.48933,13775.68165,13057.48933,13651.54051,32537705770.88,247385893170.58
Bitcoin,10/26/2020,10/27/2020,13022.01562,13215.24631,12821.64582,13065.53603,23955461477.27,241914487368.11
Bitcoin,10/25/2020,10/26/2020,13115.29406,13327.97549,12915.83217,13020.81172,23616907117.36,241630988925.64
Bitcoin,10/24/2020,10/25/2020,12929.78161,13139.41763,12869.96461,13117.17473,22616597577.99,241080144140.21
Bitcoin,10/23/2020,10/24/2020,12964.75729,13014.06317,12740.00614,12929.02218,32656688931.65,239378934757.29
Bitcoin,10/22/2020,10/23/2020,12799.953,13162.64828,12698.49931,12958.53719,44415617058.03,239244404696.42
Bitcoin,10/21/2020,10/22/2020,11908.74144,13190.0937,11891.81135,12808.79595,38524738667.92,230398925866.81
Bitcoin,10/20/2020,10/21/2020,11751.37387,12004.20824,11696.28936,11910.24211,26904815394.83,219245674076.91
Bitcoin,10/19/2020,10/20/2020,11500.03238,11799.99117,11420.51617,11748.37678,18200393175.52,214382343089.30
Bitcoin,10/18/2020,10/19/2020,11358.12796,11490.01581,11349.94171,11490.01581,15237087835.41,211547198368.24
Bitcoin,10/17/2020,10/18/2020,11316.37441,11386.51967,11278.31155,11368.48474,18609745832.27,209973844655.38
Bitcoin,10/16/2020,10/17/2020,11498.95004,11539.22069,11234.81902,11312.66278,25895236932.84,210346030915.74
Bitcoin,10/15/2020,10/16/2020,11417.10546,11573.55366,11291.76508,11492.6159,23046051336.08,211240903137.58
Bitcoin,10/14/2020,10/15/2020,11422.0242,11544.5787,11292.51189,11426.36748,22671063126.89,211064738669.41
Bitcoin,10/13/2020,10/14/2020,11531.36029,11542.29384,11324.19713,11423.48002,27767799953.71,211938062475.14
Bitcoin,10/12/2020,10/13/2020,11369.01005,11696.4827,11245.10689,11544.13764,21028934723.03,211837518482.53
Bitcoin,10/11/2020,10/12/2020,11294.71293,11429.45134,11279.86258,11376.43511,18400993816.98,210284916214.82
Bitcoin,10/10/2020,10/11/2020,11050.67589,11463.74364,11050.67589,11294.99419,23905936788.75,209734341242.70
Bitcoin,10/9/2020,10/10/2020,10920.19899,11101.81568,10841.66081,11066.19087,23417400425.57,203184007851.06
Bitcoin,10/8/2020,10/9/2020,10670.21554,10931.02328,10554.5503,10898.55184,18775481110.70,198619252012.85
Bitcoin,10/7/2020,10/8/2020,10602.399,10679.0279,10567.96546,10665.25226,20562068864.54,196530345918.35
Bitcoin,10/6/2020,10/7/2020,10788.03209,10792.26038,10536.77639,10604.44685,19914334722.34,198030505841.42
Bitcoin,10/5/2020,10/6/2020,10667.05755,10784.67082,10629.99514,10784.67082,18073068400.64,198061224066.41
Bitcoin,10/4/2020,10/5/2020,10542.05843,10684.271,10524.73128,10665.69855,15472962156.75,196195661643.79
Bitcoin,10/3/2020,10/4/2020,10570.3669,10593.70297,10501.48614,10541.32189,20391901419.67,195151108986.79
Bitcoin,10/2/2020,10/3/2020,10621.70759,10662.01398,10413.94089,10566.49438,28608315279.56,194792345004.86
Bitcoin,10/1/2020,10/2/2020,10777.14188,10903.28751,10472.41539,10614.30333,23740107473.44,199013390077.45
Bitcoin,9/30/2020,10/1/2020,10840.60047,10843.68933,10668.73516,10766.81409,22225613190.09,198798360069.81
Bitcoin,9/29/2020,9/30/2020,10692.3523,10855.71614,10652.23613,10839.96268,23902695206.73,198551103778.67
Bitcoin,9/28/2020,9/29/2020,10774.25437,10937.0078,10699.63372,10702.47283,22685381479.71,201247059797.86
Bitcoin,9/27/2020,9/28/2020,10729.81996,10794.71235,10620.55817,10766.52245,19197868192.36,198230862185.00
Bitcoin,9/26/2020,9/27/2020,10685.94518,10769.90733,10653.13178,10739.74258,22140813155.50,198168996917.28
Bitcoin,9/25/2020,9/26/2020,10734.53611,10747.70807,10567.23731,10683.39523,27637879181.22,197360295367.15
Bitcoin,9/24/2020,9/25/2020,10233.35355,10763.75373,10219.33396,10731.5324,28632863994.68,193160151426.66
Bitcoin,9/23/2020,9/24/2020,10529.27889,10530.33233,10180.50587,10231.05131,24341912905.56,192973686929.95
Bitcoin,9/22/2020,9/23/2020,10415.09966,10557.44493,10365.73469,10531.35154,31760586510.96,193612405817.50
Bitcoin,9/21/2020,9/22/2020,10920.98771,10982.25948,10349.49248,10427.87773,32049045619.89,197524615883.10
Bitcoin,9/20/2020,9/21/2020,11083.42857,11083.42857,10779.61933,10914.68741,27984393947.68,201893765074.58
Bitcoin,9/19/2020,9/20/2020,10933.95257,11139.96595,10892.86924,11076.85089,29847423554.19,203594887334.85
Bitcoin,9/18/2020,9/19/2020,10939.78468,11018.74396,10821.36723,10916.97092,33299227979.83,201992991337.58
Bitcoin,9/17/2020,9/18/2020,10943.45099,11036.74464,10767.36196,10934.41967,38373393891.40,201350751779.82
Bitcoin,9/16/2020,9/17/2020,10782.04128,11079.28996,10675.81759,10946.92123,38086295936.34,201366679797.46
Bitcoin,9/15/2020,9/16/2020,10671.46223,10926.45873,10637.48773,10782.9998,36621455087.99,199132248074.60
Bitcoin,9/14/2020,9/15/2020,10327.098,10737.48359,10252.7029,10665.11372,31933742977.12,194196335567.50
Bitcoin,9/13/2020,9/14/2020,10441.28802,10558.52097,10218.63689,10315.66641,28367164217.13,192127881478.10
Bitcoin,9/12/2020,9/13/2020,10385.22962,10476.9701,10275.98711,10438.37739,27091848643.13,191680565611.28
Bitcoin,9/11/2020,9/12/2020,10336.83248,10386.96006,10215.87187,10374.77815,32078835059.70,190370332139.13
Bitcoin,9/10/2020,9/11/2020,10222.60712,10464.14079,10222.60712,10334.63865,32645377052.38,190999091019.75
Bitcoin,9/9/2020,9/10/2020,10116.66556,10335.32472,9983.509539,10214.15437,37822798641.02,188204222607.76
Bitcoin,9/8/2020,9/9/2020,10373.81967,10397.84253,9893.738058,10112.20637,40939773951.83,187507101788.05
Bitcoin,9/7/2020,9/8/2020,10248.394,10392.07319,9896.301801,10356.44438,41532337191.22,187748825397.53
Bitcoin,9/6/2020,9/7/2020,10170.03555,10339.13787,9998.060703,10257.22974,56682146859.30,188480626407.76
Bitcoin,9/5/2020,9/6/2020,10448.69017,10547.91697,9902.977529,10129.78665,47745079004.77,189709036351.38
Bitcoin,9/4/2020,9/5/2020,10158.23688,10602.9688,10108.68494,10473.51945,51279765458.54,191811080129.69
Bitcoin,9/3/2020,9/4/2020,11388.86788,11435.02012,10103.86218,10215.66996,41460895659.59,203871519785.95
Bitcoin,9/2/2020,9/3/2020,11924.49257,11945.58265,11231.6795,11399.14897,40828722689.70,213802951608.04
Bitcoin,9/1/2020,9/2/2020,11650.161,12044.02119,11551.45166,11921.75492,36030623507.37,219184566363.10
Bitcoin,8/31/2020,9/1/2020,11715.37986,11764.46311,11578.52232,11655.9987,28817684113.39,215789549308.06
Bitcoin,8/30/2020,8/31/2020,11471.66127,11704.63524,11468.27535,11697.79437,25043705473.36,214429322463.50
Bitcoin,8/29/2020,8/30/2020,11502.40289,11551.26249,11437.27082,11485.10157,24334715746.67,212233299545.35
Bitcoin,8/28/2020,8/29/2020,11320.18426,11504.09768,11290.09589,11496.83022,32588672017.07,211036707877.26
Bitcoin,8/27/2020,8/28/2020,11462.85202,11549.16864,11188.79322,11311.2402,32828842214.22,209653734745.61
Bitcoin,8/26/2020,8/27/2020,11338.90819,11519.64724,11275.78933,11463.56797,36827771241.81,210613286486.38
Bitcoin,8/25/2020,8/26/2020,11756.69784,11761.36045,11166.88423,11361.55482,31693401988.69,212634135184.42
Bitcoin,8/24/2020,8/25/2020,11648.11234,11822.06015,11601.43091,11763.76171,27473249747.71,216678337890.02
Bitcoin,8/23/2020,8/24/2020,11680.51631,11707.26344,11537.63262,11653.40729,25832518308.66,214622667029.50
Bitcoin,8/22/2020,8/23/2020,11534.75309,11687.6584,11403.80202,11681.15793,34813826010.14,213530755733.43
Bitcoin,8/21/2020,8/22/2020,11855.74486,11874.02169,11511.7181,11530.91923,31263106135.31,216936115830.44
Bitcoin,8/20/2020,8/21/2020,11742.5261,11878.7376,11689.23604,11866.59519,33930368813.69,217781876318.68
Bitcoin,8/19/2020,8/20/2020,11969.19437,12007.45379,11638.94295,11732.40557,40374416080.84,217876175357.21
Bitcoin,8/18/2020,8/19/2020,12272.57863,12364.51586,11892.03044,11961.9946,42796629888.70,224500807943.60
Bitcoin,8/17/2020,8/18/2020,11892.9928,12394.34502,11787.6261,12285.93663,29928688831.41,222199281267.30
Bitcoin,8/16/2020,8/17/2020,11857.11334,11912.90806,11706.3526,11892.68092,27103038829.15,218601707688.97
Bitcoin,8/15/2020,8/16/2020,11755.70816,11966.48828,11755.70816,11865.38305,31579519762.25,219092295047.45
Bitcoin,8/14/2020,8/15/2020,11765.96545,11830.53028,11657.28758,11742.87637,37984318894.68,216718826119.06
Bitcoin,8/13/2020,8/14/2020,11567.06672,11773.08846,11301.37014,11763.00914,35020081227.88,213109715698.48
Bitcoin,8/12/2020,8/13/2020,11397.03945,11607.74082,11238.64735,11576.81427,42464680750.61,211560773190.07
Bitcoin,8/11/2020,8/12/2020,11885.4514,11927.49191,11185.18212,11395.40582,37908458366.06,214723636951.70
Bitcoin,8/10/2020,8/11/2020,11666.67308,12031.87065,11666.67308,11867.86649,36150631837.61,219302265535.03
Bitcoin,8/9/2020,8/10/2020,11758.32334,11784.90545,11539.76259,11648.08317,27135096720.10,215278340523.58
Bitcoin,8/8/2020,8/9/2020,11592.01689,11802.1359,11541.2703,11728.58523,31999650196.17,215438751399.87
Bitcoin,8/7/2020,8/8/2020,11777.53837,11885.86315,11392.40966,11583.15927,34481886917.36,216166488274.91
Bitcoin,8/6/2020,8/7/2020,11738.74293,11895.07183,11574.34382,11780.28537,37150220757.47,216738012059.81
Bitcoin,8/5/2020,8/6/2020,11196.17762,11769.26961,11133.72852,11732.92795,31972193671.73,211293357710.88
Bitcoin,8/4/2020,8/5/2020,11228.30377,11391.63352,11075.23021,11194.55461,33863638681.68,207438823629.64
Bitcoin,8/3/2020,8/4/2020,11070.05969,11465.33959,10998.67973,11246.25548,35112734940.51,207580399210.98
Bitcoin,8/2/2020,8/3/2020,11797.81633,12078.65812,10983.14938,11073.60766,52188598140.95,209079136871.19
Bitcoin,8/1/2020,8/2/2020,11336.03219,11848.39451,11243.91329,11800.38987,41384071141.68,213902838533.16
Bitcoin,7/31/2020,8/1/2020,11100.38336,11425.72023,10978.05278,11334.58547,32449292482.92,206321493648.37
Bitcoin,7/30/2020,7/31/2020,11084.61689,11157.27194,10894.50579,11109.23106,36055471756.48,203287249280.77
Bitcoin,7/29/2020,7/30/2020,10905.32826,11282.25087,10839.39092,11073.29788,39989495152.79,204223624325.27
Bitcoin,7/28/2020,7/29/2020,11016.82397,11204.30926,10644.9739,10895.73396,63042796645.34,202236990314.96
Bitcoin,7/27/2020,7/28/2020,9921.922095,11339.80296,9920.003523,10996.5366,42213334217.12,191974092890.47
Bitcoin,7/26/2020,7/27/2020,9697.515159,10073.2253,9652.913998,9917.359474,28010517868.53,181128830062.12
Bitcoin,7/25/2020,7/26/2020,9547.494177,9716.605724,9534.582156,9686.120716,21037125903.82,177235876016.74
Bitcoin,7/24/2020,7/25/2020,9600.61154,9629.070858,9477.722155,9545.046629,22466772026.64,176100044830.86
Bitcoin,7/23/2020,7/24/2020,9523.658037,9627.169019,9474.580562,9592.963304,23101832608.06,175708055735.89
Bitcoin,7/22/2020,7/23/2020,9384.63728,9524.321572,9306.723329,9518.901022,19256793736.38,172605073940.35
Bitcoin,7/21/2020,7/22/2020,9162.179688,9419.40045,9160.240988,9385.174346,18926176904.53,171487341825.80
Bitcoin,7/20/2020,7/21/2020,9207.29326,9212.380926,9151.486581,9164.069789,13940188804.00,169211575088.63
Bitcoin,7/19/2020,7/20/2020,9169.952206,9213.285054,9119.533813,9207.816996,11947063843.28,168778549974.80
Bitcoin,7/18/2020,7/19/2020,9156.427377,9196.230068,9129.375055,9170.802681,12785910296.41,168882482359.43
Bitcoin,7/17/2020,7/18/2020,9135.106244,9176.80158,9094.505948,9155.773355,15270491655.55,168468973413.25
Bitcoin,7/16/2020,7/17/2020,9200.648755,9220.828575,9058.920622,9137.239203,16582669314.77,168514199418.18
Bitcoin,7/15/2020,7/16/2020,9253.721451,9269.704971,9182.048444,9206.764838,14662526150.23,170079990853.29
Bitcoin,7/14/2020,7/15/2020,9242.639687,9273.110343,9155.100178,9254.204474,16272167655.74,170007187866.19
Bitcoin,7/13/2020,7/14/2020,9297.137398,9320.456358,9217.609515,9247.107825,14936740773.71,171003296255.53
Bitcoin,7/12/2020,7/13/2020,9230.979937,9313.256344,9187.861567,9286.726085,11952544232.06,170437661039.55
Bitcoin,7/11/2020,7/12/2020,9276.580057,9283.619996,9195.588709,9231.3201,13061147820.36,170216321880.00
Bitcoin,7/10/2020,7/11/2020,9239.746148,9288.71267,9141.271506,9278.447734,16354705418.08,169589057281.64
Bitcoin,7/9/2020,7/10/2020,9428.606014,9429.390147,9201.801168,9240.366176,17978271912.03,171942322550.18
Bitcoin,7/8/2020,7/9/2020,9257.371172,9453.376947,9241.34023,9420.350155,16333234232.44,172116575807.64
Bitcoin,7/7/2020,7/8/2020,9339.715306,9363.358154,9220.037597,9252.35518,17246307333.96,170776445833.59
Bitcoin,7/6/2020,7/7/2020,9077.942345,9342.540316,9053.655688,9342.540316,16794093511.51,169604879655.51
Bitcoin,7/5/2020,7/6/2020,9131.495458,9137.447369,8957.5603,9072.772592,12978699502.85,166899354329.72
Bitcoin,7/4/2020,7/5/2020,9069.815386,9178.1391,9053.808489,9127.518467,12619370983.19,167429731224.07
Bitcoin,7/3/2020,7/4/2020,9081.573979,9117.536881,9059.787936,9065.577985,16093715203.20,167474065004.79
Bitcoin,7/2/2020,7/3/2020,9228.082821,9253.257937,8991.466116,9084.054479,16368750494.83,168813597933.18
Bitcoin,7/1/2020,7/2/2020,9136.040257,9283.111145,9102.358834,9225.668161,15043273940.04,169227695661.83
Bitcoin,6/30/2020,7/1/2020,9179.411116,9190.720681,9076.059608,9145.560607,15421116288.98,168532494578.05
Bitcoin,6/29/2020,6/30/2020,9126.119999,9219.392814,9042.933317,9180.159026,14838631119.37,167934859484.10
Bitcoin,6/28/2020,6/29/2020,9014.405433,9178.957416,8961.236007,9118.117533,16823321855.42,166863119578.07
Bitcoin,6/27/2020,6/28/2020,9162.617899,9191.410748,8942.42619,9014.224272,16646055896.97,167950056936.77
Bitcoin,6/26/2020,6/27/2020,9253.790442,9290.336556,9075.259418,9165.503578,18745051955.67,169288251679.47
Bitcoin,6/25/2020,6/26/2020,9302.941246,9324.516686,9066.601837,9254.748296,21449477389.80,170176296000.61
Bitcoin,6/24/2020,6/25/2020,9619.310236,9664.023908,9242.954368,9289.303605,18027557224.35,174051689510.32
Bitcoin,6/23/2020,6/24/2020,9683.933632,9712.302931,9586.803715,9614.943606,19667576806.76,177451081547.37
Bitcoin,6/22/2020,6/23/2020,9295.515457,9697.17513,9290.806476,9685.845287,16669106171.76,174537836716.48
Bitcoin,6/21/2020,6/22/2020,9351.832,9449.308884,9289.8938,9289.8938,15448764609.55,172135437281.80
Bitcoin,6/20/2020,6/21/2020,9316.226996,9373.053282,9252.759373,9348.977142,17932871013.47,171291626097.60
Bitcoin,6/19/2020,6/20/2020,9393.868925,9412.352789,9263.216635,9305.901805,19527343337.21,171951244630.53
Bitcoin,6/18/2020,6/19/2020,9461.519582,9461.908823,9302.884494,9401.552893,18874354828.71,173229521282.24
Bitcoin,6/17/2020,6/18/2020,9522.880924,9540.093921,9309.953064,9463.405493,18609541664.25,173978886609.35
Bitcoin,6/16/2020,6/17/2020,9422.305416,9566.212937,9381.984434,9520.484681,24399990285.16,174692752419.64
Bitcoin,6/15/2020,6/16/2020,9352.512538,9485.445505,8960.66705,9421.65218,24311638545.77,170263310864.02
Bitcoin,6/14/2020,6/15/2020,9470.194859,9470.194859,9295.788822,9352.845602,15802769087.11,173240671689.19
Bitcoin,6/13/2020,6/14/2020,9464.718261,9472.851521,9378.910664,9463.820529,18853236921.96,173561923938.39
Bitcoin,6/12/2020,6/13/2020,9304.399497,9538.688428,9263.997892,9460.375485,28635953787.94,173363490989.64
Bitcoin,6/11/2020,6/12/2020,9864.195678,9924.656934,9257.352855,9314.37816,28078869432.74,177655075928.21
Bitcoin,6/10/2020,6/11/2020,9771.820949,9966.962941,9716.219497,9864.561413,21335294207.64,179960228068.54
Bitcoin,6/9/2020,6/10/2020,9774.133918,9841.159197,9657.177238,9769.869088,22201874671.16,178607649496.79
Bitcoin,6/8/2020,6/9/2020,9747.856807,9778.403103,9667.039257,9773.301577,24804583214.65,178825923692.41
Bitcoin,6/7/2020,6/8/2020,9661.568388,9769.288375,9456.736415,9742.573822,19781866056.34,177067750840.76
Bitcoin,6/6/2020,6/7/2020,9636.570305,9723.004459,9568.15488,9662.323105,21994182984.20,177309062240.79
Bitcoin,6/5/2020,6/6/2020,9793.271322,9836.166994,9641.720671,9641.917175,25839305931.80,179228721270.08
Bitcoin,6/4/2020,6/5/2020,9654.855411,9854.888472,9506.048535,9803.990306,24537394171.09,178371603614.39
Bitcoin,6/3/2020,6/4/2020,9542.709507,9652.629014,9454.878678,9652.629014,30774114397.07,175715682277.90
Bitcoin,6/2/2020,6/3/2020,10167.40272,10174.00038,9396.444267,9538.727853,40117755689.74,181818399958.92
Bitcoin,6/1/2020,6/2/2020,9454.105517,10232.61774,9433.579202,10177.77035,27483501150.54,176141805574.44
Bitcoin,5/31/2020,6/1/2020,9694.273435,9694.273435,9420.259757,9449.860914,30164673988.71,175722350392.78
Bitcoin,5/30/2020,5/31/2020,9415.670495,9708.464046,9351.301217,9693.552427,30240847830.50,174986415571.42
Bitcoin,5/29/2020,5/30/2020,9540.936504,9558.557224,9374.994596,9418.13384,34433975805.11,173820342654.99
Bitcoin,5/28/2020,5/29/2020,9177.54917,9566.465329,9123.65167,9536.159369,31339127072.19,171065907364.54
Bitcoin,5/27/2020,5/28/2020,8855.989829,9189.868583,8846.784743,9165.144674,29023731426.99,165951880765.02
Bitcoin,5/26/2020,5/27/2020,8894.327429,8985.206386,8745.730775,8850.3542,29122854004.02,162995940997.91
Bitcoin,5/25/2020,5/26/2020,8765.90039,8944.683018,8708.154358,8897.213209,32589017640.78,162281171647.31
Bitcoin,5/24/2020,5/25/2020,9178.757642,9278.961893,8791.793685,8791.793685,25780142754.70,167779073589.58
Bitcoin,5/23/2020,5/24/2020,9167.548507,9294.044722,9114.398031,9180.527997,26003317556.25,169162360390.57
Bitcoin,5/22/2020,5/23/2020,9059.871784,9244.4595,8973.510051,9160.70542,33446538580.73,167804855732.37
Bitcoin,5/21/2020,5/22/2020,9519.329841,9558.120911,8859.743096,9073.693079,33726116883.19,170759166081.34
Bitcoin,5/20/2020,5/21/2020,9769.895545,9805.300343,9441.170646,9524.434064,31304878616.17,177817155456.89
Bitcoin,5/19/2020,5/20/2020,9724.567636,9852.625432,9518.785994,9761.178765,33953354776.59,177791747575.09
Bitcoin,5/18/2020,5/19/2020,9672.109016,9901.963053,9563.109966,9733.739137,36680111315.18,178660739472.80
Bitcoin,5/17/2020,5/18/2020,9383.519751,9835.576125,9349.102059,9667.578397,31980216368.50,176741126353.67
Bitcoin,5/16/2020,5/17/2020,9307.561702,9556.384606,9235.124285,9380.484219,35516301774.02,172807069653.03
Bitcoin,5/15/2020,5/16/2020,9772.438557,9803.130232,9240.452877,9293.972171,44345543412.01,175071724313.22
Bitcoin,5/14/2020,5/15/2020,9298.001842,9836.468003,9273.449891,9772.561576,44963754585.07,175679524322.37
Bitcoin,5/13/2020,5/14/2020,8804.984468,9363.647602,8804.984468,9302.896541,34610987892.59,165909204204.80
Bitcoin,5/12/2020,5/13/2020,8583.604045,8940.956452,8566.733028,8792.063768,44269698682.53,161057224632.46
Bitcoin,5/11/2020,5/12/2020,8747.339336,9108.0357,8303.339059,8593.856494,43551499511.74,159916375004.24
Bitcoin,5/10/2020,5/11/2020,9554.216377,9554.216377,8388.959555,8745.152545,49096426545.48,159826123151.79
Bitcoin,5/9/2020,5/10/2020,9814.400817,9900.431521,9559.705894,9570.005988,36759061346.30,178685755695.60
Bitcoin,5/8/2020,5/9/2020,9943.631675,9995.180687,9753.752318,9822.885629,50787616033.86,181977754701.74
Bitcoin,5/7/2020,5/8/2020,9170.342931,9985.692229,9086.608456,9968.105282,44195883977.58,173692539733.18
Bitcoin,5/6/2020,5/7/2020,9013.045881,9353.209747,8936.688924,9198.252701,37332792656.47,167826777744.77
Bitcoin,5/5/2020,5/6/2020,8876.401349,9060.014739,8826.544715,8967.997704,34606031419.31,163732155636.39
Bitcoin,5/4/2020,5/5/2020,8895.401328,8933.90522,8571.361768,8883.306781,35712348408.15,160941962365.18
Bitcoin,5/3/2020,5/4/2020,8973.683542,9157.860151,8765.817978,8894.362675,36776322130.08,164772116841.57
Bitcoin,5/2/2020,5/3/2020,8822.562075,8992.528435,8778.174811,8974.922892,34889762273.70,162713195839.85
Bitcoin,5/1/2020,5/2/2020,8629.225398,9025.379732,8629.225398,8832.981251,43425802327.73,161118132981.49
Bitcoin,4/30/2020,5/1/2020,8756.427416,9425.798394,8476.196338,8607.329832,56288690521.04,163081748451.07
Bitcoin,4/29/2020,4/30/2020,7747.510263,8878.881234,7731.959973,8759.78919,34278610731.34,150712446279.92
Bitcoin,4/28/2020,4/29/2020,7772.739892,7772.739892,7668.774697,7754.222426,25836558088.10,141607175628.19
Bitcoin,4/27/2020,4/28/2020,7676.112824,7766.689761,7651.244534,7766.689761,27154195067.96,141335677928.53
Bitcoin,4/26/2020,4/27/2020,7536.121952,7667.006245,7529.539217,7665.828318,24111822559.90,139184239452.51
Bitcoin,4/25/2020,4/26/2020,7499.599962,7600.653706,7452.971185,7535.263897,25858610305.70,138203387711.78
Bitcoin,4/24/2020,4/25/2020,7470.507761,7584.586417,7430.217502,7497.353393,31706852571.21,137798083489.12
Bitcoin,4/23/2020,4/24/2020,7114.279113,7612.469033,7043.728866,7464.891127,30103580671.25,133567670515.67
Bitcoin,4/22/2020,4/23/2020,6848.632955,7127.934459,6828.232224,7106.551177,24916975279.05,128120648874.19
Bitcoin,4/21/2020,4/22/2020,6850.014587,6909.394476,6793.922255,6851.005362,29393938160.50,125825015434.62
Bitcoin,4/20/2020,4/21/2020,7130.802846,7193.471506,6802.728636,6856.785953,26956989050.53,129289405823.92
Bitcoin,4/19/2020,4/20/2020,7238.814,7238.814,7084.171816,7133.148679,25713381019.62,131299883668.29
Bitcoin,4/18/2020,4/19/2020,7038.544102,7258.392591,7038.544102,7233.157423,24783424486.78,130947107630.64
Bitcoin,4/17/2020,4/18/2020,7095.723993,7127.521096,7028.621059,7034.540358,30376034250.39,129518207870.72
Bitcoin,4/16/2020,4/17/2020,6632.633868,7136.021271,6531.440044,7088.799492,33497785088.70,126464114155.67
Bitcoin,4/15/2020,4/16/2020,6860.026011,6915.825191,6629.918818,6637.791816,26821228375.74,124596359705.64
Bitcoin,4/14/2020,4/15/2020,6841.808245,6956.211498,6778.251961,6856.179094,28504195497.14,125895041725.00
Bitcoin,4/13/2020,4/14/2020,6925.828476,6925.828476,6651.140958,6837.42254,31953029026.48,123588123155.13
Bitcoin,4/12/2020,4/13/2020,6873.738524,7151.799963,6797.613535,6977.230636,25365748775.63,127014900702.18
Bitcoin,4/11/2020,4/12/2020,6870.159673,6930.589448,6773.981141,6869.586552,30015475132.19,125695053282.85
Bitcoin,4/10/2020,4/11/2020,7287.828929,7291.256766,6773.425902,6859.833737,32004749572.41,127757875237.52
Bitcoin,4/9/2020,4/10/2020,7350.847013,7355.680725,7166.887911,7293.58436,28609068744.73,133591007345.98
Bitcoin,4/8/2020,4/9/2020,7197.669188,7376.150589,7171.114164,7352.328771,32753738688.83,133529754680.46
Bitcoin,4/7/2020,4/8/2020,7317.027619,7428.30619,7122.743854,7198.770192,39144962205.88,133817605169.78
Bitcoin,4/6/2020,4/7/2020,6789.732157,7291.003705,6789.732139,7279.161792,31594108803.00,129472682893.78
Bitcoin,4/5/2020,4/6/2020,6847.44595,6874.528639,6710.016206,6789.732165,25269670113.01,124308425037.96
Bitcoin,4/4/2020,4/5/2020,6733.667481,6867.941778,6693.177965,6847.730055,27880150848.35,123733079484.61
Bitcoin,4/3/2020,4/4/2020,6797.838574,7009.42559,6630.440002,6733.747735,37167518958.51,124606219965.22
Bitcoin,4/2/2020,4/3/2020,6591.466748,7112.018153,6572.988866,6807.465142,35949707671.36,122725401428.31
Bitcoin,4/1/2020,4/2/2020,6419.060999,6601.951969,6176.881757,6598.287015,25637412066.59,115302473165.50
Bitcoin,3/31/2020,4/1/2020,6397.716177,6496.83391,6358.758001,6431.262413,27431559375.46,117897004412.54
Bitcoin,3/30/2020,3/31/2020,5900.006585,6546.928547,5877.928855,6424.078447,27021350124.51,114501719213.40
Bitcoin,3/29/2020,3/30/2020,6241.95689,6241.95689,5908.106132,5917.297073,23647684302.31,111751694356.80
Bitcoin,3/28/2020,3/29/2020,6378.656392,6378.656392,6073.035098,6239.838832,27085157179.31,113826923632.40
Bitcoin,3/27/2020,3/28/2020,6736.947799,6820.942204,6377.749564,6377.749564,28806208012.94,122203325296.58
Bitcoin,3/26/2020,3/27/2020,6679.399747,6750.800609,6563.679185,6736.291779,29627849180.96,121738455841.64
Bitcoin,3/25/2020,3/26/2020,6740.887504,6909.427938,6509.137357,6681.336594,37094888214.33,121546867684.85
Bitcoin,3/24/2020,3/25/2020,6465.057236,6776.05115,6390.800015,6736.044984,41093254549.53,121097566539.86
Bitcoin,3/23/2020,3/24/2020,5836.556173,6500.702807,5769.09003,6467.459038,48057935733.18,111429326543.48
Bitcoin,3/22/2020,3/23/2020,6162.351079,6385.923936,5796.488313,5843.158786,49039501835.04,112187860495.32
Bitcoin,3/21/2020,3/22/2020,6211.467473,6428.249246,5921.284296,6149.798351,74321910267.06,112728501963.36
Bitcoin,3/20/2020,3/21/2020,6163.652016,6845.323911,5816.372412,6192.309975,82173623931.32,115935645852.83
Bitcoin,3/19/2020,3/20/2020,5363.797911,6373.372919,5280.25082,6160.004718,46227050479.48,104548696265.18
Bitcoin,3/18/2020,3/19/2020,5322.867474,5396.969402,5047.756899,5365.581534,30708432421.46,95631779590.91
Bitcoin,3/17/2020,3/18/2020,5008.440359,5446.809002,4968.735364,5362.320407,36376336243.89,95525363026.67
Bitcoin,3/16/2020,3/17/2020,5374.039138,5374.039138,4528.29957,5022.578106,33030427611.94,90499353955.16
Bitcoin,3/15/2020,3/16/2020,5200.9682,5832.913923,5168.397856,5381.745247,26391424072.39,96195556705.22
Bitcoin,3/14/2020,3/15/2020,5585.038431,5611.991974,5120.784387,5212.979298,41904880597.15,97722102309.67
Bitcoin,3/13/2020,3/14/2020,4799.696383,5891.890069,4003.591032,5518.647281,60723203714.92,95005002272.70
Bitcoin,3/12/2020,3/13/2020,7932.112312,7953.436635,4684.824346,4724.392684,38263176500.42,121163326657.35
Bitcoin,3/11/2020,3/12/2020,7897.141265,7963.670417,7627.475829,7931.347543,32035157695.88,141970620520.25
Bitcoin,3/10/2020,3/11/2020,7933.949977,8139.026941,7794.19417,7900.821326,34726963415.42,143809421789.08
Bitcoin,3/9/2020,3/10/2020,8045.081283,8132.647863,7664.882826,7915.672115,37959208549.62,142578528186.79
Bitcoin,3/8/2020,3/9/2020,8898.958237,8898.958237,8042.736084,8042.736084,33505674162.18,155088458047.74
Bitcoin,3/7/2020,3/8/2020,9133.485034,9167.919947,8869.500326,8898.942078,34911099914.61,163526318728.35
Bitcoin,3/6/2020,3/7/2020,9062.478818,9150.674744,9007.385122,9129.266628,33574313953.09,164282940136.18
Bitcoin,3/5/2020,3/6/2020,8756.306452,9136.660962,8756.306452,9051.139212,28798098411.37,162918336040.16
Bitcoin,3/4/2020,3/5/2020,8762.362408,8839.479071,8554.100335,8749.500222,29780398865.11,158496183520.32
Bitcoin,3/3/2020,3/4/2020,8907.408057,8907.408057,8679.939335,8772.476037,31679555793.10,159017072002.81
Bitcoin,3/2/2020,3/3/2020,8549.340701,8956.124737,8518.222266,8900.06855,29111523358.53,158184330288.86
Bitcoin,3/1/2020,3/2/2020,8550.541952,8710.274182,8426.707718,8557.504358,25805457967.58,154882913461.61
Bitcoin,2/29/2020,3/1/2020,8750.144606,8783.127594,8569.467785,8569.467785,28569338388.82,156921090953.11
Bitcoin,2/28/2020,2/29/2020,8812.547056,8892.751476,8477.509711,8731.610771,31653812954.63,157412038002.73
Bitcoin,2/27/2020,2/28/2020,8695.374108,8975.439388,8565.953034,8775.595016,37863755310.13,159196540576.94
Bitcoin,2/26/2020,2/27/2020,9327.16578,9368.457957,8692.901591,8829.543593,35462874215.67,163787589106.11
Bitcoin,2/25/2020,2/26/2020,9662.360387,9905.852192,9315.476124,9358.38862,34745765383.74,171785263057.60
Bitcoin,2/24/2020,2/25/2020,9953.140109,9972.513507,9518.287043,9664.370232,33711384526.73,175909878700.66
Bitcoin,2/23/2020,2/24/2020,9663.2508,9951.126734,9663.2508,9923.65932,29496972972.89,178038565852.03
Bitcoin,2/22/2020,2/23/2020,9683.663803,9700.679433,9582.977249,9667.521623,29322369849.74,174531980209.11
Bitcoin,2/21/2020,2/22/2020,9600.491437,9746.933194,9576.364242,9683.453206,33072200100.22,175008291937.88
Bitcoin,2/20/2020,2/21/2020,9612.456348,9656.516877,9483.963622,9612.392632,38453745129.31,173334512100.29
Bitcoin,2/19/2020,2/20/2020,10152.93976,10214.65317,9603.340861,9621.766806,37096619902.53,182314328777.60
Bitcoin,2/18/2020,2/19/2020,9700.842005,10209.58607,9620.499125,10144.8965,38169582164.27,177769828118.06
Bitcoin,2/17/2020,2/18/2020,9939.757985,9940.394815,9481.850577,9711.996028,39598298473.51,175667186732.82
Bitcoin,2/16/2020,2/17/2020,9908.084222,10032.34309,9687.006103,9969.23568,36525467233.55,179092557524.82
Bitcoin,2/15/2020,2/16/2020,10328.11501,10366.43784,9862.309991,9903.077897,35159749254.72,183357305740.19
Bitcoin,2/14/2020,2/15/2020,10229.15008,10360.53208,10110.83426,10327.51233,38621696717.55,185324696688.49
Bitcoin,2/13/2020,2/14/2020,10313.9112,10458.55068,10104.98797,10225.41526,40279999808.96,185753452118.88
Bitcoin,2/12/2020,2/13/2020,10220.50892,10396.60574,10220.50892,10327.55459,37536325030.77,186429089122.68
Bitcoin,2/11/2020,2/12/2020,9859.706677,10283.60936,9729.947876,10229.7009,32344589624.23,179739260248.32
Bitcoin,2/10/2020,2/11/2020,10128.72389,10154.3998,9787.316091,9869.436912,32809761670.32,179314120889.56
Bitcoin,2/9/2020,2/10/2020,9890.510299,10136.29238,9882.112054,10128.75028,30830691930.95,181866640936.17
Bitcoin,2/8/2020,2/9/2020,9878.102326,9911.33486,9678.528906,9899.911944,27781716512.86,177359345663.78
Bitcoin,2/7/2020,2/8/2020,9760.277761,9871.278061,9747.32268,9820.295542,31575968441.42,177054349781.90
Bitcoin,2/6/2020,2/7/2020,9605.879402,9835.472653,9541.800637,9754.078412,33460093620.23,175262977322.93
Bitcoin,2/5/2020,2/6/2020,9175.37744,9684.328804,9163.041623,9602.309743,27369542844.87,170352603411.87
Bitcoin,2/4/2020,2/5/2020,9299.273916,9337.172943,9116.753964,9187.070016,25453389344.38,166714544845.36
Bitcoin,2/3/2020,2/4/2020,9332.390335,9545.342885,9253.044318,9302.362658,28287364412.59,168966244374.18
Bitcoin,2/2/2020,2/3/2020,9382.886003,9451.075249,9222.505435,9339.574889,25513782426.06,169576924680.38
Bitcoin,2/1/2020,2/2/2020,9345.862972,9448.900119,9307.566841,9386.105652,24669132631.41,169636957803.41
Bitcoin,1/31/2020,2/1/2020,9498.823463,9512.289712,9236.475529,9336.132885,29879074256.12,169249094727.02
Bitcoin,1/30/2020,1/31/2020,9295.295574,9554.568011,9226.934035,9503.268,27862509999.09,169567098661.10
Bitcoin,1/29/2020,1/30/2020,9361.341369,9399.970874,9264.581115,9304.918064,31677015378.89,168807381942.65
Bitcoin,1/28/2020,1/29/2020,8896.167779,9334.836393,8896.167779,9334.836393,28386922234.10,163462892496.78
Bitcoin,1/27/2020,1/28/2020,8603.445992,8949.882036,8595.699982,8895.603628,21864918499.88,157922912199.80
Bitcoin,1/26/2020,1/27/2020,8350.912434,8602.21977,8317.574929,8591.002876,17062357023.91,152809555627.03
Bitcoin,1/25/2020,1/26/2020,8428.523168,8443.511628,8284.916896,8366.208771,18942559761.60,150859836245.17
Bitcoin,1/24/2020,1/25/2020,8410.044844,8512.004663,8243.925764,8440.287026,21819201521.97,151937986769.83
Bitcoin,1/23/2020,1/24/2020,8678.100848,8679.203318,8314.340391,8391.607957,21694293542.31,153092286772.88
Bitcoin,1/22/2020,1/23/2020,8734.172884,8785.16948,8628.2277,8672.801079,21487927493.79,157068117572.20
Bitcoin,1/21/2020,1/22/2020,8638.623747,8760.412471,8531.709622,8747.38185,21133613685.66,156593605926.94
Bitcoin,1/20/2020,1/21/2020,8706.122036,8739.5969,8540.670356,8639.19622,25527853490.94,156572520528.87
Bitcoin,1/19/2020,1/20/2020,8925.609579,9170.718171,8587.80198,8697.342225,29631647239.10,160142088750.70
Bitcoin,1/18/2020,1/19/2020,8914.238456,8970.022162,8821.668809,8929.544857,29485862975.67,160919593886.16
Bitcoin,1/17/2020,1/18/2020,8725.24886,8985.126764,8675.456403,8921.648281,29962458959.56,160221315058.65
Bitcoin,1/16/2020,1/17/2020,8814.531199,8840.12184,8606.312633,8722.037088,30633889567.39,157032648632.23
Bitcoin,1/15/2020,1/16/2020,8818.537331,8875.853271,8409.183692,8807.632434,41907940746.90,158048673749.59
Bitcoin,1/14/2020,1/15/2020,8106.52195,8844.280645,8106.52195,8838.564862,30880804631.85,154877884753.06
Bitcoin,1/13/2020,1/14/2020,8174.754398,8176.991753,8065.08032,8116.96951,20209676488.40,146622670428.86
Bitcoin,1/12/2020,1/13/2020,8031.849295,8168.956023,7979.109216,8164.590608,23264705657.57,146765777200.65
Bitcoin,1/11/2020,1/12/2020,8173.01379,8249.130107,8024.156862,8024.791559,29273068672.25,146762212989.91
Bitcoin,1/10/2020,1/11/2020,7821.63355,8160.413567,7699.7602,8160.413567,25445878088.33,142683057758.69
Bitcoin,1/9/2020,1/10/2020,8047.810852,8047.810852,7781.210634,7829.06324,27423415908.25,142893103636.12
Bitcoin,1/8/2020,1/9/2020,8152.750894,8431.806289,7889.175446,8055.759827,32572235030.89,148885145141.64
Bitcoin,1/7/2020,1/8/2020,7751.389284,8173.268895,7751.389284,8155.216395,26898528961.36,143243994478.95
Bitcoin,1/6/2020,1/7/2020,7361.7126,7764.21795,7357.585483,7764.21795,20385990287.92,136278512926.95
Bitcoin,1/5/2020,1/6/2020,7356.75913,7475.155226,7341.456686,7352.362745,18782091517.37,134419222812.49
Bitcoin,1/4/2020,1/5/2020,7324.098145,7373.794397,7290.638622,7358.491964,22091911757.37,132598810198.45
Bitcoin,1/3/2020,1/4/2020,6967.511073,7384.887333,6891.532175,7317.184074,23323885155.71,130662850185.82
Bitcoin,1/2/2020,1/3/2020,7214.705283,7222.856261,6953.660848,6968.274896,16978615552.32,128456540022.85
Bitcoin,1/1/2020,1/2/2020,7196.614648,7252.034228,7182.140636,7213.918462,17174701192.72,130562734340.65
Ethereum,4/30/2025,5/1/2025,1797.7399,1815.5523,1746.0605,1792.1673,21506254895.99,216420374299.12
Ethereum,4/29/2025,4/30/2025,1799.3235,1837.0643,1786.0595,1799.6582,24686340032.32,218925907033.45
Ethereum,4/28/2025,4/29/2025,1791.8791,1822.8929,1754.3156,1799.7151,20165211954.36,216189342161.79
Ethereum,4/27/2025,4/28/2025,1821.289,1850.4275,1789.8378,1793.5816,17534077700.77,217908269302.82
Ethereum,4/26/2025,4/27/2025,1791.0251,1827.8786,1784.4572,1821.4925,21777386988.98,217641696927.70
Ethereum,4/25/2025,4/26/2025,1768.0339,1820.8733,1746.0066,1788.6144,22011391012.63,215166067524.94
Ethereum,4/24/2025,4/25/2025,1794.7472,1799.1267,1729.1662,1768.1289,25212146482.17,213032825761.51
Ethereum,4/23/2025,4/24/2025,1758.577,1815.6899,1747.7276,1794.1005,36969967068.21,216233371658.44
Ethereum,4/22/2025,4/23/2025,1577.9743,1759.8956,1558.909,1756.6085,26949433188.19,198547718911.78
Ethereum,4/21/2025,4/22/2025,1586.6123,1651.6099,1569.9613,1578.767,18480774160.87,194941537552.16
Ethereum,4/20/2025,4/21/2025,1611.4777,1617.3473,1568.5355,1585.0894,10964273365.95,192095315596.90
Ethereum,4/19/2025,4/20/2025,1589.6488,1620.6292,1586.222,1614.6257,10213014825.64,193542232413.50
Ethereum,4/18/2025,4/19/2025,1582.0144,1598.0781,1575.1317,1589.1758,14939147770.86,191503752419.27
Ethereum,4/17/2025,4/18/2025,1579.8853,1613.6254,1567.6914,1583.2601,20507331346.58,192163077961.77
Ethereum,4/16/2025,4/17/2025,1589.4244,1605.1938,1551.7387,1577.7236,20321020406.07,190936600648.10
Ethereum,4/15/2025,4/16/2025,1623.5994,1655.4972,1587.4518,1587.4518,26231594057.26,196189553938.83
Ethereum,4/14/2025,4/15/2025,1597.5996,1684.668,1597.5996,1620.9912,31477668303.96,197763569929.50
Ethereum,4/13/2025,4/14/2025,1642.3522,1646.9541,1573.8017,1597.4421,24179391846.53,194185830172.89
Ethereum,4/12/2025,4/13/2025,1564.7565,1660.8438,1548.3717,1645.339,24560265600.02,193940677173.16
Ethereum,4/11/2025,4/12/2025,1521.4151,1585.3929,1508.0169,1568.7969,26860293382.36,187826844678.43
Ethereum,4/10/2025,4/11/2025,1664.4149,1664.4149,1487.8328,1523.5091,40667998316.06,189947046162.53
Ethereum,4/9/2025,4/10/2025,1468.6484,1681.7472,1398.1091,1663.5134,38247309315.21,182810696802.50
Ethereum,4/8/2025,4/9/2025,1553.5105,1610.0218,1454.5963,1471.9187,41651796701.57,185856074691.95
Ethereum,4/7/2025,4/8/2025,1577.6704,1610.0293,1428.4288,1557.2572,51461714292.48,185761868505.56
Ethereum,4/6/2025,4/7/2025,1806.6143,1813.6853,1548.7903,1575.9425,14215378523.12,210056973893.29
Ethereum,4/5/2025,4/6/2025,1814.2436,1825.3814,1780.1814,1808.0793,19035654483.56,217524512965.44
Ethereum,4/4/2025,4/5/2025,1817.8271,1831.3776,1769.6891,1814.5371,23940926704.64,217660416626.01
Ethereum,4/3/2025,4/4/2025,1790.7517,1839.4916,1757.9195,1816.2813,29105623060.88,217501985025.91
Ethereum,4/2/2025,4/3/2025,1904.8768,1934.1828,1786.4358,1796.3661,21369576537.30,226134330561.55
Ethereum,4/1/2025,4/2/2025,1824.287,1921.4973,1823.0021,1906.6122,21548050601.25,226194631819.49
Ethereum,3/31/2025,4/1/2025,1809.154,1848.2836,1784.3837,1823.6653,20822826161.77,219154114710.46
Ethereum,3/30/2025,3/31/2025,1828.9689,1847.8518,1780.1242,1807.174,17236158415.60,220341919361.64
Ethereum,3/29/2025,3/30/2025,1899.9579,1912.5142,1805.5895,1830.1057,20906667220.06,224425564416.01
Ethereum,3/28/2025,3/29/2025,2001.8577,2014.0999,1869.1977,1898.5164,22252642922.52,231261781305.34
Ethereum,3/27/2025,3/28/2025,2011.6954,2034.75,1991.6675,2003.8884,19106022291.56,243372552547.76
Ethereum,3/26/2025,3/27/2025,2065.9339,2077.3304,1988.4855,2010.4292,16943277536.72,246178768918.43
Ethereum,3/25/2025,3/26/2025,2079.7719,2095.4451,2045.8909,2069.0236,19325532955.90,249237443661.50
Ethereum,3/24/2025,3/25/2025,2004.2247,2100.4186,1982.6176,2076.8002,19715330398.46,249257740833.05
Ethereum,3/23/2025,3/24/2025,1979.8097,2020.3104,1979.8097,2001.8853,11573310329.97,241542405716.25
Ethereum,3/22/2025,3/23/2025,1972.8044,2009.6043,1972.8044,1981.2668,15103215028.87,240565234790.95
Ethereum,3/21/2025,3/22/2025,1988.9592,1999.5525,1948.1103,1971.7272,19324559005.02,238332809764.89
Ethereum,3/20/2025,3/21/2025,2065.8714,2067.9825,1959.0713,1986.5068,28554448891.63,241489353914.58
Ethereum,3/19/2025,3/20/2025,1935.297,2067.5802,1934.1881,2063.8631,23479422737.08,240471990567.47
Ethereum,3/18/2025,3/19/2025,1930.5344,1937.3345,1880.996,1936.9743,18082536984.58,229839093061.75
Ethereum,3/17/2025,3/18/2025,1892.6962,1948.6853,1885.7061,1933.3362,16520566222.82,231066435463.17
Ethereum,3/16/2025,3/17/2025,1938.5851,1939.8424,1877.6917,1890.6401,12535964693.69,230223407581.25
Ethereum,3/15/2025,3/16/2025,1914.4071,1951.335,1908.0482,1939.8185,15923381545.62,232734755048.13
Ethereum,3/14/2025,3/15/2025,1864.0153,1941.7343,1864.0153,1912.8732,22741240910.59,230022289536.03
Ethereum,3/13/2025,3/14/2025,1911.2778,1912.7648,1827.6478,1863.2662,27521325580.04,226381272883.03
Ethereum,3/12/2025,3/13/2025,1919.1253,1946.6203,1844.7742,1911.4398,34743451660.85,228361871097.26
Ethereum,3/11/2025,3/12/2025,1880.3913,1960.4293,1795.0129,1923.0712,47568712060.38,229604657192.36
Ethereum,3/10/2025,3/11/2025,2032.1847,2142.2677,1835.3598,1880.7466,32797212950.61,243178033953.24
Ethereum,3/9/2025,3/10/2025,2204.5821,2211.6636,2008.2524,2019.9403,16852270285.38,256563151250.33
Ethereum,3/8/2025,3/9/2025,2138.884,2231.0954,2117.1828,2202.5575,23782090322.23,261579556084.50
Ethereum,3/7/2025,3/8/2025,2210.1866,2238.9022,2114.0172,2142.4599,30124185705.30,262415085004.41
Ethereum,3/6/2025,3/7/2025,2247.4702,2317.006,2186.1326,2206.5306,28421451276.28,271966589571.69
Ethereum,3/5/2025,3/6/2025,2169.1151,2271.0317,2161.1394,2245.9787,36872277760.84,265728770480.71
Ethereum,3/4/2025,3/5/2025,2161.5935,2215.6223,2024.115,2175.9838,46718587752.92,255014911080.57
Ethereum,3/3/2025,3/4/2025,2506.1727,2506.1727,2125.0885,2167.577,50741495616.52,281080829889.28
Ethereum,3/2/2025,3/3/2025,2217.611,2543.6252,2186.4539,2518.1219,28583997196.78,278348285859.75
Ethereum,3/1/2025,3/2/2025,2235.1403,2279.5333,2150.4487,2215.2059,31508857111.71,267369883074.17
Ethereum,2/28/2025,3/1/2025,2310.8623,2310.8623,2088.5831,2237.8809,44094254060.06,262758814775.37
Ethereum,2/27/2025,2/28/2025,2338.154,2378.5701,2245.0846,2305.8157,38612095652.75,280713355425.41
Ethereum,2/26/2025,2/27/2025,2497.3375,2505.3413,2272.0498,2328.0741,37828000774.78,292931635145.75
Ethereum,2/25/2025,2/26/2025,2522.6626,2529.4272,2350.9648,2497.2986,48224793074.73,295515433594.14
Ethereum,2/24/2025,2/25/2025,2824.6955,2837.8463,2511.7678,2519.0265,30693807053.41,324339451102.77
Ethereum,2/23/2025,2/24/2025,2766.6291,2832.0757,2750.5105,2828.1755,22653966613.83,336970332669.12
Ethereum,2/22/2025,2/23/2025,2659.177,2792.4267,2659.177,2765.7345,37181355479.93,328949703495.71
Ethereum,2/21/2025,2/22/2025,2743.3713,2840.8126,2625.5183,2661.5362,25626035518.38,329997484207.99
Ethereum,2/20/2025,2/21/2025,2719.0535,2768.933,2715.0655,2743.4325,19570223747.51,329972524538.25
Ethereum,2/19/2025,2/20/2025,2673.3141,2735.8486,2661.1775,2717.8562,25909673536.62,326209290067.48
Ethereum,2/18/2025,2/19/2025,2745.9552,2752.1862,2617.3885,2673.001,30822829659.48,323210787473.86
Ethereum,2/17/2025,2/18/2025,2667.5598,2837.7658,2655.5395,2746.7737,21133894534.16,328377167539.53
Ethereum,2/16/2025,2/17/2025,2694.6799,2720.8784,2662.8616,2663.6676,12583513108.70,324890086041.32
Ethereum,2/15/2025,2/16/2025,2727.5147,2739.1878,2683.7543,2695.643,19209944217.79,326272334858.05
Ethereum,2/14/2025,2/15/2025,2675.1054,2783.1329,2670.4857,2724.658,22268966512.07,327020583819.55
Ethereum,2/13/2025,2/14/2025,2735.7051,2753.9677,2622.6285,2677.2258,31653355526.93,323082918013.18
Ethereum,2/12/2025,2/13/2025,2607.7464,2776.256,2576.1423,2735.3528,27418740251.08,317564122865.21
Ethereum,2/11/2025,2/12/2025,2664.1314,2724.4038,2591.7563,2605.7383,22631863274.61,321737999303.49
Ethereum,2/10/2025,2/11/2025,2642.3128,2690.3069,2576.6315,2660.9936,25739699542.26,319371584047.99
Ethereum,2/9/2025,2/10/2025,2636.2478,2679.2743,2550.4002,2633.5511,18724695428.54,318931457660.03
Ethereum,2/8/2025,2/9/2025,2621.5845,2658.7908,2595.9992,2636.9134,31964813948.96,316597810644.02
Ethereum,2/7/2025,2/8/2025,2698.167,2792.7749,2571.3816,2624.3214,34939612360.64,325830866643.06
Ethereum,2/6/2025,2/7/2025,2793.877,2856.0322,2670.0595,2688.2606,35574485030.97,334246249522.52
Ethereum,2/5/2025,2/6/2025,2733.5092,2820.6996,2706.3004,2791.8225,49812617832.41,332835346162.34
Ethereum,2/4/2025,2/5/2025,2883.001,2887.2293,2643.1297,2739.2858,68315793868.08,334243042582.09
Ethereum,2/3/2025,2/4/2025,2857.539,2906.2452,2340.1263,2878.5727,108101091746.44,318898614935.21
Ethereum,2/2/2025,2/3/2025,3122.938,3161.1708,2810.4714,2861.6189,69127983468.10,367841800336.71
Ethereum,2/1/2025,2/2/2025,3293.8377,3328.4496,3107.9489,3118.8217,75744714198.03,391902409441.13
Ethereum,1/31/2025,2/1/2025,3256.1511,3430.5954,3219.2279,3299.6859,45766753461.96,397765189229.18
Ethereum,1/30/2025,1/31/2025,3111.5636,3280.6953,3099.0583,3250.3917,28950574315.65,387974276618.88
Ethereum,1/29/2025,1/30/2025,3082.5931,3167.094,3062.7518,3115.5618,23980111751.49,376398588048.88
Ethereum,1/28/2025,1/29/2025,3196.7367,3222.1802,3050.6451,3079.4891,33248822130.03,382125583452.95
Ethereum,1/27/2025,1/28/2025,3238.8679,3248.5832,3035.4961,3175.7636,34500413660.70,376499758352.02
Ethereum,1/26/2025,1/27/2025,3317.1459,3358.5271,3239.952,3239.952,15441120904.28,400279063661.91
Ethereum,1/25/2025,1/26/2025,3313.3659,3350.3155,3278.4164,3321.9714,23951401454.55,399288130691.66
Ethereum,1/24/2025,1/25/2025,3337.2891,3419.4056,3284.2594,3312.1843,39718724856.66,405622166346.74
Ethereum,1/23/2025,1/24/2025,3243.2423,3339.8612,3194.4642,3334.347,28123652347.38,390141971096.30
Ethereum,1/22/2025,1/23/2025,3332.7509,3359.9576,3236.5177,3241.2247,30774960752.20,397409650842.52
Ethereum,1/21/2025,1/22/2025,3270.3112,3358.7951,3217.6035,3324.7919,50486366902.09,396179664382.34
Ethereum,1/20/2025,1/21/2025,3201.7302,3425.3377,3162.6452,3270.9125,73769555306.57,399443088738.87
Ethereum,1/19/2025,1/20/2025,3300.8532,3439.1313,3141.521,3209.1947,45278179781.36,397946585271.23
Ethereum,1/18/2025,1/19/2025,3475.5254,3488.0589,3241.6216,3311.2036,37107348817.36,400236469126.73
Ethereum,1/17/2025,1/18/2025,3312.8305,3521.4532,3310.1622,3475.7707,33082426140.45,410751034860.52
Ethereum,1/16/2025,1/17/2025,3445.1212,3445.1212,3272.901,3309.1113,33564513803.83,403305565176.50
Ethereum,1/15/2025,1/16/2025,3222.5219,3464.6629,3190.3647,3446.5483,28542955102.00,396483161325.74
Ethereum,1/14/2025,1/15/2025,3138.5582,3251.2566,3131.0023,3226.8039,42997450182.51,385173502850.90
Ethereum,1/13/2025,1/14/2025,3274.3179,3329.4501,2983.6191,3137.4972,29965017836.64,378131972156.19
Ethereum,1/12/2025,1/13/2025,3285.7521,3298.2826,3233.0958,3265.1357,14533181436.56,394254445724.01
Ethereum,1/11/2025,1/12/2025,3270.7379,3319.3191,3224.8162,3287.154,25203648141.55,393238804705.28
Ethereum,1/10/2025,1/11/2025,3225.1431,3321.4982,3205.0965,3270.7251,36092275579.03,394268934843.74
Ethereum,1/9/2025,1/10/2025,3325.2911,3356.3479,3167.6172,3222.8258,38019883144.11,396219469034.10
Ethereum,1/8/2025,1/9/2025,3382.6228,3413.7142,3232.3165,3329.513,44124406651.52,402849202006.52
Ethereum,1/7/2025,1/8/2025,3681.8033,3700.1882,3372.9228,3382.3961,31048790357.44,430956178173.74
Ethereum,1/6/2025,1/7/2025,3639.4222,3736.0327,3615.1707,3690.0782,23686182589.23,441833555108.96
Ethereum,1/5/2025,1/6/2025,3655.0146,3670.0593,3598.9845,3639.1966,19538831693.16,437645640987.87
Ethereum,1/4/2025,1/5/2025,3608.1135,3666.8818,3577.7018,3660.0077,25798252690.34,435677124898.59
Ethereum,1/3/2025,1/4/2025,3454.0645,3625.0143,3426.4105,3605.1944,26471637176.26,422882749517.08
Ethereum,1/2/2025,1/3/2025,3356.4753,3495.0842,3356.4753,3453.7892,22908424670.19,414305672273.10
Ethereum,1/1/2025,1/2/2025,3338.8804,3367.6419,3319.7644,3360.3987,21114226602.38,403129022921.33
Ethereum,12/31/2024,1/1/2025,3358.1097,3442.1557,3319.5678,3339.3388,29921790436.98,405874329690.14
Ethereum,12/30/2024,12/31/2024,3359.7896,3426.9622,3307.2929,3362.7678,23597675148.83,408156603907.70
Ethereum,12/29/2024,12/30/2024,3403.9568,3412.908,3331.2269,3361.8377,16000753452.45,407204192264.72
Ethereum,12/28/2024,12/29/2024,3336.2961,3414.4112,3326.1552,3405.2504,22644237413.93,405371799657.14
Ethereum,12/27/2024,12/28/2024,3338.6735,3431.4421,3309.865,3333.8817,28434551798.75,405256400901.77
Ethereum,12/26/2024,12/27/2024,3504.36,3511.2112,3312.8142,3332.2171,23025805597.44,407925667260.81
Ethereum,12/25/2024,12/26/2024,3490.7882,3539.8233,3447.573,3493.9157,26142151099.23,419642039100.04
Ethereum,12/24/2024,12/25/2024,3416.3805,3523.2474,3364.9631,3497.9701,35880466196.98,413914877729.76
Ethereum,12/23/2024,12/24/2024,3280.1994,3457.3225,3229.2311,3415.7123,35937633351.32,401341920922.11
Ethereum,12/22/2024,12/23/2024,3330.8735,3398.8447,3231.1914,3276.7888,33934014173.44,401560743953.04
Ethereum,12/21/2024,12/22/2024,3470.9469,3545.6217,3305.7744,3340.4166,57665605494.19,412659847194.24
Ethereum,12/20/2024,12/21/2024,3421.3389,3490.0832,3120.9825,3466.7475,81092384717.96,406047469643.30
Ethereum,12/19/2024,12/20/2024,3643.4544,3718.5472,3362.3485,3436.3037,62702704466.73,433894286019.51
Ethereum,12/18/2024,12/19/2024,3890.4503,3899.2388,3627.0821,3631.2671,46219761173.53,461758998677.10
Ethereum,12/17/2024,12/18/2024,3977.7102,4039.4029,3860.3154,3883.1471,51242538107.21,479410787577.92
Ethereum,12/16/2024,12/17/2024,3953.729,4087.5678,3894.0727,3988.2391,41992989681.23,478922486931.08
Ethereum,12/15/2024,12/16/2024,3870.624,3963.2528,3837.5557,3963.2528,25923935187.00,468029748145.58
Ethereum,12/14/2024,12/15/2024,3908.3892,3941.5552,3832.8226,3868.2654,31182188119.62,468713304969.10
Ethereum,12/13/2024,12/14/2024,3887.0938,3964.9047,3856.5753,3909.0227,45881430495.08,470977732537.52
Ethereum,12/12/2024,12/13/2024,3826.3204,3982.7149,3800.9181,3881.3655,44494665436.09,470541924307.27
Ethereum,12/11/2024,12/12/2024,3634.7298,3847.8388,3572.6281,3829.0521,55142194679.62,448844877660.77
Ethereum,12/10/2024,12/11/2024,3696.497,3774.0167,3528.2666,3628.8115,77152357432.54,443535391626.18
Ethereum,12/9/2024,12/10/2024,4000.7757,4000.7757,3611.9149,3715.3684,37740481899.99,465714963432.64
Ethereum,12/8/2024,12/9/2024,4003.0955,4015.2743,3936.9478,4015.2743,25345220862.44,479874515956.36
Ethereum,12/7/2024,12/8/2024,4005.9638,4024.2709,3977.6211,4000.0664,49316091682.45,481619669985.35
Ethereum,12/6/2024,12/7/2024,3787.0958,4084.4091,3787.0958,4005.8846,66701685156.43,474149691699.24
Ethereum,12/5/2024,12/6/2024,3834.3137,3947.2674,3741.8264,3790.4221,70890825038.10,466446560182.92
Ethereum,12/4/2024,12/5/2024,3620.3911,3879.7252,3620.3911,3838.9454,53939665394.79,451213897788.75
Ethereum,12/3/2024,12/4/2024,3638.3021,3661.1126,3512.5343,3625.5278,46319722633.17,434622671971.87
Ethereum,12/2/2024,12/3/2024,3707.9575,3744.724,3567.3985,3641.4213,42617379111.00,438749014163.57
Ethereum,12/1/2024,12/2/2024,3709.608,3734.6788,3664.0405,3703.0563,32850450103.56,445644148166.03
Ethereum,11/30/2024,12/1/2024,3590.9472,3725.6221,3577.1108,3703.812,36730972265.22,441655396895.24
Ethereum,11/29/2024,11/30/2024,3578.6689,3640.1139,3542.6347,3593.636,34408606128.79,431520283111.43
Ethereum,11/28/2024,11/29/2024,3645.0601,3657.0736,3537.5573,3578.2137,48142376764.36,432732013018.88
Ethereum,11/27/2024,11/28/2024,3321.7403,3678.7596,3310.6943,3662.2765,47039036336.52,419508104904.13
Ethereum,11/26/2024,11/27/2024,3408.0632,3460.2276,3263.2728,3328.6135,56832300390.61,405001229032.51
Ethereum,11/25/2024,11/26/2024,3350.5496,3533.9707,3306.4087,3415.4204,41866352589.35,412516068656.54
Ethereum,11/24/2024,11/25/2024,3396.2598,3442.5551,3290.4186,3359.6938,39206582420.39,405549864177.76
Ethereum,11/23/2024,11/24/2024,3321.6837,3484.671,3318.592,3391.0575,43462675702.21,407121881988.36
Ethereum,11/22/2024,11/23/2024,3361.4185,3413.2604,3273.9946,3324.1296,54249579250.94,401175534651.22
Ethereum,11/21/2024,11/22/2024,3072.1877,3385.4357,3038.8448,3363.7218,48480619568.99,388137180033.71
Ethereum,11/20/2024,11/21/2024,3106.3372,3150.461,3036.3053,3071.7452,34553671663.50,372941161960.77
Ethereum,11/19/2024,11/20/2024,3216.1673,3216.1673,3079.6981,3111.9588,42127333474.37,376444761242.78
Ethereum,11/18/2024,11/19/2024,3076.2365,3216.9972,3058.9683,3212.2461,33499392961.32,376304266837.17
Ethereum,11/17/2024,11/18/2024,3137.0396,3159.072,3051.5679,3075.4451,32330820830.23,373823827557.00
Ethereum,11/16/2024,11/17/2024,3090.2146,3208.6767,3076.3723,3132.193,36153478406.14,378369135363.38
Ethereum,11/15/2024,11/16/2024,3073.1999,3129.4133,3023.3663,3094.1653,39878398753.73,369878356541.91
Ethereum,11/14/2024,11/15/2024,3190.795,3235.7841,3048.3298,3059.1004,58895253837.54,381577978145.93
Ethereum,11/13/2024,11/14/2024,3254.3141,3331.5694,3123.91,3189.1444,58728860863.26,386517942589.06
Ethereum,11/12/2024,11/13/2024,3354.328,3435.2489,3217.9822,3256.1818,71973542792.90,397650434919.29
Ethereum,11/11/2024,11/12/2024,3188.7346,3381.8718,3119.5911,3376.7687,52446293721.80,388037179400.11
Ethereum,11/10/2024,11/11/2024,3116.0342,3239.6794,3095.1368,3189.6556,39633601071.45,382740517669.32
Ethereum,11/9/2024,11/10/2024,2956.7487,3147.2829,2956.7487,3125.8481,33853867216.38,365255758030.35
Ethereum,11/8/2024,11/9/2024,2903.7817,2971.6547,2890.2367,2958.7839,35525344071.02,352041100923.13
Ethereum,11/7/2024,11/8/2024,2718.0301,2911.7093,2704.1715,2893.4593,42116216784.20,341144625491.77
Ethereum,11/6/2024,11/7/2024,2427.9603,2736.8628,2425.4696,2720.0061,38739365548.87,315373594237.82
Ethereum,11/5/2024,11/6/2024,2400.4728,2477.1459,2383.5748,2424.2234,21727499229.47,293008559149.51
Ethereum,11/4/2024,11/5/2024,2455.0852,2485.4767,2369.8167,2396.9635,18194427778.76,294837405495.90
Ethereum,11/3/2024,11/4/2024,2492.1993,2495.4708,2416.5102,2458.8649,15221719335.56,295402979949.68
Ethereum,11/2/2024,11/3/2024,2515.7327,2522.247,2480.0381,2491.4827,17934388401.95,300834856266.18
Ethereum,11/1/2024,11/2/2024,2520.6882,2580.2726,2480.8752,2513.8346,25320393925.44,302926232010.20
Ethereum,10/31/2024,11/1/2024,2661.3214,2664.8655,2508.7715,2517.618,23856549877.65,312980070689.22
Ethereum,10/30/2024,10/31/2024,2637.6911,2716.6984,2606.7913,2659.0627,25752648702.82,320677976728.23
Ethereum,10/29/2024,10/30/2024,2565.7784,2675.2624,2562.5821,2637.2503,25882317001.47,315911204405.46
Ethereum,10/28/2024,10/29/2024,2512.144,2579.3281,2481.5583,2565.9021,16079442147.84,302844472305.36
Ethereum,10/27/2024,10/28/2024,2486.015,2526.7467,2472.6548,2513.9056,12576405459.63,299943664662.03
Ethereum,10/26/2024,10/27/2024,2435.7022,2506.2337,2435.7022,2486.0441,25499915602.97,297426388044.82
Ethereum,10/25/2024,10/26/2024,2538.0507,2556.4719,2401.4827,2426.0749,20080465780.19,302453535220.53
Ethereum,10/24/2024,10/25/2024,2524.2931,2558.6877,2513.2672,2537.6447,22332734473.89,305357960475.64
Ethereum,10/23/2024,10/24/2024,2622.9519,2623.3804,2475.2726,2527.6145,18301551588.97,308943355122.86
Ethereum,10/22/2024,10/23/2024,2669.7285,2669.7285,2607.5124,2620.9679,19891942427.52,317076916123.13
Ethereum,10/21/2024,10/22/2024,2742.7096,2761.2256,2660.1079,2668.0588,21584892444.61,325393665687.74
Ethereum,10/20/2024,10/21/2024,2649.8269,2750.333,2636.5087,2744.3776,11059235375.96,321551582964.00
Ethereum,10/19/2024,10/20/2024,2642.4721,2658.6012,2632.0077,2649.1096,15371653283.79,318192817331.64
Ethereum,10/18/2024,10/19/2024,2605.842,2669.3187,2597.2123,2642.2951,19296052208.28,316945309418.41
Ethereum,10/17/2024,10/18/2024,2616.0981,2644.3317,2582.4598,2603.7922,18293153684.42,314695812957.89
Ethereum,10/16/2024,10/17/2024,2605.3226,2642.3032,2591.938,2612.1408,33198362141.31,314975201307.43
Ethereum,10/15/2024,10/16/2024,2630.2038,2676.9401,2540.6433,2602.9998,65487215314.43,313406512547.47
Ethereum,10/14/2024,10/15/2024,2466.9809,2648.3699,2445.7117,2629.5321,60792592317.54,308177026281.95
Ethereum,10/13/2024,10/14/2024,2478.6916,2482.6763,2437.0976,2465.9172,22639714811.09,296267262142.26
Ethereum,10/12/2024,10/13/2024,2439.8292,2487.1163,2434.7447,2476.9495,30505286230.86,295887408874.74
Ethereum,10/11/2024,10/12/2024,2383.0122,2466.7547,2381.4875,2435.8833,39927502626.82,291683460656.05
Ethereum,10/10/2024,10/11/2024,2371.6688,2414.6507,2334.3428,2381.9907,46226053752.19,287052796605.38
Ethereum,10/9/2024,10/10/2024,2439.0923,2468.6206,2360.4501,2368.7741,53048689006.77,292328193279.94
Ethereum,10/8/2024,10/9/2024,2429.1611,2459.0201,2406.5276,2441.5104,60870942465.88,292978038962.92
Ethereum,10/7/2024,10/8/2024,2440.2513,2518.1013,2409.7656,2423.7829,50422252820.89,297434495018.53
Ethereum,10/6/2024,10/7/2024,2411.5666,2453.8659,2408.5,2438.6996,26311445867.40,292330072882.07
Ethereum,10/5/2024,10/6/2024,2420.2255,2426.3081,2392.0934,2416.1068,36501432257.49,290444218133.49
Ethereum,10/4/2024,10/5/2024,2352.2741,2438.5051,2341.2904,2417.5872,48887108059.36,288102416934.08
Ethereum,10/3/2024,10/4/2024,2363.5738,2402.6092,2314.0354,2350.4669,64147590037.62,283903124990.33
Ethereum,10/2/2024,10/3/2024,2453.2018,2500.2849,2359.6067,2367.5875,59258335251.53,294484955477.53
Ethereum,10/1/2024,10/2/2024,2602.956,2656.8548,2432.4723,2455.3594,75327616226.63,309755543174.13
Ethereum,9/30/2024,10/1/2024,2657.1184,2659.8285,2582.0822,2597.1898,50825380351.51,315263733125.31
Ethereum,9/29/2024,9/30/2024,2677.9749,2683.5485,2637.794,2661.2174,31376885448.95,320380074817.10
Ethereum,9/28/2024,9/29/2024,2699.9472,2703.962,2655.4795,2679.5182,47646560991.53,322449677378.88
Ethereum,9/27/2024,9/28/2024,2629.8415,2720.2057,2617.786,2696.9133,65927670477.09,321148187453.92
Ethereum,9/26/2024,9/27/2024,2582.5213,2661.5188,2561.7027,2630.8486,62952122714.89,315750549520.35
Ethereum,9/25/2024,9/26/2024,2651.3904,2665.2899,2564.3497,2578.7016,69624453084.37,314586852255.76
Ethereum,9/24/2024,9/25/2024,2648.4392,2667.4619,2594.7967,2653.7196,75454281873.43,317434504108.86
Ethereum,9/23/2024,9/24/2024,2579.1154,2690.207,2554.9903,2647.1911,81711484992.54,319125880397.15
Ethereum,9/22/2024,9/23/2024,2618.1437,2628.8546,2531.8988,2581.0899,54299828631.71,310887251453.91
Ethereum,9/21/2024,9/22/2024,2559.0148,2618.1029,2532.6668,2615.6591,52774486957.18,307959493173.67
Ethereum,9/20/2024,9/21/2024,2465.1597,2569.427,2440.4414,2557.5129,84650021145.54,304654698430.07
Ethereum,9/19/2024,9/20/2024,2382.7849,2488.8134,2377.7836,2465.818,90170205110.85,293102329047.82
Ethereum,9/18/2024,9/19/2024,2340.3952,2360.131,2284.1697,2360.131,60508907994.27,279199144436.53
Ethereum,9/17/2024,9/18/2024,2297.3418,2387.6376,2265.7066,2340.6357,50992990805.86,279555730048.14
Ethereum,9/16/2024,9/17/2024,2317.2073,2331.3598,2259.9272,2296.6475,59464244325.18,275802026162.91
Ethereum,9/15/2024,9/16/2024,2419.063,2429.25,2312.8386,2322.1973,31089434735.68,288838325340.38
Ethereum,9/14/2024,9/15/2024,2440.9578,2440.9578,2396.373,2418.4846,65188499369.22,291221204774.89
Ethereum,9/13/2024,9/14/2024,2361.6928,2458.0959,2338.8523,2444.3826,71532309022.83,286352679839.99
Ethereum,9/12/2024,9/13/2024,2342.1021,2382.9799,2320.5698,2362.0268,82098610116.53,283234649684.49
Ethereum,9/11/2024,9/12/2024,2386.7733,2386.7733,2284.05,2343.4045,84804412342.36,281297817164.65
Ethereum,9/10/2024,9/11/2024,2358.0765,2397.7908,2326.3383,2391.1928,64427338118.26,283291464294.57
Ethereum,9/9/2024,9/10/2024,2296.2425,2375.6777,2276.3507,2360.4073,64310245768.65,279168424647.33
Ethereum,9/8/2024,9/9/2024,2271.712,2330.6072,2246.7796,2297.8977,39723810386.00,274837709949.83
Ethereum,9/7/2024,9/8/2024,2231.7322,2308.6582,2226.1881,2272.2729,49391736994.30,273628974676.24
Ethereum,9/6/2024,9/7/2024,2369.8234,2405.3853,2175.1372,2226.2336,81863728027.09,279459391465.13
Ethereum,9/5/2024,9/6/2024,2452.9409,2465.2994,2356.0129,2369.5972,72221784955.49,288539329245.00
Ethereum,9/4/2024,9/5/2024,2433.2665,2487.2768,2337.5743,2452.2749,23718907407.46,290875912001.89
Ethereum,9/3/2024,9/4/2024,2540.5543,2553.4566,2438.1004,2438.1004,71254116951.51,299655316014.59
Ethereum,9/2/2024,9/3/2024,2432.8884,2561.0235,2428.7995,2539.6288,20035384902.38,300289757946.62
Ethereum,9/1/2024,9/2/2024,2512.4604,2516.3066,2409.3747,2430.9171,44978505531.74,298131044326.09
Ethereum,8/31/2024,9/1/2024,2523.4476,2533.1541,2496.5843,2514.6596,73116751502.86,303030283369.94
Ethereum,8/30/2024,8/31/2024,2526.0696,2537.557,2441.6821,2527.8508,100196674032.34,301639126556.42
Ethereum,8/29/2024,8/30/2024,2530.1333,2595.4396,2509.4422,2527.8966,98737053362.59,305844574104.93
Ethereum,8/28/2024,8/29/2024,2454.1869,2552.2925,2429.0558,2528.9692,32740526588.05,300051646169.05
Ethereum,8/27/2024,8/28/2024,2685.7921,2699.2548,2441.9281,2464.2258,82975229853.97,315087112922.70
Ethereum,8/26/2024,8/27/2024,2754.1201,2762.9236,2671.8844,2684.2857,85489888570.28,327412167816.45
Ethereum,8/25/2024,8/26/2024,2771.4623,2791.7577,2741.1985,2747.1409,30500044724.74,332190864697.24
Ethereum,8/24/2024,8/25/2024,2768.5943,2815.8938,2745.8208,2766.8233,19522838660.37,332645946751.10
Ethereum,8/23/2024,8/24/2024,2623.9889,2796.865,2623.9889,2762.7538,15762387827.20,322820142857.70
Ethereum,8/22/2024,8/23/2024,2634.5055,2645.9577,2594.8353,2624.906,16982370735.85,315199054437.57
Ethereum,8/21/2024,8/22/2024,2579.8199,2659.8239,2552.611,2631.0461,16309363308.34,312938215376.99
Ethereum,8/20/2024,8/21/2024,2637.8247,2693.986,2570.3182,2579.7431,17076152094.26,316370088420.82
Ethereum,8/19/2024,8/20/2024,2613.3601,2649.5308,2574.9342,2640.3929,13738107673.64,313884471039.47
Ethereum,8/18/2024,8/19/2024,2619.1546,2680.5919,2602.6847,2621.8018,10684582235.75,317468241580.35
Ethereum,8/17/2024,8/18/2024,2597.5662,2627.1605,2593.2407,2618.2232,15001355444.74,313351268859.27
Ethereum,8/16/2024,8/17/2024,2572.7081,2628.9703,2561.2868,2595.7544,21909793862.48,312471022029.99
Ethereum,8/15/2024,8/16/2024,2664.2417,2674.5814,2536.6112,2573.4069,21172796981.01,315292831859.19
Ethereum,8/14/2024,8/15/2024,2701.3749,2760.9126,2646.1577,2664.8732,21303300704.30,324396388468.56
Ethereum,8/13/2024,8/14/2024,2725.257,2734.2765,2619.8933,2704.6421,26482751922.53,321852083355.11
Ethereum,8/12/2024,8/13/2024,2563.8531,2741.4118,2531.0374,2727.6733,24379596634.56,315423830037.49
Ethereum,8/11/2024,8/12/2024,2611.4138,2711.0543,2552.1725,2560.9146,13783923340.49,316401034145.35
Ethereum,8/10/2024,8/11/2024,2595.6427,2642.4081,2586.2779,2609.7463,18641746063.93,314218510527.58
Ethereum,8/9/2024,8/10/2024,2681.0539,2704.0312,2560.8861,2600.1855,29064924778.41,316519810060.96
Ethereum,8/8/2024,8/9/2024,2349.2904,2709.9281,2327.1725,2684.7862,30921267870.27,299583882904.94
Ethereum,8/7/2024,8/8/2024,2462.0024,2543.0155,2326.3285,2341.4748,31259953363.43,293898195243.35
Ethereum,8/6/2024,8/7/2024,2426.3372,2548.8666,2426.3372,2459.4515,50388457255.84,299954792785.74
Ethereum,8/5/2024,8/6/2024,2696.0685,2696.0685,2192.5857,2422.2871,67933658420.23,284995284198.98
Ethereum,8/4/2024,8/5/2024,2907.5983,2931.6832,2673.4794,2689.3252,22756243524.74,342835645312.82
Ethereum,8/3/2024,8/4/2024,2992.2673,3014.762,2870.9185,2910.0724,27325713249.51,355624565179.00
Ethereum,8/2/2024,8/3/2024,3206.6366,3214.8966,2976.9345,2988.3481,26483179606.67,373011856595.47
Ethereum,8/1/2024,8/2/2024,3243.4517,3246.3799,3087.2567,3206.9265,25193218995.29,381012171813.69
Ethereum,7/31/2024,8/1/2024,3284.431,3349.4383,3229.4863,3238.8524,19719654939.11,396484498761.78
Ethereum,7/30/2024,7/31/2024,3323.564,3369.3266,3253.1433,3285.9162,23356590933.47,398756335401.64
Ethereum,7/29/2024,7/30/2024,3275.9617,3402.1238,3272.521,3325.127,18562538334.87,401697783535.89
Ethereum,7/28/2024,7/29/2024,3242.7468,3282.7142,3209.2431,3278.9554,19887735032.08,391185575099.56
Ethereum,7/27/2024,7/28/2024,3274.3051,3325.5462,3215.0684,3258.4777,18671129755.02,393263634230.25
Ethereum,7/26/2024,7/27/2024,3177.8454,3287.6622,3177.7097,3280.8121,28361645389.20,390529782514.83
Ethereum,7/25/2024,7/26/2024,3344.0852,3348.7542,3104.8417,3176.023,30095533927.54,381779344703.00
Ethereum,7/24/2024,7/25/2024,3494.3649,3494.9253,3331.2702,3343.8444,29532333370.80,412425600634.35
Ethereum,7/23/2024,7/24/2024,3449.6586,3546.2619,3414.8226,3494.8847,29990394807.04,418086720661.79
Ethereum,7/22/2024,7/23/2024,3542.9018,3560.864,3438.9392,3450.8457,23551390571.84,419683197753.82
Ethereum,7/21/2024,7/22/2024,3526.1437,3546.9167,3443.0805,3538.6512,14600561413.66,421786112502.52
Ethereum,7/20/2024,7/21/2024,3511.3714,3542.3218,3488.0614,3529.6639,20635062566.61,421656402089.84
Ethereum,7/19/2024,7/20/2024,3435.8713,3549.4278,3396.4205,3509.1482,21093211096.69,415618509967.91
Ethereum,7/18/2024,7/19/2024,3406.515,3501.6378,3392.5912,3442.3484,20420147970.03,413547323623.11
Ethereum,7/17/2024,7/18/2024,3461.005,3523.8767,3398.8222,3403.4466,24946429985.25,416601203195.83
Ethereum,7/16/2024,7/17/2024,3505.0278,3506.2322,3365.8555,3458.0888,25378090716.47,414348816782.42
Ethereum,7/15/2024,7/16/2024,3266.7804,3503.3414,3257.7128,3498.9224,18467836110.64,405946797532.16
Ethereum,7/14/2024,7/15/2024,3200.6783,3284.0263,3189.5346,3273.8138,13053293725.47,386731211325.71
Ethereum,7/13/2024,7/14/2024,3146.3327,3218.7632,3131.2577,3196.7692,13921944276.54,380319543956.38
Ethereum,7/12/2024,7/13/2024,3110.2808,3165.9913,3065.8166,3147.3858,19310170942.02,374155515511.53
Ethereum,7/11/2024,7/12/2024,3109.4128,3207.216,3083.5574,3113.2544,19287702681.60,376253218168.95
Ethereum,7/10/2024,7/11/2024,3078.168,3151.922,3047.5365,3112.4004,19259438464.58,373278291607.96
Ethereum,7/9/2024,7/10/2024,3026.4368,3110.1809,3020.9629,3079.5205,25028894458.28,369545592622.72
Ethereum,7/8/2024,7/9/2024,2951.7716,3082.1223,2843.9711,3027.0641,24973397088.72,358593406966.10
Ethereum,7/7/2024,7/8/2024,3078.5057,3087.1217,2935.1631,2939.0514,13971466195.63,362298750390.70
Ethereum,7/6/2024,7/7/2024,2986.2657,3092.5568,2967.2925,3081.0869,23054834715.35,363661731325.30
Ethereum,7/5/2024,7/6/2024,3060.2769,3112.8855,2838.9092,2986.8941,36750836690.73,355896931850.31
Ethereum,7/4/2024,7/5/2024,3310.2829,3320.6916,3079.6495,3079.6495,23821827278.69,382130009152.36
Ethereum,7/3/2024,7/4/2024,3438.1561,3445.8218,3270.9404,3308.8933,16202961456.07,401617098803.44
Ethereum,7/2/2024,7/3/2024,3459.2052,3482.3441,3424.7669,3437.5581,13864060406.53,415172819427.98
Ethereum,7/1/2024,7/2/2024,3456.2278,3530.274,3450.9956,3458.9634,14646388691.53,419434933606.26
Ethereum,6/30/2024,7/1/2024,3399.2329,3472.1653,3381.1022,3460.3454,9247929775.76,410455781006.17
Ethereum,6/29/2024,6/30/2024,3390.5327,3415.8747,3390.5327,3397.4173,13651160559.73,408853153423.45
Ethereum,6/28/2024,6/29/2024,3459.8701,3494.1628,3379.6875,3388.7953,16467284123.59,412898226130.70
Ethereum,6/27/2024,6/28/2024,3383.5292,3481.1707,3379.1649,3458.8487,15804001113.08,411660524696.79
Ethereum,6/26/2024,6/27/2024,3405.1884,3432.36,3347.8603,3381.2506,14391379660.65,408026765037.52
Ethereum,6/25/2024,6/26/2024,3361.4335,3430.0008,3345.1593,3408.774,22117258703.21,407521531994.48
Ethereum,6/24/2024,6/25/2024,3441.3306,3451.1578,3262.5114,3363.7635,19520467666.89,403338358849.27
Ethereum,6/23/2024,6/24/2024,3523.0682,3544.8247,3443.0237,3443.0237,9130648585.49,422080922898.74
Ethereum,6/22/2024,6/23/2024,3532.3234,3532.3234,3496.4233,3520.6715,15479329282.73,422467085586.38
Ethereum,6/21/2024,6/22/2024,3529.9099,3552.3111,3473.5469,3529.105,18831776300.62,422523924635.46
Ethereum,6/20/2024,6/21/2024,3567.5669,3632.773,3505.837,3527.9278,18144710484.85,428482362066.48
Ethereum,6/19/2024,6/20/2024,3494.1308,3590.9042,3480.0472,3569.4527,22778733739.61,427145834201.71
Ethereum,6/18/2024,6/19/2024,3527.9577,3527.9577,3387.0528,3490.6478,23930785821.71,413602417130.97
Ethereum,6/17/2024,6/18/2024,3642.0912,3652.911,3493.0054,3525.994,17339845259.05,428176093469.00
Ethereum,6/16/2024,6/17/2024,3581.4901,3663.6045,3561.9866,3640.5622,13016030239.46,432247167582.07
Ethereum,6/15/2024,6/16/2024,3498.1517,3599.2194,3493.2443,3582.6116,19756475838.76,426813068665.64
Ethereum,6/14/2024,6/15/2024,3536.0149,3575.9255,3384.5426,3497.0945,20153361899.06,423703071492.35
Ethereum,6/13/2024,6/14/2024,3586.2721,3588.8137,3490.8431,3529.6099,23211103123.77,425325229002.01
Ethereum,6/12/2024,6/13/2024,3536.8556,3659.8818,3513.4303,3588.8847,23450549242.82,430843443790.45
Ethereum,6/11/2024,6/12/2024,3692.0118,3692.8508,3490.1683,3535.8359,21582378438.48,429673502382.01
Ethereum,6/10/2024,6/11/2024,3718.052,3719.0333,3683.7432,3690.4326,13743983447.02,444690143411.10
Ethereum,6/9/2024,6/10/2024,3701.2617,3724.9377,3693.7207,3719.0626,13138578064.82,445617354298.24
Ethereum,6/8/2024,6/9/2024,3692.4326,3715.3797,3688.5027,3702.4338,22112730180.59,444481579284.32
Ethereum,6/7/2024,6/8/2024,3793.6145,3817.2667,3668.1147,3693.2824,20603711252.88,452704840800.39
Ethereum,6/6/2024,6/7/2024,3838.5863,3845.3347,3767.6704,3795.4837,19970081917.76,458547159096.48
Ethereum,6/5/2024,6/6/2024,3795.4214,3847.128,3773.3584,3840.318,20340658273.09,456769021114.11
Ethereum,6/4/2024,6/5/2024,3760.3363,3803.5736,3744.5133,3796.1807,19452924197.55,453185780723.84
Ethereum,6/3/2024,6/4/2024,3764.2367,3817.2073,3753.4775,3758.8311,18158729639.45,454180678717.20
Ethereum,6/2/2024,6/3/2024,3784.9528,3797.2425,3749.5158,3767.4795,15485260823.13,453279408832.60
Ethereum,6/1/2024,6/2/2024,3756.2266,3793.886,3746.8638,3785.174,19357635370.05,453321558587.44
Ethereum,5/31/2024,6/1/2024,3745.2897,3811.4366,3727.1787,3754.9694,21320456633.63,451477412650.84
Ethereum,5/30/2024,5/31/2024,3762.5786,3797.9878,3711.5996,3746.2971,22354133103.78,451313140941.19
Ethereum,5/29/2024,5/30/2024,3822.6668,3848.4572,3742.574,3760.2263,24065068932.98,455443680075.39
Ethereum,5/28/2024,5/29/2024,3858.295,3879.4064,3774.1062,3821.6187,25053251979.16,460371595445.12
Ethereum,5/27/2024,5/28/2024,3801.3107,3919.9212,3801.3107,3863.3463,23755397501.55,465065452369.71
Ethereum,5/26/2024,5/27/2024,3747.1139,3834.8396,3739.1002,3802.9031,17103181755.10,454784966401.05
Ethereum,5/25/2024,5/26/2024,3725.8296,3765.8658,3718.0679,3746.9927,21662918305.15,449798743843.85
Ethereum,5/24/2024,5/25/2024,3768.5169,3813.6985,3651.6707,3729.3849,50662180631.81,448277908521.61
Ethereum,5/23/2024,5/24/2024,3743.3851,3906.8369,3686.0141,3762.9906,38218067429.25,454989857889.68
Ethereum,5/22/2024,5/23/2024,3782.7658,3798.8464,3679.8664,3740.4041,40014294156.90,450294175895.48
Ethereum,5/21/2024,5/22/2024,3668.3001,3809.484,3635.5832,3783.9725,51567094232.37,447199485584.10
Ethereum,5/20/2024,5/21/2024,3073.1032,3678.9175,3058.8148,3655.0761,16711641275.92,383216106689.82
Ethereum,5/19/2024,5/20/2024,3124.5805,3138.3659,3064.9943,3077.2446,10498406217.55,372228665170.92
Ethereum,5/18/2024,5/19/2024,3094.1352,3148.4639,3091.3772,3124.6459,15607196432.75,374230786925.33
Ethereum,5/17/2024,5/18/2024,2944.6721,3114.4688,2939.1483,3096.5567,17499374712.28,364653625093.99
Ethereum,5/16/2024,5/17/2024,3037.0939,3040.4646,2930.0507,2946.525,18409130091.71,358471069527.85
Ethereum,5/15/2024,5/16/2024,2890.9995,3040.3976,2871.2261,3038.4018,15530322763.85,353959643433.33
Ethereum,5/14/2024,5/15/2024,2950.9286,2962.4673,2876.9228,2885.9471,15243697099.03,350244429929.17
Ethereum,5/13/2024,5/14/2024,2939.8921,2991.1717,2879.5344,2951.8969,14451671027.11,353931208475.73
Ethereum,5/12/2024,5/13/2024,2921.2714,2957.482,2913.4757,2940.0684,8710887809.04,352364420037.80
Ethereum,5/11/2024,5/12/2024,2917.1542,2942.2771,2899.6712,2917.5761,14615951567.16,350918186700.95
Ethereum,5/10/2024,5/11/2024,3036.2341,3055.5622,2893.4119,2914.7175,15348847522.30,358912264073.77
Ethereum,5/9/2024,5/10/2024,2982.4435,3057.9938,2962.5723,3041.4941,15431620439.30,360740331162.17
Ethereum,5/8/2024,5/9/2024,3016.9787,3039.6624,2950.6782,2980.2923,16305526586.72,361327030605.04
Ethereum,5/7/2024,5/8/2024,3073.4499,3129.9726,3017.5895,3018.8003,18009353668.95,369251753660.60
Ethereum,5/6/2024,5/7/2024,3147.9043,3226.2427,3064.5102,3070.6776,14774931107.12,376193524069.80
Ethereum,5/5/2024,5/6/2024,3123.1863,3171.0526,3083.8993,3145.7927,12769298228.24,376368010916.25
Ethereum,5/4/2024,5/5/2024,3109.0019,3167.0271,3105.2793,3122.9548,16112788053.87,375675206669.18
Ethereum,5/3/2024,5/4/2024,2995.1504,3129.2215,2970.1135,3109.1052,17797249529.78,364082517035.05
Ethereum,5/2/2024,5/3/2024,2982.6549,3016.1151,2905.9576,2996.1961,24512610743.37,358685178592.19
Ethereum,5/1/2024,5/2/2024,3020.1584,3025.2748,2842.6042,2978.4627,27698776252.50,359085171300.12
Ethereum,4/30/2024,5/1/2024,3215.8261,3251.9596,2934.4719,3025.4554,22560950656.41,375229420309.90
Ethereum,4/29/2024,4/30/2024,3276.7759,3290.2292,3128.9746,3221.3244,20112239962.39,390258332156.72
Ethereum,4/28/2024,4/29/2024,3262.7431,3349.1001,3259.9104,3267.5264,17495409070.25,403962888143.59
Ethereum,4/27/2024,4/28/2024,3138.1956,3276.4548,3090.4257,3266.4045,16096897368.66,385995129319.50
Ethereum,4/26/2024,4/27/2024,3159.7408,3164.0257,3109.0185,3136.485,17568442069.93,383571092868.82
Ethereum,4/25/2024,4/26/2024,3144.7356,3191.1677,3086.2351,3160.3572,20916663780.80,384275950203.85
Ethereum,4/24/2024,4/25/2024,3226.5814,3292.5009,3119.827,3143.4108,16777945141.35,392818371296.64
Ethereum,4/23/2024,4/24/2024,3203.5081,3259.6654,3161.1935,3222.9544,15615157883.37,390925135790.06
Ethereum,4/22/2024,4/23/2024,3154.885,3236.2895,3139.1486,3205.1638,15268999696.66,384038270821.73
Ethereum,4/21/2024,4/22/2024,3152.6366,3197.1134,3125.9824,3151.7936,13828359560.83,379923371242.60
Ethereum,4/20/2024,4/21/2024,3061.1119,3164.9343,3029.3462,3156.4933,18414450765.39,370812382193.73
Ethereum,4/19/2024,4/20/2024,3064.6866,3119.2634,2883.5642,3066.9869,26626321057.44,367780406783.85
Ethereum,4/18/2024,4/19/2024,2994.9314,3088.8207,2964.3582,3066.9058,24462589620.69,364033049456.68
Ethereum,4/17/2024,4/18/2024,3086.2507,3123.377,2940.8497,2986.9312,23766865779.35,365614112033.71
Ethereum,4/16/2024,4/17/2024,3104.6052,3120.097,3011.6021,3085.2485,29508772950.40,369044674825.86
Ethereum,4/15/2024,4/16/2024,3148.3086,3274.6408,3046.618,3104.8875,30679480180.11,380234324207.19
Ethereum,4/14/2024,4/15/2024,3020.6766,3167.6846,2921.9017,3155.7818,45094615982.21,366674727759.56
Ethereum,4/13/2024,4/14/2024,3231.1639,3297.6372,2874.401,3024.3586,32796794122.34,384236672197.23
Ethereum,4/12/2024,4/13/2024,3515.9494,3559.298,3207.709,3245.0984,20597446897.69,413222734268.31
Ethereum,4/11/2024,4/12/2024,3544.0727,3619.6398,3487.4192,3516.6996,23359330960.54,425841437102.52
Ethereum,4/10/2024,4/11/2024,3505.5251,3559.9659,3426.2983,3547.5273,25494309764.85,421861208539.62
Ethereum,4/9/2024,4/10/2024,3702.1783,3719.8724,3480.2572,3510.2155,27414389831.86,432872592945.63
Ethereum,4/8/2024,4/9/2024,3456.3606,3724.6406,3422.8278,3699.5419,20463939705.55,430431125658.29
Ethereum,4/7/2024,4/8/2024,3360.5925,3463.4984,3352.8106,3462.0489,12749497898.47,408159883981.92
Ethereum,4/6/2024,4/7/2024,3318.1087,3397.7313,3316.7243,3365.1664,16843599707.25,401605907921.05
Ethereum,4/5/2024,4/6/2024,3324.0272,3343.0863,3225.0019,3326.061,23831950603.12,396494426863.84
Ethereum,4/4/2024,4/5/2024,3314.8306,3439.675,3262.6895,3331.3943,20347805872.01,401101564956.02
Ethereum,4/3/2024,4/4/2024,3283.1728,3365.8964,3221.5134,3321.2273,27226114831.30,398621870510.17
Ethereum,4/2/2024,4/3/2024,3511.5634,3511.5634,3229.8141,3279.5594,28351731556.36,400451645261.01
Ethereum,4/1/2024,4/2/2024,3652.7203,3652.7203,3429.8378,3511.6981,18201134326.13,425281550994.62
Ethereum,3/31/2024,4/1/2024,3517.0681,3659.4654,3517.0681,3653.6502,14470853501.92,433640851431.51
Ethereum,3/30/2024,3/31/2024,3516.4117,3568.2412,3497.0488,3519.1419,16656105596.71,423417638388.80
Ethereum,3/29/2024,3/30/2024,3567.225,3586.3339,3487.5848,3520.503,18536682158.29,425081161185.09
Ethereum,3/28/2024,3/29/2024,3505.8286,3611.656,3476.2504,3567.0539,25601507536.76,427348384029.58
Ethereum,3/27/2024,3/28/2024,3591.1871,3660.0635,3470.6405,3509.6288,23415479518.85,427963136941.01
Ethereum,3/26/2024,3/27/2024,3587.7997,3676.7396,3553.2567,3595.4684,26064494721.57,434136144727.84
Ethereum,3/25/2024,3/26/2024,3452.4423,3649.4378,3433.4649,3591.7146,19646724946.36,422803962851.85
Ethereum,3/24/2024,3/25/2024,3345.325,3473.0892,3309.7432,3460.4793,16352496809.59,405839941531.16
Ethereum,3/23/2024,3/24/2024,3331.1195,3431.2827,3288.2894,3356.3987,24481657007.92,404503390067.96
Ethereum,3/22/2024,3/23/2024,3505.3801,3551.8292,3265.4496,3326.7581,27183652182.03,410744031950.05
Ethereum,3/21/2024,3/22/2024,3509.118,3585.6894,3425.0405,3501.3058,44245048506.20,422368503013.95
Ethereum,3/20/2024,3/21/2024,3164.1316,3531.3412,3078.0581,3514.8143,47043055768.72,395100234290.92
Ethereum,3/19/2024,3/20/2024,3529.8262,3547.1665,3159.7787,3170.3712,37630296750.11,399043149797.31
Ethereum,3/18/2024,3/19/2024,3649.1913,3649.1913,3472.2709,3528.6413,25266583604.72,428802919561.72
Ethereum,3/17/2024,3/18/2024,3555.7336,3682.9814,3442.9855,3663.6151,30996885011.73,431056161634.24
Ethereum,3/16/2024,3/17/2024,3749.9245,3783.6849,3507.8981,3532.4625,31656354992.61,442519542080.18
Ethereum,3/15/2024,3/16/2024,3894.5792,3933.1728,3607.824,3749.2041,44055756685.15,447371462752.54
Ethereum,3/14/2024,3/15/2024,4011.6396,4018.9962,3751.6579,3890.384,29713647292.99,472220454419.52
Ethereum,3/13/2024,3/14/2024,3982.2827,4081.8289,3964.3421,4018.0569,33882154548.17,483007794678.56
Ethereum,3/12/2024,3/13/2024,4076.2673,4094.1757,3874.9522,3982.9636,34803694659.45,481090290652.93
Ethereum,3/11/2024,3/12/2024,3889.3542,4083.2189,3807.2082,4073.1257,30778140301.31,478841483542.53
Ethereum,3/10/2024,3/11/2024,3917.6319,3970.349,3835.2639,3895.0927,17353264580.23,472096230521.85
Ethereum,3/9/2024,3/10/2024,3889.7214,3948.8374,3888.2514,3922.039,28234929441.53,470829221073.52
Ethereum,3/8/2024,3/9/2024,3877.8076,3993.3391,3844.0819,3894.9458,31443856716.76,471804831393.94
Ethereum,3/7/2024,3/8/2024,3825.5887,3935.9855,3747.3215,3871.5942,36303801550.45,459429052528.40
Ethereum,3/6/2024,3/7/2024,3561.7433,3897.5136,3511.8428,3828.5982,65334878536.80,452570501214.96
Ethereum,3/5/2024,3/6/2024,3634.0364,3820.7597,3371.5388,3568.8763,46819957537.75,439895581457.54
Ethereum,3/4/2024,3/5/2024,3498.8305,3643.7974,3472.8237,3635.9353,25816553469.00,424869505147.50
Ethereum,3/3/2024,3/4/2024,3432.504,3501.2329,3396.4347,3498.5838,16299914909.30,414306161157.83
Ethereum,3/2/2024,3/3/2024,3439.5805,3465.5743,3413.0334,3432.7063,19683483285.64,412506608406.66
Ethereum,3/1/2024,3/2/2024,3347.3371,3455.7838,3347.3371,3443.7937,31180734859.74,409941446388.89
Ethereum,2/29/2024,3/1/2024,3382.0145,3518.9963,3312.4522,3352.4294,47452741624.53,412730072016.78
Ethereum,2/28/2024,2/29/2024,3248.3363,3480.5369,3239.5579,3384.5946,30562577565.26,398090927686.07
Ethereum,2/27/2024,2/28/2024,3181.7246,3288.7675,3172.4334,3247.6036,30298112730.05,389455446473.14
Ethereum,2/26/2024,2/27/2024,3111.1108,3198.4281,3045.6985,3181.2966,22535983213.34,374864149962.25
Ethereum,2/25/2024,2/26/2024,3002.0591,3118.2668,2995.7615,3116.6889,15293885853.90,366691756027.66
Ethereum,2/24/2024,2/25/2024,2929.9059,3008.5953,2916.317,2999.7237,15642677136.08,356516681868.89
Ethereum,2/23/2024,2/24/2024,2975.2429,2995.8998,2917.4241,2933.4655,21874670149.49,354623730514.94
Ethereum,2/22/2024,2/23/2024,2966.6962,3033.2268,2914.9236,2976.6605,25167939532.27,357466391574.67
Ethereum,2/21/2024,2/22/2024,3016.9065,3019.1744,2889.5476,2979.378,26361613659.06,353887767742.20
Ethereum,2/20/2024,2/21/2024,2954.8817,3026.2876,2892.1928,3018.271,22327755664.53,353847628614.95
Ethereum,2/19/2024,2/20/2024,2889.2776,2987.9941,2872.9477,2949.559,17499642240.53,351110983418.35
Ethereum,2/18/2024,2/19/2024,2799.8852,2902.5219,2781.7234,2885.0803,13290934981.21,339170555010.18
Ethereum,2/17/2024,2/18/2024,2811.4698,2813.5999,2736.6692,2800.9727,15941577206.05,335254980614.46
Ethereum,2/16/2024,2/17/2024,2832.5108,2862.7309,2774.6702,2814.5881,20277716111.85,339213493140.41
Ethereum,2/15/2024,2/16/2024,2784.5215,2867.7119,2775.4192,2830.3882,20182399805.36,337987621112.97
Ethereum,2/14/2024,2/15/2024,2647.8073,2791.7027,2633.0642,2785.6156,18386226736.24,326797392771.88
Ethereum,2/13/2024,2/14/2024,2672.7136,2692.1905,2609.1512,2651.6868,20612895019.30,319145077879.90
Ethereum,2/12/2024,2/13/2024,2514.0675,2670.1845,2481.6362,2665.8713,11554966027.17,305929276731.15
Ethereum,2/11/2024,2/12/2024,2506.405,2550.7067,2504.1662,2513.697,10127308481.75,303284991361.29
Ethereum,2/10/2024,2/11/2024,2500.1485,2524.6597,2486.2405,2508.1581,14142539283.32,301449607250.54
Ethereum,2/9/2024,2/10/2024,2433.1705,2529.0123,2430.7901,2496.3297,15129231226.44,298526079407.71
Ethereum,2/8/2024,2/9/2024,2433.9434,2466.0629,2425.3031,2430.7954,13961323062.03,292905294987.90
Ethereum,2/7/2024,2/8/2024,2383.4195,2450.1408,2363.7444,2433.4726,12917910325.37,287504436023.75
Ethereum,2/6/2024,2/7/2024,2305.9946,2395.3147,2305.8281,2378.9861,11649482311.46,281834358102.78
Ethereum,2/5/2024,2/6/2024,2298.9154,2345.6847,2286.611,2307.8871,9642150758.53,277896391753.84
Ethereum,2/4/2024,2/5/2024,2309.6633,2329.7065,2288.1125,2300.7869,6526883552.95,278016924534.70
Ethereum,2/3/2024,2/4/2024,2320.032,2339.3211,2307.438,2308.4017,8691507738.80,279054963723.68
Ethereum,2/2/2024,2/3/2024,2312.2804,2330.6793,2292.9995,2315.8758,11267584415.85,278070507708.15
Ethereum,2/1/2024,2/2/2024,2291.8539,2314.8405,2250.1461,2309.7864,14713552489.60,274740630302.72
Ethereum,1/31/2024,2/1/2024,2352.1,2353.8383,2276.8126,2290.0626,14902809883.08,279639745586.11
Ethereum,1/30/2024,1/31/2024,2319.5817,2392.6054,2308.0007,2352.9496,13153625531.21,281023747888.48
Ethereum,1/29/2024,1/30/2024,2260.5421,2328.6734,2249.4783,2322.1758,10111488487.85,274762335728.98
Ethereum,1/28/2024,1/29/2024,2278.7711,2321.114,2253.8417,2265.7801,8292817062.37,274940695709.22
Ethereum,1/27/2024,1/28/2024,2271.6789,2293.0649,2260.0281,2279.8939,11029384042.45,273665211330.21
Ethereum,1/26/2024,1/27/2024,2222.7326,2287.5165,2204.1141,2273.8506,12957499757.09,270076249386.97
Ethereum,1/25/2024,1/26/2024,2238.7946,2246.0683,2184.6585,2225.0667,12003582601.41,267083306613.24
Ethereum,1/24/2024,1/25/2024,2247.3169,2266.5401,2204.4832,2242.5731,18603345288.30,268429810426.57
Ethereum,1/23/2024,1/24/2024,2318.7719,2352.1061,2175.4027,2245.9684,20446886694.74,271811218929.80
Ethereum,1/22/2024,1/23/2024,2468.2272,2473.1979,2313.3049,2314.0749,11764931212.29,287681259639.21
Ethereum,1/21/2024,1/22/2024,2477.1429,2489.5735,2462.7165,2462.9212,6537648899.47,298099758514.01
Ethereum,1/20/2024,1/21/2024,2490.8598,2492.1907,2460.6756,2475.8202,13074922526.49,297683211415.22
Ethereum,1/19/2024,1/20/2024,2473.1251,2505.1945,2421.7773,2494.3614,16761992257.42,297574351934.61
Ethereum,1/18/2024,1/19/2024,2533.5184,2549.2366,2436.9388,2471.5514,14412902514.28,301792708427.78
Ethereum,1/17/2024,1/18/2024,2590.1208,2594.6877,2515.5634,2531.9048,15327106103.65,306835113536.74
Ethereum,1/16/2024,1/17/2024,2515.9556,2612.7871,2507.9105,2591.9988,12057109216.99,306419595177.48
Ethereum,1/15/2024,1/16/2024,2480.7728,2554.8887,2480.3448,2518.5584,13574721954.26,303292197288.83
Ethereum,1/14/2024,1/15/2024,2575.3412,2576.5324,2475.2055,2475.2055,12911017679.06,305528490517.98
Ethereum,1/13/2024,1/14/2024,2529.5063,2589.5888,2503.1383,2577.8874,27975502424.32,306731170035.39
Ethereum,1/12/2024,1/13/2024,2616.958,2707.1491,2471.553,2525.3844,26032705737.38,313268829380.15
Ethereum,1/11/2024,1/12/2024,2585.0706,2683.4842,2570.7171,2621.2241,38483748206.59,313781312654.98
Ethereum,1/10/2024,1/11/2024,2350.2635,2621.6549,2350.2635,2584.8184,26831117293.51,290619553017.46
Ethereum,1/9/2024,1/10/2024,2334.3953,2368.7275,2252.0789,2344.5186,39012477133.80,275993070125.68
Ethereum,1/8/2024,1/9/2024,2222.7218,2357.8526,2175.1882,2331.6636,45290627669.22,271245099979.37
Ethereum,1/7/2024,1/8/2024,2242.006,2255.7745,2210.3747,2223.9671,33767850830.43,269560225490.72
Ethereum,1/6/2024,1/7/2024,2271.0438,2272.2394,2221.6518,2242.0522,35125683216.76,269755876555.76
Ethereum,1/5/2024,1/6/2024,2268.7193,2276.9643,2210.1646,2267.6242,36046712358.90,270066054404.13
Ethereum,1/4/2024,1/5/2024,2209.7805,2292.4711,2207.4139,2273.3643,43675967951.84,270109061320.26
Ethereum,1/3/2024,1/4/2024,2362.7066,2388.0097,2146.2668,2212.1818,30271585830.46,275985780180.71
Ethereum,1/2/2024,1/3/2024,2364.3164,2437.7644,2356.9983,2362.6682,14492633488.64,287040709395.11
Ethereum,1/1/2024,1/2/2024,2297.0082,2365.2769,2283.0464,2364.7349,9185275793.00,278471451405.80
Ethereum,12/31/2023,1/1/2024,2304.0161,2332.4726,2286.8033,2290.7806,9328770192.16,277269253933.91
Ethereum,12/30/2023,12/31/2023,2302.3851,2330.2361,2279.8696,2307.4329,13963348868.91,277190698757.79
Ethereum,12/29/2023,12/30/2023,2355.2031,2389.6729,2278.6963,2304.5868,18096331672.40,281655690402.36
Ethereum,12/28/2023,12/29/2023,2389.6032,2447.6009,2344.325,2354.3096,22036625668.74,287112286033.91
Ethereum,12/27/2023,12/28/2023,2234.9106,2392.2243,2220.1078,2382.9219,14889105005.60,275812025686.96
Ethereum,12/26/2023,12/27/2023,2277.8463,2280.5342,2196.648,2236.053,12238437876.28,269709280307.28
Ethereum,12/25/2023,12/26/2023,2281.6645,2314.1756,2266.721,2277.8997,10558970699.54,274894661410.04
Ethereum,12/24/2023,12/25/2023,2318.2148,2338.013,2261.5892,2281.7895,10659466718.18,276660135328.42
Ethereum,12/23/2023,12/24/2023,2336.5846,2337.3574,2273.8281,2324.5017,15453294959.48,276222264685.29
Ethereum,12/22/2023,12/23/2023,2243.2137,2348.5416,2238.41,2334.5749,19761317473.71,276545513085.08
Ethereum,12/21/2023,12/22/2023,2203.1994,2279.1615,2191.2078,2241.3124,16931218256.49,266670185742.82
Ethereum,12/20/2023,12/21/2023,2182.992,2265.3161,2173.6478,2203.634,14297461493.68,264579980273.79
Ethereum,12/19/2023,12/20/2023,2220.5282,2256.8868,2146.9782,2182.7852,14063390675.26,266503182313.86
Ethereum,12/18/2023,12/19/2023,2215.2821,2225.4213,2132.7131,2219.8065,12043900808.10,261774503078.80
Ethereum,12/17/2023,12/18/2023,2240.5967,2259.481,2208.8972,2209.3412,8861064803.94,268429367893.92
Ethereum,12/16/2023,12/17/2023,2235.4109,2275.7127,2225.6671,2237.8364,11738110573.31,270854614668.93
Ethereum,12/15/2023,12/16/2023,2319.4836,2323.195,2226.2631,2226.2631,15541900763.03,272888346679.88
Ethereum,12/14/2023,12/15/2023,2267.0949,2337.1193,2250.1144,2321.5086,15912075464.72,274946330415.86
Ethereum,12/13/2023,12/14/2023,2209.3063,2288.4153,2159.3775,2270.0679,15418236983.50,265323828046.10
Ethereum,12/12/2023,12/13/2023,2231.6641,2247.4513,2174.2351,2211.4454,17509170039.59,266740138416.82
Ethereum,12/11/2023,12/12/2023,2364.186,2366.0215,2172.8362,2226.3719,17070233379.85,269633213660.43
Ethereum,12/10/2023,12/11/2023,2353.9034,2389.3012,2334.7485,2367.2263,11316445443.25,283755771272.10
Ethereum,12/9/2023,12/10/2023,2369.8255,2408.1871,2346.062,2347.8794,14883172926.07,284679908347.65
Ethereum,12/8/2023,12/9/2023,2360.6813,2391.0809,2346.1622,2365.7928,19026401682.43,284668863875.61
Ethereum,12/7/2023,12/8/2023,2234.77,2382.3684,2231.501,2359.8526,15551563502.18,275002171298.01
Ethereum,12/6/2023,12/7/2023,2297.2672,2311.2512,2230.1086,2232.6381,20327258586.57,272989619308.62
Ethereum,12/5/2023,12/6/2023,2243.4636,2304.7483,2198.7799,2296.1148,17307183878.82,269214681971.29
Ethereum,12/4/2023,12/5/2023,2197.6314,2272.6217,2197.6314,2246.8601,17942397610.73,268708739887.67
Ethereum,12/3/2023,12/4/2023,2167.4955,2212.3457,2154.5347,2194.5698,12925542817.35,260738098230.86
Ethereum,12/2/2023,12/3/2023,2091.5092,2177.7269,2091.1518,2168.3265,11001425710.70,254629027090.50
Ethereum,12/1/2023,12/2/2023,2056.3575,2111.7771,2051.5244,2088.1417,12680883069.72,251618612661.50
Ethereum,11/30/2023,12/1/2023,2034.1386,2059.644,2028.4974,2059.644,10282780617.70,245584278291.05
Ethereum,11/29/2023,11/30/2023,2054.3649,2075.0675,2025.6215,2034.9052,12962173433.65,246550627064.50
Ethereum,11/28/2023,11/29/2023,2031.0736,2077.86,2002.1548,2053.695,13780640658.60,245032744322.16
Ethereum,11/27/2023,11/28/2023,2065.4992,2074.4683,1994.7518,2033.8879,12626288789.95,244849793253.95
Ethereum,11/26/2023,11/27/2023,2092.5085,2100.5528,2049.3238,2067.4395,7960954209.42,250183210778.46
Ethereum,11/25/2023,11/26/2023,2083.8261,2094.0902,2070.3335,2091.0072,13422968595.54,250800368479.91
Ethereum,11/24/2023,11/25/2023,2066.894,2130.8215,2064.7755,2083.1146,12869322702.25,251497797495.80
Ethereum,11/23/2023,11/24/2023,2066.3203,2090.181,2046.5066,2065.4121,15850314540.56,248499721062.56
Ethereum,11/22/2023,11/23/2023,1947.0494,2091.8274,1947.0494,2068.7505,18773808448.54,243081372645.21
Ethereum,11/21/2023,11/22/2023,2025.9978,2039.2922,1947.2729,1947.2729,15043384930.04,241188093143.78
Ethereum,11/20/2023,11/21/2023,2012.9647,2063.9834,2003.8788,2026.0671,12166222678.91,243752527293.78
Ethereum,11/19/2023,11/20/2023,1967.012,2020.8197,1951.2829,2017.84,8541646952.08,237226853354.21
Ethereum,11/18/2023,11/19/2023,1965.2595,1977.8325,1929.2661,1970.76,12365333494.53,235113164297.79
Ethereum,11/17/2023,11/18/2023,1966.9486,1992.5723,1917.3786,1963.0612,16586139923.75,236328055743.29
Ethereum,11/16/2023,11/17/2023,2061.4463,2084.0425,1947.1718,1967.1746,16917261810.22,244049599540.42
Ethereum,11/15/2023,11/16/2023,1986.2957,2063.7205,1971.4664,2063.7205,16177509882.23,241688905773.75
Ethereum,11/14/2023,11/15/2023,2057.6853,2066.7088,1957.5836,1984.9427,16840325091.05,244846148404.79
Ethereum,11/13/2023,11/14/2023,2047.2948,2116.9299,2036.5369,2062.0338,14153405301.81,248586391519.71
Ethereum,11/12/2023,11/13/2023,2057.42,2069.4629,2027.3338,2050.0759,11809527304.63,247098471816.78
Ethereum,11/11/2023,11/12/2023,2081.5555,2090.4453,2039.2434,2053.8475,15792919049.30,248239197956.17
Ethereum,11/10/2023,11/11/2023,2121.2387,2132.1021,2069.1237,2081.4278,33261575272.73,252650523170.42
Ethereum,11/9/2023,11/10/2023,1895.4462,2129.0593,1891.6564,2129.0593,17992766491.77,236198583219.99
Ethereum,11/8/2023,11/9/2023,1891.9098,1910.6187,1879.5865,1897.7761,10796369951.14,227752261253.84
Ethereum,11/7/2023,11/8/2023,1901.8883,1911.435,1860.5789,1893.7437,11806166638.67,227331602199.29
Ethereum,11/6/2023,11/7/2023,1896.2604,1917.0975,1878.7148,1903.7499,12539063130.69,228216182030.54
Ethereum,11/5/2023,11/6/2023,1868.2766,1915.4054,1857.5971,1898.5158,9634724737.81,227145697224.08
Ethereum,11/4/2023,11/5/2023,1835.5706,1874.3832,1832.2783,1866.3204,9154967110.38,221950840484.09
Ethereum,11/3/2023,11/4/2023,1802.3235,1841.2692,1781.8959,1841.2692,11616516962.00,217376211768.62
Ethereum,11/2/2023,11/3/2023,1849.6457,1873.3653,1795.9264,1802.7052,16059571805.25,219981071456.91
Ethereum,11/1/2023,11/2/2023,1815.4356,1859.0325,1790.8803,1848.0509,10899701382.06,218512805283.31
Ethereum,10/31/2023,11/1/2023,1812.6568,1821.527,1791.2164,1818.9075,9569735199.02,217288595938.79
Ethereum,10/30/2023,10/31/2023,1800.7909,1832.1438,1785.4326,1813.0075,8786102938.37,217324923602.83
Ethereum,10/29/2023,10/30/2023,1781.7403,1815.2213,1774.2012,1799.8852,5395363593.75,215802762029.37
Ethereum,10/28/2023,10/29/2023,1783.8743,1802.3462,1779.0097,1782.9946,8579366820.70,215256147951.53
Ethereum,10/27/2023,10/28/2023,1808.906,1808.906,1757.205,1784.0364,13240044858.09,214882632589.19
Ethereum,10/26/2023,10/27/2023,1788.9379,1866.7038,1767.6968,1808.1167,15196619687.58,217467024910.76
Ethereum,10/25/2023,10/26/2023,1786.6093,1816.0285,1764.5308,1787.9198,16386723290.79,215350717581.47
Ethereum,10/24/2023,10/25/2023,1767.8561,1854.0797,1762.3191,1784.0301,26270889659.16,217149758915.25
Ethereum,10/23/2023,10/24/2023,1670.5582,1785.6989,1666.0905,1768.0496,12953552162.42,203861524120.37
Ethereum,10/22/2023,10/23/2023,1634.7364,1671.7854,1630.4544,1670.1238,7991259163.44,197536830506.93
Ethereum,10/21/2023,10/22/2023,1610.9302,1649.52,1598.5352,1639.2142,7867104282.91,195074994635.17
Ethereum,10/20/2023,10/21/2023,1575.2943,1633.9106,1567.953,1611.9152,9802329069.47,193058141878.34
Ethereum,10/19/2023,10/20/2023,1570.2284,1581.0549,1552.0919,1572.3438,7175644671.53,188189532304.18
Ethereum,10/18/2023,10/19/2023,1573.6612,1592.1094,1567.596,1574.0198,8605144306.14,189846227609.52
Ethereum,10/17/2023,10/18/2023,1603.3676,1603.6209,1559.7563,1572.3634,10672499553.05,190632098109.09
Ethereum,10/16/2023,10/17/2023,1573.5168,1618.3088,1568.4368,1604.0734,10070279751.05,190831241044.20
Ethereum,10/15/2023,10/16/2023,1568.7209,1580.5221,1566.3711,1572.1513,5386722153.64,189007712422.89
Ethereum,10/14/2023,10/15/2023,1564.6367,1572.8479,1556.3139,1568.5791,7685883448.58,188118288752.99
Ethereum,10/13/2023,10/14/2023,1549.3135,1576.0924,1549.273,1563.339,9331673980.05,187358391191.62
Ethereum,10/12/2023,10/13/2023,1570.2708,1572.9896,1537.593,1553.1663,8505498927.70,187208841438.99
Ethereum,10/11/2023,10/12/2023,1574.8773,1584.1244,1555.0118,1570.2359,8088662982.31,188676459457.60
Ethereum,10/10/2023,10/11/2023,1584.5508,1599.682,1560.8167,1571.6147,9096915923.85,190337872945.54
Ethereum,10/9/2023,10/10/2023,1644.4441,1646.0636,1558.5756,1587.5407,6912591505.71,193596451865.03
Ethereum,10/8/2023,10/9/2023,1644.2918,1653.6621,1627.1333,1640.3531,4358015596.08,197439530682.82
Ethereum,10/7/2023,10/8/2023,1649.9352,1654.108,1640.0508,1644.3284,6069228885.76,198044873374.45
Ethereum,10/6/2023,10/7/2023,1620.1927,1662.4326,1617.0067,1651.9306,7777266053.27,197087605995.01
Ethereum,10/5/2023,10/6/2023,1651.6581,1660.0277,1615.7685,1615.7685,7397553347.50,196946832130.15
Ethereum,10/4/2023,10/5/2023,1661.9509,1661.9509,1635.2103,1654.226,7470708030.03,198141711567.01
Ethereum,10/3/2023,10/4/2023,1654.7809,1663.2077,1644.132,1661.9006,10991529791.80,199103924107.79
Ethereum,10/2/2023,10/3/2023,1702.9945,1719.1152,1643.2612,1659.3201,12217901429.79,203395689239.08
Ethereum,10/1/2023,10/2/2023,1660.7374,1713.0671,1652.2946,1704.772,6732382863.49,200155271783.08
Ethereum,9/30/2023,10/1/2023,1668.9176,1676.0731,1657.6092,1660.7197,7439758425.69,200469753621.92
Ethereum,9/29/2023,9/30/2023,1654.6033,1687.3823,1653.0075,1670.2721,11430588885.66,200444915556.66
Ethereum,9/28/2023,9/29/2023,1601.2221,1668.0121,1601.1646,1656.237,10639649039.74,196361557923.92
Ethereum,9/27/2023,9/28/2023,1599.4542,1635.9912,1591.6847,1603.02,7789593963.82,192929822075.42
Ethereum,9/26/2023,9/27/2023,1592.4173,1602.038,1588.1975,1598.2727,6398563771.85,191753815289.08
Ethereum,9/25/2023,9/26/2023,1586.3609,1601.0308,1570.4494,1593.1277,7232337329.38,190765459789.88
Ethereum,9/24/2023,9/25/2023,1605.2201,1610.578,1587.167,1587.9419,3941636101.83,192683463084.73
Ethereum,9/23/2023,9/24/2023,1602.2129,1606.6629,1597.3995,1605.5225,4854830308.17,192603860748.42
Ethereum,9/22/2023,9/23/2023,1590.0814,1606.8503,1585.8896,1602.0907,8052437040.00,192313187657.20
Ethereum,9/21/2023,9/22/2023,1625.3928,1630.5984,1577.9087,1588.2615,9208779426.11,193152236309.73
Ethereum,9/20/2023,9/21/2023,1649.0155,1654.2898,1619.3917,1628.597,7723343046.45,196782047612.31
Ethereum,9/19/2023,9/20/2023,1642.774,1664.6334,1633.4532,1647.9698,8252840057.78,197986188998.02
Ethereum,9/18/2023,9/19/2023,1632.1718,1672.3274,1617.5644,1640.0148,7391125677.27,197752760369.08
Ethereum,9/17/2023,9/18/2023,1642.9641,1644.1342,1623.0975,1631.6033,4528216761.98,196648020935.89
Ethereum,9/16/2023,9/17/2023,1646.6902,1655.0174,1637.0464,1643.6264,6112378166.64,197574442821.32
Ethereum,9/15/2023,9/16/2023,1629.7877,1656.1264,1618.8301,1646.386,7728872024.60,196203348879.66
Ethereum,9/14/2023,9/15/2023,1612.4977,1643.0933,1612.2524,1631.1887,9024533970.50,195843009723.27
Ethereum,9/13/2023,9/14/2023,1595.4309,1618.222,1585.849,1611.168,9217529030.07,192708115707.28
Ethereum,9/12/2023,9/13/2023,1552.332,1617.3093,1552.332,1596.9765,12621213624.38,191395675134.05
Ethereum,9/11/2023,9/12/2023,1620.6674,1623.695,1541.2379,1551.5974,9521545151.29,190817888895.79
Ethereum,9/10/2023,9/11/2023,1643.0558,1643.0558,1610.5101,1621.118,5024416047.11,195872627056.52
Ethereum,9/9/2023,9/10/2023,1640.9434,1644.1057,1635.6614,1641.2521,5407497690.77,197145683353.94
Ethereum,9/8/2023,9/9/2023,1649.4873,1657.6135,1623.9175,1639.2648,8497907658.99,197260690378.36
Ethereum,9/7/2023,9/8/2023,1635.3123,1660.3724,1627.419,1649.0146,8509687335.35,197016266197.33
Ethereum,9/6/2023,9/7/2023,1637.5757,1653.347,1619.8781,1637.6927,6920000515.33,196548022399.39
Ethereum,9/5/2023,9/6/2023,1635.1747,1647.7832,1616.4428,1636.3713,7085166693.78,196316359076.10
Ethereum,9/4/2023,9/5/2023,1640.6107,1647.9321,1624.3255,1634.5149,5745959770.83,196884258309.12
Ethereum,9/3/2023,9/4/2023,1633.4577,1649.1671,1630.9825,1641.0845,5022317781.79,197262990405.06
Ethereum,9/2/2023,9/3/2023,1630.7722,1647.1399,1630.7722,1632.831,7732708399.01,196926809234.36
Ethereum,9/1/2023,9/2/2023,1650.0819,1656.4525,1607.8498,1632.2664,10674815405.78,197469753517.56
Ethereum,8/31/2023,9/1/2023,1707.9015,1723.2418,1641.9534,1648.7034,8080238835.72,203705911875.87
Ethereum,8/30/2023,8/31/2023,1732.387,1732.387,1700.0304,1709.4821,13584664638.55,206542717790.85
Ethereum,8/29/2023,8/30/2023,1656.1741,1744.1021,1644.4011,1730.6338,10417920252.81,202871156178.43
Ethereum,8/28/2023,8/29/2023,1661.9119,1664.7217,1637.1393,1658.3608,6597502473.26,198966722566.07
Ethereum,8/27/2023,8/28/2023,1653.1053,1666.2375,1652.9416,1662.8888,4492717624.91,199762022990.06
Ethereum,8/26/2023,8/27/2023,1657.7255,1659.4688,1650.03,1654.6312,6885500757.76,199288908826.20
Ethereum,8/25/2023,8/26/2023,1664.9809,1667.3616,1641.6669,1658.1815,8722628357.81,199441639596.57
Ethereum,8/24/2023,8/25/2023,1680.7469,1682.1802,1648.9933,1663.8176,12441595988.76,200777782384.55
Ethereum,8/23/2023,8/24/2023,1639.6381,1693.6995,1633.3896,1678.939,14902163460.04,199372222748.47
Ethereum,8/22/2023,8/23/2023,1677.0058,1677.0907,1608.8245,1637.9377,9928783226.23,199854689663.24
Ethereum,8/21/2023,8/22/2023,1688.1358,1688.9175,1665.4827,1675.9756,9341217452.71,202203096344.77
Ethereum,8/20/2023,8/21/2023,1678.5526,1694.184,1671.4151,1689.1408,8973188245.36,202313742841.31
Ethereum,8/19/2023,8/20/2023,1674.3385,1693.6341,1665.5191,1675.8878,11367680936.63,201883996085.43
Ethereum,8/18/2023,8/19/2023,1693.2586,1704.2062,1658.6673,1672.9856,23951480894.82,202771028243.22
Ethereum,8/17/2023,8/18/2023,1810.3227,1811.8277,1592.229,1690.8845,12045617568.04,213372815249.37
Ethereum,8/16/2023,8/17/2023,1830.311,1832.0027,1806.82,1810.2431,8655020387.91,219717947082.53
Ethereum,8/15/2023,8/16/2023,1843.2767,1844.8887,1823.7283,1829.7257,8258663992.33,221443661590.91
Ethereum,8/14/2023,8/15/2023,1840.4269,1852.071,1836.075,1843.4167,8759038264.59,222168448089.01
Ethereum,8/13/2023,8/14/2023,1847.7789,1855.25,1838.6769,1840.1947,5626790326.30,222461400592.96
Ethereum,8/12/2023,8/13/2023,1848.8932,1854.56,1845.1742,1847.3811,5990734189.02,222809196035.34
Ethereum,8/11/2023,8/12/2023,1851.9433,1855.7265,1842.0685,1849.3763,6862255260.29,222596867609.36
Ethereum,8/10/2023,8/11/2023,1856.5643,1864.1483,1847.6217,1852.802,7896782993.69,223187131219.91
Ethereum,8/9/2023,8/10/2023,1858.2205,1870.2222,1847.5898,1856.8785,10420653685.58,223704196263.56
Ethereum,8/8/2023,8/9/2023,1830.5321,1872.6338,1827.9754,1856.6174,11950412281.43,221873795901.18
Ethereum,8/7/2023,8/8/2023,1863.2023,1872.4928,1810.7594,1828.9846,11333445601.85,221630803258.86
Ethereum,8/6/2023,8/7/2023,1865.2758,1881.9888,1859.1823,1859.4031,14472790131.41,225366577764.71
Ethereum,8/5/2023,8/6/2023,1831.3543,1871.2594,1827.7338,1866.4349,11507058325.07,221962653200.51
Ethereum,8/4/2023,8/5/2023,1839.5042,1847.6909,1822.775,1831.8455,12294279402.84,221183985393.32
Ethereum,8/3/2023,8/4/2023,1839.5182,1855.1814,1828.6664,1835.6063,13647143332.13,221547609807.43
Ethereum,8/2/2023,8/3/2023,1873.5962,1877.2666,1827.541,1836.7221,15230588274.31,223032991809.22
Ethereum,8/1/2023,8/2/2023,1856.2227,1869.4222,1824.7339,1869.4222,11967740934.51,221669285743.89
Ethereum,7/31/2023,8/1/2023,1862.1056,1878.3138,1853.525,1859.2884,11444017827.52,224678360389.45
Ethereum,7/30/2023,7/31/2023,1884.0244,1886.2911,1855.7308,1863.038,8449001109.34,225887622710.37
Ethereum,7/29/2023,7/30/2023,1876.9101,1889.6508,1869.2421,1886.0775,9370400498.87,226048050607.18
Ethereum,7/28/2023,7/29/2023,1864.0701,1882.0238,1857.1608,1876.0131,11611143503.13,225216040017.00
Ethereum,7/27/2023,7/28/2023,1872.7497,1888.1761,1856.7452,1861.3318,14045077233.49,225496393183.47
Ethereum,7/26/2023,7/27/2023,1860.0019,1886.3957,1849.6508,1873.3117,11486058141.67,224275752693.87
Ethereum,7/25/2023,7/26/2023,1850.02,1867.278,1844.4339,1863.3786,13285052488.31,223466622837.32
Ethereum,7/24/2023,7/25/2023,1884.9165,1886.6287,1838.4541,1850.7303,15083548024.36,223691680429.00
Ethereum,7/23/2023,7/24/2023,1866.0106,1898.886,1857.5946,1886.2263,12093656529.27,225813416778.80
Ethereum,7/22/2023,7/23/2023,1888.8037,1892.666,1854.6931,1860.5078,10864531218.67,226847868960.80
Ethereum,7/21/2023,7/22/2023,1889.8031,1898.1933,1880.2742,1886.5281,15581945834.55,227464705436.51
Ethereum,7/20/2023,7/21/2023,1886.8799,1922.8311,1879.5655,1888.718,17049418626.20,228476133964.77
Ethereum,7/19/2023,7/20/2023,1894.8913,1913.7421,1882.3001,1889.1523,15004151446.25,229140542369.36
Ethereum,7/18/2023,7/19/2023,1907.6368,1913.6273,1882.7321,1894.7235,17159175192.21,228655751093.08
Ethereum,7/17/2023,7/18/2023,1910.6658,1930.7373,1882.3025,1910.0268,14210100965.57,230037869434.77
Ethereum,7/16/2023,7/17/2023,1926.151,1935.1192,1913.663,1918.0466,11592209303.18,231721928135.94
Ethereum,7/15/2023,7/16/2023,1934.1336,1942.1777,1918.9862,1924.9053,20327600471.17,232433209352.37
Ethereum,7/14/2023,7/15/2023,1997.7814,2017.4947,1900.4235,1935.2559,29887586480.79,238123638510.16
Ethereum,7/13/2023,7/14/2023,1872.8451,2005.6512,1865.065,1997.0646,18727972577.75,230024334738.24
Ethereum,7/12/2023,7/13/2023,1878.2883,1895.3376,1868.5041,1872.1338,15202255392.03,226613389088.39
Ethereum,7/11/2023,7/12/2023,1875.5739,1884.2669,1864.223,1876.6422,16958672879.32,225688886677.66
Ethereum,7/10/2023,7/11/2023,1861.0022,1901.3356,1852.8717,1878.2888,14129095822.56,224993301373.80
Ethereum,7/9/2023,7/10/2023,1866.708,1881.3295,1859.2891,1862.3287,12128118833.25,225142869354.26
Ethereum,7/8/2023,7/9/2023,1869.6943,1874.8064,1845.6599,1866.279,13075295857.45,224331196895.54
Ethereum,7/7/2023,7/8/2023,1837.1606,1878.2923,1837.1606,1872.3789,22130729035.83,224341576648.89
Ethereum,7/6/2023,7/7/2023,1911.1146,1956.3191,1855.6799,1856.257,20115131236.25,229346529144.32
Ethereum,7/5/2023,7/6/2023,1937.7348,1944.4922,1898.0639,1914.263,15102479339.49,231458591445.61
Ethereum,7/4/2023,7/5/2023,1954.5748,1966.8915,1933.9398,1937.5828,16079180284.62,235202134579.91
Ethereum,7/3/2023,7/4/2023,1931.2573,1967.748,1928.767,1955.5277,20338733826.75,234954611671.39
Ethereum,7/2/2023,7/3/2023,1918.6197,1951.77,1893.3969,1932.2372,13303218846.26,230319372130.66
Ethereum,7/1/2023,7/2/2023,1932.1041,1939.78,1909.9538,1918.7197,26224343479.70,231076833420.03
Ethereum,6/30/2023,7/1/2023,1854.1173,1937.9763,1844.8068,1932.6858,24228006815.64,227465303678.56
Ethereum,6/29/2023,6/30/2023,1832.1497,1873.6457,1831.6749,1854.3028,17294655612.61,222873404564.78
Ethereum,6/28/2023,6/29/2023,1884.8866,1884.8866,1828.8231,1831.5656,19866587128.31,223450070033.39
Ethereum,6/27/2023,6/28/2023,1859.4074,1904.5394,1856.5374,1890.1221,20839066833.89,226239114690.19
Ethereum,6/26/2023,6/27/2023,1893.2889,1901.887,1844.5296,1858.0333,19358306090.55,225543646626.12
Ethereum,6/25/2023,6/26/2023,1868.2701,1970.124,1861.0966,1895.6631,29178701072.55,229769430713.66
Ethereum,6/24/2023,6/25/2023,1887.8136,1900.9655,1860.8308,1868.0849,19410421940.91,226721549924.21
Ethereum,6/23/2023,6/24/2023,1869.5694,1925.9641,1861.2269,1886.3524,19004258890.09,226669470430.17
Ethereum,6/22/2023,6/23/2023,1875.1689,1912.1701,1865.3886,1866.7353,26620230163.10,227352286369.44
Ethereum,6/21/2023,6/22/2023,1777.309,1883.2081,1776.8919,1877.4023,25904926019.22,219820877779.82
Ethereum,6/20/2023,6/21/2023,1733.2149,1783.3703,1715.209,1783.3703,16508611565.58,209595828341.24
Ethereum,6/19/2023,6/20/2023,1722.223,1741.3029,1711.2275,1732.1349,12263776158.06,207704992524.23
Ethereum,6/18/2023,6/19/2023,1726.2163,1739.482,1719.2285,1720.0915,11334020788.92,208174403898.44
Ethereum,6/17/2023,6/18/2023,1716.4105,1754.0215,1712.1739,1725.8309,17334536485.22,208296678160.84
Ethereum,6/16/2023,6/17/2023,1669.0296,1724.9053,1664.7047,1716.7308,16512003828.33,202961188018.59
Ethereum,6/15/2023,6/16/2023,1662.7519,1678.1342,1635.044,1670.133,23599904004.47,199185865169.13
Ethereum,6/14/2023,6/15/2023,1741.0509,1757.427,1648.8881,1663.3923,15250490495.05,209024865411.32
Ethereum,6/13/2023,6/14/2023,1743.649,1760.4513,1730.9136,1739.448,15910002493.95,210098991149.39
Ethereum,6/12/2023,6/13/2023,1752.8106,1757.8165,1724.6213,1742.4688,14997404575.46,209786943575.07
Ethereum,6/11/2023,6/12/2023,1751.2429,1774.9842,1742.8106,1753.9843,17354161489.41,211269154184.85
Ethereum,6/10/2023,6/11/2023,1842.5631,1845.0839,1724.8399,1753.1468,21799310066.59,212485250185.32
Ethereum,6/9/2023,6/10/2023,1849.1943,1857.1764,1830.7703,1842.2012,12126450799.94,221907579309.66
Ethereum,6/8/2023,6/9/2023,1837.8113,1860.2266,1830.4037,1847.1956,16291394237.91,222234076672.25
Ethereum,6/7/2023,6/8/2023,1888.6068,1900.7572,1827.4784,1836.289,24321583788.56,224753728450.36
Ethereum,6/6/2023,6/7/2023,1813.1428,1896.6447,1801.8257,1888.1422,23474839365.66,221253093490.26
Ethereum,6/5/2023,6/6/2023,1889.4436,1893.0456,1788.5522,1812.3644,17058941307.58,223012906284.64
Ethereum,6/4/2023,6/5/2023,1893.0282,1911.6116,1887.2107,1891.7937,9265767674.90,228986159415.31
Ethereum,6/3/2023,6/4/2023,1906.9102,1910.1101,1887.317,1892.3046,11822161981.43,228888628505.98
Ethereum,6/2/2023,6/3/2023,1863.0468,1911.2428,1854.7667,1907.0061,16237447225.51,227719348545.82
Ethereum,6/1/2023,6/2/2023,1872.3837,1883.4338,1846.7151,1863.2061,16812500885.11,224314162082.35
Ethereum,5/31/2023,6/1/2023,1897.4915,1902.7287,1853.9994,1871.1984,24498815803.57,225273858597.96
Ethereum,5/30/2023,5/31/2023,1889.465,1911.3524,1882.6575,1897.8105,19622746691.73,228716025416.35
Ethereum,5/29/2023,5/30/2023,1906.3225,1920.2004,1878.4528,1889.8008,19239612324.34,228346436247.44
Ethereum,5/28/2023,5/29/2023,1831.5936,1910.1798,1827.2495,1909.2233,12874447796.39,222915292801.85
Ethereum,5/27/2023,5/28/2023,1829.8244,1836.0173,1821.3382,1831.6632,12405459425.82,220290364606.37
Ethereum,5/26/2023,5/27/2023,1807.9065,1837.3935,1802.6017,1829.295,15591778893.64,219177269891.04
Ethereum,5/25/2023,5/26/2023,1802.4297,1815.9757,1773.3058,1807.0399,19250106653.26,216322444566.11
Ethereum,5/24/2023,5/25/2023,1852.8137,1853.5346,1787.7654,1802.9274,18093820631.19,218660994605.23
Ethereum,5/23/2023,5/24/2023,1819.1952,1866.2329,1818.6397,1852.9045,18185438373.52,222847901213.71
Ethereum,5/22/2023,5/23/2023,1809.9227,1827.803,1798.7149,1821.8077,12869346616.50,218701987888.20
Ethereum,5/21/2023,5/22/2023,1822.8401,1830.4476,1806.885,1810.5652,9672675919.61,218876595894.47
Ethereum,5/20/2023,5/21/2023,1815.9208,1830.7064,1811.049,1823.8943,11041870374.11,219005994059.51
Ethereum,5/19/2023,5/20/2023,1803.9775,1824.9548,1801.2525,1815.5453,16397987581.81,218299170984.30
Ethereum,5/18/2023,5/19/2023,1824.2547,1831.9265,1782.4459,1805.5409,16875434659.86,218877763511.10
Ethereum,5/17/2023,5/18/2023,1825.3643,1833.3471,1792.8483,1822.9746,16235046619.14,218644307342.76
Ethereum,5/16/2023,5/17/2023,1818.7859,1828.0832,1802.3948,1823.8861,17294937124.24,219087305721.83
Ethereum,5/15/2023,5/16/2023,1802.4325,1843.6012,1790.8227,1819.9594,17764826445.79,219854401657.49
Ethereum,5/14/2023,5/15/2023,1798.9945,1822.3203,1794.5754,1801.5155,13209935570.99,217326798194.53
Ethereum,5/13/2023,5/14/2023,1806.8852,1813.1959,1792.467,1798.2224,19138197854.06,217018268120.38
Ethereum,5/12/2023,5/13/2023,1796.1733,1810.3218,1748.2638,1806.1747,24914283791.26,213920721642.46
Ethereum,5/11/2023,5/12/2023,1844.8687,1844.8687,1779.0607,1798.2789,27108575754.79,218677540865.56
Ethereum,5/10/2023,5/11/2023,1852.6282,1886.8278,1799.6547,1845.6332,19023208471.24,223148718444.76
Ethereum,5/9/2023,5/10/2023,1859.842,1865.0904,1845.9287,1853.4364,20935005142.89,223425210237.72
Ethereum,5/8/2023,5/9/2023,1885.1436,1897.3357,1827.1531,1860.8413,25083229301.22,224794209817.95
Ethereum,5/7/2023,5/8/2023,1904.6203,1935.8426,1893.5176,1893.5176,21502849486.05,230528297265.12
Ethereum,5/6/2023,5/7/2023,1996.1702,2015.4897,1877.0517,1905.6588,29751135638.16,232790349466.82
Ethereum,5/5/2023,5/6/2023,1876.2068,1998.8137,1876.099,1994.8819,22407001110.25,232643568269.75
Ethereum,5/4/2023,5/5/2023,1902.7802,1911.8444,1869.7574,1875.9327,23195024058.08,227832715740.39
Ethereum,5/3/2023,5/4/2023,1870.1125,1901.7738,1845.282,1901.5677,19448091569.26,224602324163.36
Ethereum,5/2/2023,5/3/2023,1831.4411,1876.1889,1825.2692,1868.4103,19793139001.51,222184030774.37
Ethereum,5/1/2023,5/2/2023,1871.4051,1885.2342,1810.7751,1831.3968,22879199164.09,221871827828.18
Ethereum,4/30/2023,5/1/2023,1904.8073,1930.9684,1880.1052,1880.1052,13767625030.45,228968029318.73
Ethereum,4/29/2023,4/30/2023,1889.801,1911.7468,1886.503,1902.3182,15660308470.90,228606587515.90
Ethereum,4/28/2023,4/29/2023,1907.6345,1921.0742,1877.1046,1891.0432,27404828463.61,228919746115.52
Ethereum,4/27/2023,4/28/2023,1867.0398,1934.1041,1863.0959,1908.1342,44573514958.42,228718193136.34
Ethereum,4/26/2023,4/27/2023,1865.9942,1958.279,1808.4623,1866.775,30467669501.56,227969804000.84
Ethereum,4/25/2023,4/26/2023,1841.3394,1873.5903,1809.309,1867.9795,21611026968.28,220770559287.66
Ethereum,4/24/2023,4/25/2023,1858.7107,1884.2888,1816.1319,1842.1325,17861746313.20,222530131651.17
Ethereum,4/23/2023,4/24/2023,1872.4565,1877.0826,1839.5015,1860.0987,14340361195.81,224198505516.91
Ethereum,4/22/2023,4/23/2023,1850.2463,1884.6688,1846.2122,1872.9095,20694521964.00,224193406357.03
Ethereum,4/21/2023,4/22/2023,1942.19,1954.092,1838.6615,1850.9202,27948817643.85,229566041380.20
Ethereum,4/20/2023,4/21/2023,1936.9334,1976.019,1917.8755,1944.3094,32518018652.55,234377639691.75
Ethereum,4/19/2023,4/20/2023,2103.9122,2105.2103,1931.1495,1936.7858,29106930684.95,242314643392.17
Ethereum,4/18/2023,4/19/2023,2075.8933,2120.5964,2064.4654,2104.076,23204573515.35,251505685875.92
Ethereum,4/17/2023,4/18/2023,2119.545882,2119.545882,2064.035057,2076.047,25656125066.61,250613725653.98
Ethereum,4/16/2023,4/17/2023,2091.612003,2133.936466,2078.260097,2119.554319,18013389390.38,252111099410.27
Ethereum,4/15/2023,4/16/2023,2101.3541,2108.050146,2076.907508,2091.927043,28358682936.46,251774726006.90
Ethereum,4/14/2023,4/15/2023,2013.6312,2123.1762,2011.2021,2102.6357,43347512402.06,252853609661.65
Ethereum,4/13/2023,4/14/2023,1917.9009,2019.796,1903.5302,2010.9752,35585572188.44,237216293276.81
Ethereum,4/12/2023,4/13/2023,1891.7245,1927.888701,1863.4416,1918.314865,24803108632.89,227817966366.09
Ethereum,4/11/2023,4/12/2023,1911.9013,1932.8665,1889.308945,1893.4949,23809182798.22,230413531746.59
Ethereum,4/10/2023,4/11/2023,1855.714429,1915.6492,1846.6181,1908.1853,17546344355.56,224879596005.13
Ethereum,4/9/2023,4/10/2023,1846.3812,1866.9234,1827.137492,1855.6284,14151837007.39,222091802627.15
Ethereum,4/8/2023,4/9/2023,1860.3145,1874.467811,1845.266,1845.6269,14407386400.00,224064420973.92
Ethereum,4/7/2023,4/8/2023,1868.2305,1876.7467,1843.310916,1861.1817,18892456010.67,223829460726.87
Ethereum,4/6/2023,4/7/2023,1904.7986,1904.7986,1854.5075,1867.5314,23633196149.33,225896124822.69
Ethereum,4/5/2023,4/6/2023,1869.2485,1924.3323,1866.7548,1905.9109,29853376000.00,229280148795.43
Ethereum,4/4/2023,4/5/2023,1809.424169,1878.9072,1803.206766,1868.0889,46808127160.89,221852792833.63
Ethereum,4/3/2023,4/4/2023,1794.0625,1832.5562,1764.6887,1807.962922,21586855471.54,216337704870.95
Ethereum,4/2/2023,4/3/2023,1817.766339,1823.406987,1778.4039,1794.5454,46738756046.22,221204593168.64
Ethereum,4/1/2023,4/2/2023,1819.395453,1836.5043,1809.965834,1817.988331,25649666289.78,222757573982.53
Ethereum,3/31/2023,4/1/2023,1791.38895,1838.7862,1781.676737,1819.032561,24946911171.56,221312839456.13
Ethereum,3/30/2023,3/31/2023,1793.1328,1823.3916,1768.015,1790.136496,34969845319.11,219312707634.82
Ethereum,3/29/2023,3/30/2023,1770.4167,1823.9224,1770.4167,1793.9115,104545114211.56,220126666236.17
Ethereum,3/28/2023,3/29/2023,1714.1185,1785.9332,1703.757578,1771.7057,26535403512.89,212456800405.05
Ethereum,3/27/2023,3/28/2023,1771.721036,1778.8719,1698.3631,1715.3728,41027501475.56,213310565305.78
Ethereum,3/26/2023,3/27/2023,1742.4593,1792.187299,1740.434,1771.967666,19257869513.73,215200997731.63
Ethereum,3/25/2023,3/26/2023,1752.048145,1762.597277,1718.7579,1741.59,45396596174.22,213830767928.78
Ethereum,3/24/2023,3/25/2023,1817.5739,1820.787492,1734.2861,1750.174136,119490386325.33,218223603940.89
Ethereum,3/23/2023,3/24/2023,1737.079609,1848.193927,1734.761105,1818.9182,102154218289.78,217407347213.00
Ethereum,3/22/2023,3/23/2023,1807.05676,1819.0876,1719.5249,1737.7501,29954344547.56,218391184822.33
Ethereum,3/21/2023,3/22/2023,1735.6002,1824.4765,1725.5817,1807.327716,37378907420.44,217213135561.17
Ethereum,3/20/2023,3/21/2023,1784.5718,1803.101992,1730.1694,1732.5942,32501741824.00,216433968807.03
Ethereum,3/19/2023,3/20/2023,1760.965614,1839.476694,1760.965614,1785.3429,30159188202.67,219336131509.97
Ethereum,3/18/2023,3/19/2023,1792.4757,1832.3426,1759.412379,1759.412379,42136638734.22,220857794973.26
Ethereum,3/17/2023,3/18/2023,1676.7374,1796.2327,1667.0003,1787.4889,35618887025.78,211276362534.04
Ethereum,3/16/2023,3/17/2023,1654.816805,1686.1291,1641.8237,1677.3203,50719128600.98,203188645515.37
Ethereum,3/15/2023,3/16/2023,1704.6536,1719.5707,1616.516444,1653.346396,45430333916.44,205426513969.50
Ethereum,3/14/2023,3/15/2023,1680.7611,1777.5516,1665.0699,1704.8027,47470558633.46,208623886688.92
Ethereum,3/13/2023,3/14/2023,1588.370359,1694.436924,1573.791327,1678.101018,87597218230.34,199311178967.48
Ethereum,3/12/2023,3/13/2023,1477.9536,1589.1116,1460.51789,1585.94849,27341461002.67,182750884107.56
Ethereum,3/11/2023,3/12/2023,1430.164533,1482.021,1417.82,1482.021,41292044593.78,177717906622.48
Ethereum,3/10/2023,3/11/2023,1438.2141,1438.2141,1377.4674,1428.209356,38990359120.28,172904295608.12
Ethereum,3/9/2023,3/10/2023,1533.519046,1544.3348,1422.1388,1439.4372,20897293711.61,185858197942.98
Ethereum,3/8/2023,3/9/2023,1561.062,1568.6227,1533.211845,1533.591955,23554274271.66,190419503156.11
Ethereum,3/7/2023,3/8/2023,1566.02,1577.703764,1540.8089,1561.3807,16138259175.11,191424282302.57
Ethereum,3/6/2023,3/7/2023,1564.4943,1580.8315,1557.9028,1566.4469,18168226218.67,191699947549.47
Ethereum,3/5/2023,3/6/2023,1567.734502,1584.4379,1558.29619,1564.165,65573449326.22,192092215422.26
Ethereum,3/4/2023,3/5/2023,1569.2871,1574.9161,1552.3086,1567.015122,14786396836.13,191807333655.08
Ethereum,3/3/2023,3/4/2023,1648.1644,1648.9702,1554.9741,1568.795979,25721920824.89,192359090514.46
Ethereum,3/2/2023,3/3/2023,1665.9322,1673.6289,1622.3307,1647.3442,20639774336.00,201007215922.18
Ethereum,3/1/2023,3/2/2023,1604.180853,1665.0062,1599.68451,1665.0062,22425958464.00,201463500375.12
Ethereum,2/28/2023,3/1/2023,1633.628754,1644.977358,1604.537856,1604.537856,18975334115.56,199357754915.06
Ethereum,2/27/2023,2/28/2023,1641.376,1662.4443,1613.29,1633.525591,18252529955.56,200300335919.71
Ethereum,2/26/2023,2/27/2023,1595.675,1645.7324,1589.6717,1639.222,14025320977.78,196904761130.94
Ethereum,2/25/2023,2/26/2023,1608.771,1609.1812,1568.2261,1595.631,19937191318.75,195404353901.50
Ethereum,2/24/2023,2/25/2023,1650.2095,1663.239,1586.7964,1608.6857,23322670858.67,199692100689.21
Ethereum,2/23/2023,2/24/2023,1643.3021,1675.370397,1635.2179,1651.6473,27325169571.56,202670768980.80
Ethereum,2/22/2023,2/23/2023,1660.3077,1665.3506,1602.2297,1643.0491,28918657998.22,199975859338.80
Ethereum,2/21/2023,2/22/2023,1704.326262,1716.4765,1640.078399,1657.2336,22902066616.89,205922715237.10
Ethereum,2/20/2023,2/21/2023,1682.0428,1717.8282,1656.893459,1701.8493,23425424398.22,207686004989.55
Ethereum,2/19/2023,2/20/2023,1692.5501,1720.652014,1672.9287,1681.2561,15061352088.89,207404120611.81
Ethereum,2/18/2023,2/19/2023,1688.2629,1696.6164,1680.6443,1691.9155,24332599086.22,206623587904.76
Ethereum,2/17/2023,2/18/2023,1637.0959,1712.6734,1637.0959,1689.3299,34996085155.56,204095530464.35
Ethereum,2/16/2023,2/17/2023,1670.370445,1729.7115,1634.2073,1634.2073,36600400540.44,206170476004.69
Ethereum,2/15/2023,2/16/2023,1557.0171,1670.559701,1546.2917,1670.559701,27985340692.54,194491601331.14
Ethereum,2/14/2023,2/15/2023,1513.296178,1562.2449,1501.428256,1557.6276,27273681290.67,186823543889.20
Ethereum,2/13/2023,2/14/2023,1525.3292,1529.724,1474.8101,1514.60543,21549832529.78,184100159176.81
Ethereum,2/12/2023,2/13/2023,1546.8055,1550.5644,1512.611971,1520.538303,12486514787.56,188345433086.85
Ethereum,2/11/2023,2/12/2023,1520.3617,1547.9816,1516.9408,1545.6497,19992811100.44,186890217535.30
Ethereum,2/10/2023,2/11/2023,1552.452911,1562.13035,1516.4694,1521.2239,30660089137.78,189010233968.74
Ethereum,2/9/2023,2/10/2023,1658.3829,1665.37429,1546.446384,1552.647024,25824156625.78,199167088344.09
Ethereum,2/8/2023,2/9/2023,1678.3319,1695.5076,1642.2761,1658.7477,26568707776.00,204895515309.92
Ethereum,2/7/2023,2/8/2023,1621.524,1683.249249,1621.524,1680.0255,22210010001.78,201740482396.21
Ethereum,2/6/2023,2/7/2023,1638.048585,1661.899028,1617.5003,1622.4906,21231248355.56,200928158161.42
Ethereum,2/5/2023,2/6/2023,1673.9454,1680.644272,1623.7659,1639.7917,18577795182.22,203091622337.36
Ethereum,2/4/2023,2/5/2023,1672.5805,1700.5303,1656.281079,1673.6919,21454622140.44,205081283141.31
Ethereum,2/3/2023,2/4/2023,1652.171,1683.0069,1645.627389,1674.3734,29163596551.11,203247692073.16
Ethereum,2/2/2023,2/3/2023,1655.6512,1719.17128,1652.7172,1655.1528,32690205191.11,206018338591.80
Ethereum,2/1/2023,2/2/2023,1598.7421,1658.6795,1571.805,1655.6429,19218017436.44,195706810982.78
Ethereum,1/31/2023,2/1/2023,1577.6944,1611.3715,1571.981549,1594.5995,23157389148.44,194345794089.99
Ethereum,1/30/2023,1/31/2023,1659.9173,1659.9173,1555.689124,1578.0185,26127431872.00,196973124884.91
Ethereum,1/29/2023,1/30/2023,1581.5592,1668.8411,1577.7999,1661.5962,20949587925.33,198544651215.69
Ethereum,1/28/2023,1/29/2023,1607.3429,1616.240575,1572.3951,1579.8037,19489013681.78,195223965125.44
Ethereum,1/27/2023,1/28/2023,1612.7875,1627.622654,1573.6525,1607.9381,23498060344.89,195303034932.98
Ethereum,1/26/2023,1/27/2023,1623.572177,1644.6173,1598.8551,1611.3829,30637000014.22,198327722631.93
Ethereum,1/25/2023,1/26/2023,1570.711174,1645.5753,1537.7599,1625.2328,27738276956.44,191948259388.48
Ethereum,1/24/2023,1/25/2023,1629.7305,1643.7927,1563.2685,1564.868611,19096453902.22,199150242329.69
Ethereum,1/23/2023,1/24/2023,1630.5893,1645.1655,1615.8282,1632.0742,17575558314.67,199957691102.30
Ethereum,1/22/2023,1/23/2023,1629.5682,1661.530846,1613.6371,1632.6316,18501790670.22,199838737078.89
Ethereum,1/21/2023,1/22/2023,1661.3314,1678.168313,1627.7613,1629.442,24645126574.22,202623857230.04
Ethereum,1/20/2023,1/21/2023,1553.230457,1663.5809,1545.8403,1663.5809,15697074524.44,192764525788.67
Ethereum,1/19/2023,1/20/2023,1517.95966,1561.390844,1515.1253,1552.562998,22981805365.33,187703317360.68
Ethereum,1/18/2023,1/19/2023,1565.293758,1603.3377,1511.904973,1518.281239,20434701468.44,191646511685.30
Ethereum,1/17/2023,1/18/2023,1577.819767,1595.10243,1555.537951,1568.520723,20024305404.44,192243578154.78
Ethereum,1/16/2023,1/17/2023,1553.058044,1597.462176,1535.3383,1577.922125,19714203192.89,191238421576.82
Ethereum,1/15/2023,1/16/2023,1552.4133,1558.8221,1522.948,1552.396051,19293094368.00,188197546001.91
Ethereum,1/14/2023,1/15/2023,1453.167314,1565.34924,1453.120304,1554.18,33245275907.56,188380218987.62
Ethereum,1/13/2023,1/14/2023,1418.2492,1463.670782,1404.496323,1453.47695,21868064426.67,173490828488.20
Ethereum,1/12/2023,1/13/2023,1388.182987,1435.8886,1378.1888,1417.9421,22942560789.33,171868277862.71
Ethereum,1/11/2023,1/12/2023,1335.75436,1387.877089,1324.111364,1387.877089,12947376391.11,163521669785.18
Ethereum,1/10/2023,1/11/2023,1321.539213,1342.9171,1319.7301,1336.373578,15791881173.33,162851509693.27
Ethereum,1/9/2023,1/10/2023,1288.118039,1344.561238,1286.7009,1322.569458,15692350625.78,161342037522.86
Ethereum,1/8/2023,1/9/2023,1263.156131,1285.683457,1259.869228,1285.683457,6439228099.56,154832036542.79
Ethereum,1/7/2023,1/8/2023,1269.304968,1270.6344,1261.9063,1263.6902,10093205690.67,154806866635.95
Ethereum,1/6/2023,1/7/2023,1251.0164,1274.179785,1241.296788,1269.973956,10604729132.44,153572870585.60
Ethereum,1/5/2023,1/6/2023,1257.390386,1259.580377,1246.3896,1250.5991,12116147982.22,153202731636.58
Ethereum,1/4/2023,1/5/2023,1214.9439,1266.162448,1213.680037,1257.048427,13085537285.33,152830540181.36
Ethereum,1/3/2023,1/4/2023,1214.772991,1220.0728,1207.850703,1214.986593,8335574752.00,148617864066.18
Ethereum,1/2/2023,1/3/2023,1201.323435,1220.9376,1195.771838,1214.525803,7972081998.22,148378453763.47
Ethereum,1/1/2023,1/2/2023,1197.1444,1205.0958,1193.4222,1201.562297,6431231801.78,146633439623.48
Ethereum,12/31/2022,1/1/2023,1200.644747,1207.2416,1194.981085,1197.4878,7761569877.63,146813114312.18
Ethereum,12/30/2022,12/31/2022,1201.761285,1202.737159,1186.3174,1199.671997,10072654832.00,146380283737.74
Ethereum,12/29/2022,12/30/2022,1190.805154,1205.254315,1188.558,1202.142956,11982238856.89,146582166290.85
Ethereum,12/28/2022,12/29/2022,1212.82112,1214.26785,1185.7518,1190.811142,11934880928.00,146575288201.25
Ethereum,12/27/2022,12/28/2022,1228.551574,1231.436679,1205.1912,1212.875706,9369368394.67,149074887491.64
Ethereum,12/26/2022,12/27/2022,1219.770522,1227.656046,1214.129722,1227.656046,9316884416.00,149260618112.04
Ethereum,12/25/2022,12/26/2022,1221.8455,1224.6446,1203.2394,1219.488471,6776633709.71,148988323127.66
Ethereum,12/24/2022,12/25/2022,1220.410523,1225.2539,1215.8367,1221.8758,8221414096.89,149233284966.03
Ethereum,12/23/2022,12/24/2022,1218.169383,1228.272846,1215.896359,1220.079616,13899782833.78,149443679917.19
Ethereum,12/22/2022,12/23/2022,1214.764217,1222.722,1187.0802,1218.502716,10386942257.78,148086930736.37
Ethereum,12/21/2022,12/22/2022,1218.982117,1219.762659,1206.889754,1213.207024,12978582071.11,148477042688.60
Ethereum,12/20/2022,12/21/2022,1170.24341,1226.0437,1166.524439,1218.68766,17283320952.89,147863789965.57
Ethereum,12/19/2022,12/20/2022,1186.875971,1196.254954,1161.044,1169.058023,10509185873.78,144776343867.37
Ethereum,12/18/2022,12/19/2022,1189.663264,1197.5162,1177.864093,1188.275954,9518597777.78,145217834393.18
Ethereum,12/17/2022,12/18/2022,1169.16453,1190.825275,1165.115939,1189.73943,20335989585.78,144426325487.62
Ethereum,12/16/2022,12/17/2022,1267.817677,1280.3073,1161.523444,1166.2983,17306134037.33,150518546649.42
Ethereum,12/15/2022,12/16/2022,1310.008051,1312.551384,1263.5405,1266.910674,20454735331.56,157155724065.66
Ethereum,12/14/2022,12/15/2022,1322.697562,1349.091033,1306.408744,1310.3291,21131939253.33,162198844837.18
Ethereum,12/13/2022,12/14/2022,1275.005702,1341.1211,1258.5035,1321.588667,18729368056.89,158555669756.11
Ethereum,12/12/2022,12/13/2022,1263.242563,1276.449415,1242.247587,1274.635018,11962940656.00,153457261191.23
Ethereum,12/11/2022,12/12/2022,1266.763509,1282.210148,1259.7378,1263.776028,7445708549.33,155632479343.85
Ethereum,12/10/2022,12/11/2022,1262.762063,1279.395691,1261.39321,1265.109833,10217945848.89,155147808582.85
Ethereum,12/9/2022,12/10/2022,1280.575767,1290.72198,1258.0506,1262.201538,15888496176.00,156216001744.76
Ethereum,12/8/2022,12/9/2022,1231.761843,1286.1438,1224.840769,1281.749666,14235489060.57,152579311661.52
Ethereum,12/7/2022,12/8/2022,1271.07482,1271.9287,1224.4515,1233.04819,15388381831.11,151816477912.55
Ethereum,12/6/2022,12/7/2022,1259.408605,1272.785153,1245.798803,1272.785153,14341437856.00,153930890158.21
Ethereum,12/5/2022,12/6/2022,1279.645298,1302.849929,1249.7737,1259.132582,15193700887.11,156742109688.24
Ethereum,12/4/2022,12/5/2022,1240.853428,1281.863848,1240.853428,1280.977471,13263055079.11,154462708733.19
Ethereum,12/3/2022,12/4/2022,1294.8408,1300.1995,1238.55199,1242.378005,14198367549.55,155826000429.58
Ethereum,12/2/2022,12/3/2022,1275.835856,1293.724,1267.6698,1293.7235,15344008959.11,156635283563.97
Ethereum,12/1/2022,12/2/2022,1294.835894,1294.835894,1263.9917,1274.9055,19783274478.22,156652949237.87
Ethereum,11/30/2022,12/1/2022,1217.14,1302.260279,1216.4066,1296.266414,21260847079.11,155643041665.67
Ethereum,11/29/2022,11/30/2022,1168.7013,1224.21711,1161.610814,1217.2066,18646231342.22,147632261894.36
Ethereum,11/28/2022,11/29/2022,1194.281155,1199.5172,1155.365,1169.484301,15553576785.78,143530568593.61
Ethereum,11/27/2022,11/28/2022,1205.801239,1221.936299,1193.848214,1193.848214,11739046767.50,148653691913.21
Ethereum,11/26/2022,11/27/2022,1198.4439,1225.973536,1197.908439,1206.78254,14760104952.89,148720388865.50
Ethereum,11/25/2022,11/26/2022,1204.774,1204.774,1175.986487,1199.168447,15465895210.67,145640249817.72
Ethereum,11/24/2022,11/25/2022,1186.067,1214.771533,1181.9022,1204.057,20792419555.56,146817360186.73
Ethereum,11/23/2022,11/24/2022,1138.829,1186.7917,1129.9878,1185.1995,22390376359.11,142314996240.99
Ethereum,11/22/2022,11/23/2022,1107.693913,1138.386,1081.0533,1135.112,24361076316.44,135898052823.59
Ethereum,11/21/2022,11/22/2022,1143.382,1143.382,1084.8446,1108.39067,21338577077.33,137239711226.87
Ethereum,11/20/2022,11/21/2022,1219.821308,1223.8445,1138.953017,1144.0425,11230235875.56,145883037349.95
Ethereum,11/19/2022,11/20/2022,1212.813971,1227.4193,1200.7882,1218.902299,9537879634.06,148033977798.33
Ethereum,11/18/2022,11/19/2022,1200.797267,1227.657224,1200.797267,1213.309305,15701073145.76,148586353088.93
Ethereum,11/17/2022,11/18/2022,1217.59653,1226.466113,1188.0834,1200.163955,19152988718.22,147528595016.49
Ethereum,11/16/2022,11/17/2022,1253.7473,1265.6373,1194.687196,1217.306892,20331229994.67,150605758249.44
Ethereum,11/15/2022,11/16/2022,1242.079348,1285.3936,1238.715646,1252.7961,23680562851.56,154366232414.30
Ethereum,11/14/2022,11/15/2022,1223.653758,1287.630127,1181.1305,1242.592693,24089592682.67,150852286806.66
Ethereum,11/13/2022,11/14/2022,1259.0258,1274.5241,1209.3709,1223.796978,15444773212.44,152437604946.96
Ethereum,11/12/2022,11/13/2022,1290.4865,1290.4865,1245.772632,1257.9701,28423737013.33,155456419948.32
Ethereum,11/11/2022,11/12/2022,1298.9448,1304.623,1211.869533,1294.1023,42946262840.89,155445154367.24
Ethereum,11/10/2022,11/11/2022,1099.633444,1345.9238,1091.550144,1300.654699,64840283747.56,150861575494.56
Ethereum,11/9/2022,11/10/2022,1333.58082,1334.100467,1085.743129,1095.368247,70554382947.56,150428388979.67
Ethereum,11/8/2022,11/9/2022,1567.4369,1573.6633,1263.9011,1332.766116,41875192234.67,178874452837.74
Ethereum,11/7/2022,11/8/2022,1572.8043,1603.9821,1549.8852,1568.2193,23137771772.44,193719728050.73
Ethereum,11/6/2022,11/7/2022,1626.7032,1634.211839,1573.7605,1573.7605,14569443079.11,198222884517.52
Ethereum,11/5/2022,11/6/2022,1643.8873,1659.6563,1624.5877,1626.1543,28373682417.78,201065354305.70
Ethereum,11/4/2022,11/5/2022,1530.997575,1662.0981,1528.856065,1644.6298,26853065112.89,195689109110.97
Ethereum,11/3/2022,11/4/2022,1518.775211,1556.080124,1516.087895,1530.66817,34568313144.89,188998472213.09
Ethereum,11/2/2022,11/3/2022,1578.719,1612.9202,1506.917494,1519.443463,24669581521.78,191370059821.20
Ethereum,11/1/2022,11/2/2022,1571.898057,1606.9968,1567.842372,1578.9899,27764591989.33,194046747916.97
Ethereum,10/31/2022,11/1/2022,1589.0586,1631.4787,1552.3476,1573.628154,25615568440.89,193885827044.10
Ethereum,10/30/2022,10/31/2022,1619.152889,1637.016,1578.251269,1589.3013,26897969930.67,196489653388.12
Ethereum,10/29/2022,10/30/2022,1554.4098,1644.768781,1549.7773,1620.511904,33548971555.56,197015146973.28
Ethereum,10/28/2022,10/29/2022,1514.216064,1568.5417,1490.8258,1556.203,36109050375.11,187144311746.42
Ethereum,10/27/2022,10/28/2022,1566.498187,1573.201509,1510.528142,1514.690285,41457106432.00,190014986833.88
Ethereum,10/26/2022,10/27/2022,1459.724557,1583.129032,1459.028925,1565.494644,53863084039.11,187233180145.55
Ethereum,10/25/2022,10/26/2022,1343.3106,1510.1817,1287.07956,1463.420466,26123834773.33,170237507961.45
Ethereum,10/24/2022,10/25/2022,1363.0932,1367.6843,1326.8996,1343.6972,21173323406.22,164836565878.29
Ethereum,10/23/2022,10/24/2022,1313.0186,1368.1266,1302.2703,1361.7918,11098584932.79,161521897930.62
Ethereum,10/22/2022,10/23/2022,1299.598,1317.646618,1295.022,1313.018181,15305410849.78,160087316088.17
Ethereum,10/21/2022,10/22/2022,1282.9002,1305.3344,1260.8918,1299.5292,18643007608.89,157933444469.29
Ethereum,10/20/2022,10/21/2022,1285.6969,1308.2815,1274.4654,1282.6884,17498682293.33,158091371459.87
Ethereum,10/19/2022,10/20/2022,1310.3055,1311.8526,1283.7715,1284.617,19727401237.33,159255064705.69
Ethereum,10/18/2022,10/19/2022,1330.8539,1339.5024,1291.1185,1311.9315,20472464604.44,161998578471.80
Ethereum,10/17/2022,10/18/2022,1305.280202,1337.1241,1296.59512,1332.4058,17823938080.00,161401169260.84
Ethereum,10/16/2022,10/17/2022,1275.0055,1313.207146,1275.0055,1305.740349,12447929377.90,157890289980.16
Ethereum,10/15/2022,10/16/2022,1296.634,1300.896028,1269.2297,1273.866,18202968803.56,157897183244.56
Ethereum,10/14/2022,10/15/2022,1287.291287,1338.3823,1284.910682,1297.5523,33458848042.67,161219976906.29
Ethereum,10/13/2022,10/14/2022,1294.896552,1297.824797,1208.511,1288.082946,23846336358.58,155970091017.10
Ethereum,10/12/2022,10/13/2022,1280.2618,1303.7917,1277.6777,1294.894777,17098290482.84,158698043106.98
Ethereum,10/11/2022,10/12/2022,1290.34819,1297.2552,1270.891201,1279.4075,19233795040.00,157248293268.49
Ethereum,10/10/2022,10/11/2022,1322.7366,1334.9307,1291.039475,1291.039475,14298382616.08,160988060196.85
Ethereum,10/9/2022,10/10/2022,1315.5734,1327.88747,1308.949912,1322.2074,11099968504.89,161685078846.46
Ethereum,10/8/2022,10/9/2022,1331.742277,1335.962756,1305.8147,1315.1223,15751715599.16,162660731844.74
Ethereum,10/7/2022,10/8/2022,1361.288,1367.883777,1320.44254,1332.015631,23498465404.88,165139102549.79
Ethereum,10/6/2022,10/7/2022,1358.6797,1388.0352,1354.940728,1357.704159,28837461120.00,168039535657.63
Ethereum,10/5/2022,10/6/2022,1369.288,1370.3085,1326.709252,1359.8448,22811595143.11,165983400713.72
Ethereum,10/4/2022,10/5/2022,1329.7521,1372.4368,1326.3752,1370.5743,24317840533.33,165635055485.40
Ethereum,10/3/2022,10/4/2022,1285.278216,1335.9004,1280.293525,1329.939,22608955374.22,160678202831.78
Ethereum,10/2/2022,10/3/2022,1319.7301,1328.232,1282.58913,1283.600769,14872393304.89,160713085642.95
Ethereum,10/1/2022,10/2/2022,1337.383616,1345.273119,1313.3313,1319.5129,24279837106.75,163238929784.25
Ethereum,9/30/2022,10/1/2022,1345.393796,1377.3679,1328.173921,1337.169273,35095161372.44,165069071971.08
Ethereum,9/29/2022,9/30/2022,1345.846463,1360.8643,1302.6044,1345.668602,36476411783.11,164268873283.08
Ethereum,9/28/2022,9/29/2022,1343.341991,1369.8569,1284.596734,1345.565315,44449547024.95,162281531805.70
Ethereum,9/27/2022,9/28/2022,1349.3468,1418.7922,1320.02215,1342.719963,37167693013.33,168772329063.73
Ethereum,9/26/2022,9/27/2022,1311.5121,1353.72587,1296.9685,1347.6918,34668929580.60,163062399310.66
Ethereum,9/25/2022,9/26/2022,1338.093,1356.551276,1293.015953,1318.269,30597888704.00,163336668584.71
Ethereum,9/24/2022,9/25/2022,1340.063003,1367.934897,1328.7016,1342.386929,44019129144.89,165004747079.36
Ethereum,9/23/2022,9/24/2022,1339.28325,1370.370884,1280.7153,1339.371176,48127721116.44,162757498707.63
Ethereum,9/22/2022,9/23/2022,1261.130984,1353.39091,1251.091901,1347.11295,52572820565.33,158987825706.07
Ethereum,9/21/2022,9/22/2022,1337.8963,1394.797976,1237.386035,1260.680459,36383806264.89,164607815361.06
Ethereum,9/20/2022,9/21/2022,1401.509559,1402.2263,1335.047245,1337.6201,39725791745.78,168012754442.81
Ethereum,9/19/2022,9/20/2022,1362.696456,1406.46187,1307.351901,1397.483754,49261621276.44,165380235818.97
Ethereum,9/18/2022,9/19/2022,1488.838918,1488.838918,1351.9499,1353.993038,26680713735.11,176369813081.20
Ethereum,9/17/2022,9/18/2022,1449.230219,1495.838922,1428.653759,1494.332967,32598806840.89,178913319421.27
Ethereum,9/16/2022,9/17/2022,1493.868,1502.9933,1433.8928,1446.747263,47680938268.44,180264339946.26
Ethereum,9/15/2022,9/16/2022,1655.166316,1670.198337,1480.9865,1492.0814,55534580096.00,193361783944.50
Ethereum,9/14/2022,9/15/2022,1591.41389,1669.3549,1580.143314,1655.184423,50737202453.33,198343781834.23
Ethereum,9/13/2022,9/14/2022,1742.588434,1776.125661,1585.439361,1592.51759,40959885930.67,206106466260.49
Ethereum,9/12/2022,9/13/2022,1784.625042,1797.744764,1726.2906,1739.283843,27271086478.22,215127672331.42
Ethereum,9/11/2022,9/12/2022,1797.1989,1807.249567,1750.568585,1784.598012,21132237468.44,218442118962.64
Ethereum,9/10/2022,9/11/2022,1740.804001,1808.2996,1730.624907,1798.3565,27675742101.33,214239034236.27
Ethereum,9/9/2022,9/10/2022,1653.8723,1753.6899,1652.7172,1737.933847,34189717809.78,209585549578.72
Ethereum,9/8/2022,9/9/2022,1647.238134,1674.42814,1620.754581,1654.3175,32526352896.00,201364436224.01
Ethereum,9/7/2022,9/8/2022,1575.18707,1666.781479,1514.606714,1647.84519,32475255751.11,191130302252.49
Ethereum,9/6/2022,9/7/2022,1632.183137,1697.3929,1578.960442,1578.960442,29849326535.11,201822779262.93
Ethereum,9/5/2022,9/6/2022,1594.498923,1637.30976,1576.2261,1637.30976,17248149888.00,195187178865.24
Ethereum,9/4/2022,9/5/2022,1574.022276,1594.952134,1559.269,1593.126957,13330018407.11,192611950134.27
Ethereum,9/3/2022,9/4/2022,1594.4149,1597.9578,1556.1652,1571.812686,23579696206.22,192410861984.29
Ethereum,9/2/2022,9/3/2022,1604.147018,1663.1605,1570.622394,1590.9705,27606009256.59,196909610184.15
Ethereum,9/1/2022,9/2/2022,1572.8162,1612.815456,1538.782767,1605.5273,29391723640.89,192653719971.47
Ethereum,8/31/2022,9/1/2022,1540.1108,1632.509656,1540.1108,1571.7813,37207694378.67,195003391222.79
Ethereum,8/30/2022,8/31/2022,1569.090083,1615.6287,1496.7222,1540.15,29678474200.75,191642524214.65
Ethereum,8/29/2022,8/30/2022,1441.0825,1572.485444,1441.0825,1567.605673,23467333610.59,183238755707.74
Ethereum,8/28/2022,8/29/2022,1508.0004,1523.9254,1446.8779,1446.8779,20927463367.11,183223108684.50
Ethereum,8/27/2022,8/28/2022,1535.242664,1544.783836,1474.979789,1512.3606,41625245056.00,185032517909.04
Ethereum,8/26/2022,8/27/2022,1705.004678,1719.927181,1522.873869,1529.236259,32809402659.56,201444982693.83
Ethereum,8/25/2022,8/26/2022,1660.851074,1728.771158,1660.851074,1704.717195,20562254912.00,208056601229.96
Ethereum,8/24/2022,8/25/2022,1667.741148,1691.0087,1614.157469,1662.14995,23570177322.67,202060939786.24
Ethereum,8/23/2022,8/24/2022,1629.7592,1671.238962,1574.818198,1667.725066,24779859818.67,199058414395.62
Ethereum,8/22/2022,8/23/2022,1624.192761,1629.18,1542.486335,1629.18,22886773482.67,193726999424.67
Ethereum,8/21/2022,8/22/2022,1582.116312,1645.702153,1572.491365,1623.638156,22272454165.33,196830429233.25
Ethereum,8/20/2022,8/21/2022,1618.057728,1655.127793,1541.954434,1584.124989,27657180399.05,198182547072.36
Ethereum,8/19/2022,8/20/2022,1848.7237,1848.7237,1617.290557,1617.290557,26545661425.78,212391369058.00
Ethereum,8/18/2022,8/19/2022,1847.735246,1889.6271,1840.05785,1848.1317,22129731861.33,227965480310.28
Ethereum,8/17/2022,8/18/2022,1892.87299,1969.1631,1837.672922,1844.662522,23311337543.36,229990857645.48
Ethereum,8/16/2022,8/17/2022,1917.3466,1928.407,1875.782398,1894.520702,24174489756.44,231826434937.78
Ethereum,8/15/2022,8/16/2022,1950.426503,2022.0255,1897.4129,1921.266,26022651548.44,236423528037.44
Ethereum,8/14/2022,8/15/2022,1997.8545,2038.344,1932.604096,1952.20134,19248559004.44,242576320713.10
Ethereum,8/13/2022,8/14/2022,1974.6185,2031.887024,1963.0583,1997.217001,25526361080.89,244086328781.66
Ethereum,8/12/2022,8/13/2022,1897.582,1973.6109,1876.640204,1973.6109,25462167594.67,233298781484.38
Ethereum,8/11/2022,8/12/2022,1867.474228,1942.047026,1867.474228,1897.9421,35785405902.22,232379153385.88
Ethereum,8/10/2022,8/11/2022,1710.543852,1881.792603,1673.906267,1865.856097,34392203512.89,215438491180.55
Ethereum,8/9/2022,8/10/2022,1785.4938,1822.7509,1682.2709,1716.055379,32706398968.89,212047593999.65
Ethereum,8/8/2022,8/9/2022,1707.436681,1815.783169,1703.766605,1786.564,26660251576.89,215048813760.31
Ethereum,8/7/2022,8/8/2022,1696.5739,1732.639842,1677.6249,1706.171036,20121560003.56,207413169864.00
Ethereum,8/6/2022,8/7/2022,1742.544328,1754.810663,1697.5081,1697.5081,31936933674.67,210393597855.92
Ethereum,8/5/2022,8/6/2022,1615.141116,1733.53884,1615.141116,1730.886877,34332756216.89,204649384598.32
Ethereum,8/4/2022,8/5/2022,1626.124886,1667.756615,1592.365502,1618.822772,30469246030.22,198395883527.17
Ethereum,8/3/2022,8/4/2022,1641.113058,1686.4746,1603.718442,1625.3491,36776126456.86,200987582856.08
Ethereum,8/2/2022,8/3/2022,1641.834316,1683.153689,1574.9974,1642.811334,36179693226.67,197328796703.38
Ethereum,8/1/2022,8/2/2022,1691.5817,1713.4912,1619.266475,1642.110107,29122110556.44,203935920384.11
Ethereum,7/31/2022,8/1/2022,1707.158871,1757.929009,1683.6326,1691.1316,26165296341.33,209051180693.18
Ethereum,7/30/2022,7/31/2022,1739.2731,1752.9588,1690.8993,1709.116984,38780805376.00,209973617207.02
Ethereum,7/29/2022,7/30/2022,1736.437411,1772.4409,1673.8285,1741.7085,50718220608.00,210260371837.71
Ethereum,7/28/2022,7/29/2022,1648.385207,1788.0517,1619.892122,1736.871029,54525808867.56,204397199071.11
Ethereum,7/27/2022,7/28/2022,1462.783344,1651.475784,1435.6967,1651.475784,38162597909.41,183481724070.94
Ethereum,7/26/2022,7/27/2022,1451.74,1457.1624,1374.63,1451.66435,38720087186.29,172372771139.03
Ethereum,7/25/2022,7/26/2022,1607.725798,1615.322117,1460.9212,1460.9212,38214308430.22,186748965978.70
Ethereum,7/24/2022,7/25/2022,1559.141487,1665.781192,1559.141487,1610.563165,31552703891.18,195321834743.35
Ethereum,7/23/2022,7/24/2022,1546.9792,1607.2792,1506.993058,1562.743986,33412789469.99,189175758750.73
Ethereum,7/22/2022,7/23/2022,1586.2305,1653.443674,1533.6317,1550.0487,39748902783.55,194088635573.10
Ethereum,7/21/2022,7/22/2022,1531.9813,1610.883172,1484.424626,1588.9633,44777262279.11,186642742970.74
Ethereum,7/20/2022,7/21/2022,1556.3268,1624.450468,1515.7945,1530.9961,48044646014.66,191257381374.37
Ethereum,7/19/2022,7/20/2022,1597.162684,1625.37634,1514.6933,1556.6581,60577417358.22,189274361362.73
Ethereum,7/18/2022,7/19/2022,1346.946369,1580.468448,1346.946369,1580.468448,45472385489.78,178588463808.17
Ethereum,7/17/2022,7/18/2022,1363.644408,1390.002653,1339.1401,1349.218199,40294502407.11,165788536804.15
Ethereum,7/16/2022,7/17/2022,1242.129491,1385.139629,1203.3131,1363.775475,34886580302.22,153971930575.82
Ethereum,7/15/2022,7/16/2022,1202.1311,1287.6012,1188.2194,1242.936633,36489480042.15,149254700290.36
Ethereum,7/14/2022,7/15/2022,1121.1215,1210.722291,1083.280377,1200.3983,33212883811.56,137803595186.91
Ethereum,7/13/2022,7/14/2022,1041.4937,1122.3607,1027.204287,1122.3607,27991844408.89,130300605137.93
Ethereum,7/12/2022,7/13/2022,1106.729634,1106.729634,1041.39102,1041.39102,22624625941.33,130853539895.80
Ethereum,7/11/2022,7/12/2022,1175.965972,1182.1782,1101.245826,1102.093695,20335328192.00,139820260718.54
Ethereum,7/10/2022,7/11/2022,1222.185401,1229.368578,1162.470745,1177.649503,16618974752.00,144597728340.50
Ethereum,7/9/2022,7/10/2022,1222.001238,1240.3202,1213.4956,1235.52515,23189467064.89,148905367041.55
Ethereum,7/8/2022,7/9/2022,1247.103757,1275.0164,1204.677905,1239.227642,31799601437.44,150820926578.43
Ethereum,7/7/2022,7/8/2022,1191.386285,1260.289553,1170.1369,1245.345109,27355582592.00,146479360698.31
Ethereum,7/6/2022,7/7/2022,1139.118762,1206.9389,1120.7566,1196.153206,30791107583.09,139430848923.67
Ethereum,7/5/2022,7/6/2022,1155.2573,1176.730477,1085.521324,1139.155915,29154314261.48,138268747897.77
Ethereum,7/4/2022,7/5/2022,1081.6856,1164.3997,1051.3719,1158.1628,19456842912.00,132990424467.72
Ethereum,7/3/2022,7/4/2022,1070.315094,1094.1404,1048.3995,1083.1197,15787262478.22,129675710711.97
Ethereum,7/2/2022,7/3/2022,1062.563525,1082.016197,1036.183956,1072.770535,22044447196.44,128577868996.13
Ethereum,7/1/2022,7/2/2022,1073.686462,1106.5238,1044.6455,1071.643644,35559509660.44,130004404233.35
Ethereum,6/30/2022,7/1/2022,1103.895,1109.533,1012.830982,1071.816293,29618717489.78,127637935456.48
Ethereum,6/29/2022,6/30/2022,1148.0614,1161.837263,1093.4198,1101.1178,27135989253.35,136954609540.03
Ethereum,6/28/2022,6/29/2022,1197.904507,1240.059581,1145.2878,1147.729,25052082638.22,145214769322.86
Ethereum,6/27/2022,6/28/2022,1205.8617,1245.897804,1186.215586,1202.7,24295839580.44,147642750959.77
Ethereum,6/26/2022,6/27/2022,1248.067063,1284.6642,1204.447,1204.447,23158357536.00,150581973667.32
Ethereum,6/25/2022,6/26/2022,1230.390778,1259.9276,1187.1993,1252.329273,29037533184.00,148265867329.15
Ethereum,6/24/2022,6/25/2022,1149.156,1250.146941,1138.6749,1241.881626,31774249685.33,144340572154.09
Ethereum,6/23/2022,6/24/2022,1057.690207,1157.7644,1056.524667,1149.4405,29923908337.78,134490820435.79
Ethereum,6/22/2022,6/23/2022,1134.108596,1134.108596,1052.727333,1055.50233,29379230300.44,132482832509.10
Ethereum,6/21/2022,6/22/2022,1132.7445,1194.8579,1116.707084,1130.7133,35559221620.36,139410372544.02
Ethereum,6/20/2022,6/21/2022,1132.8838,1165.3526,1067.050251,1141.6753,43042361969.78,134761406030.27
Ethereum,6/19/2022,6/20/2022,1000.821,1151.3764,946.3026352,1131.4833,48424583310.22,125367020636.70
Ethereum,6/18/2022,6/19/2022,1093.1285,1102.8297,897.0112056,999.8306,30554862520.89,122856483940.00
Ethereum,6/17/2022,6/18/2022,1072.133,1118.707,1061.916299,1091.9019,35704587128.89,132514958768.34
Ethereum,6/16/2022,6/17/2022,1241.454354,1257.035329,1058.9442,1071.8412,58699222597.57,139381851940.05
Ethereum,6/15/2022,6/16/2022,1216.3363,1238.68759,1022.675017,1236.427192,58263423445.33,138613968716.83
Ethereum,6/14/2022,6/15/2022,1209.600814,1257.315669,1098.582781,1219.0641,79186706417.63,145569711970.07
Ethereum,6/13/2022,6/14/2022,1446.288167,1458.982907,1181.3227,1211.1208,72609564686.32,154882688896.09
Ethereum,6/12/2022,6/13/2022,1539.1446,1554.4773,1443.3148,1453.17915,46614410993.78,180561519779.14
Ethereum,6/11/2022,6/12/2022,1673.366383,1699.8555,1517.089826,1539.5003,37880931086.22,194885984345.28
Ethereum,6/10/2022,6/11/2022,1799.73866,1827.881947,1672.2001,1676.316831,27751559708.44,212870707732.59
Ethereum,6/9/2022,6/10/2022,1803.317294,1847.237097,1789.882735,1800.684784,25759760118.12,219635762207.16
Ethereum,6/8/2022,6/9/2022,1823.3981,1847.357598,1781.9471,1803.553038,39977175184.23,220030435472.14
Ethereum,6/7/2022,6/8/2022,1881.2685,1883.7787,1739.4655,1829.2034,38037738339.56,217047070748.21
Ethereum,6/6/2022,6/7/2022,1819.086978,1935.903815,1819.086978,1871.375701,26476270936.89,229021583766.66
Ethereum,6/5/2022,6/6/2022,1834.507594,1854.9221,1789.803626,1815.393355,15356599601.78,219935424736.62
Ethereum,6/4/2022,6/5/2022,1795.281447,1838.338002,1760.395721,1822.509911,21736441543.11,216543481168.60
Ethereum,6/3/2022,6/4/2022,1850.402662,1862.8379,1759.787387,1788.887081,28622626581.33,218333095768.63
Ethereum,6/2/2022,6/3/2022,1830.217022,1866.887226,1802.691176,1850.316376,37556545564.44,222181028598.42
Ethereum,6/1/2022,6/2/2022,1956.342982,1981.389159,1788.389847,1837.224481,32242294151.64,231576440051.21
Ethereum,5/31/2022,6/1/2022,2008.0673,2016.586586,1943.853823,1964.277389,34403463729.78,239875018668.04
Ethereum,5/30/2022,5/31/2022,1821.1235,2023.6897,1815.693115,2011.8934,26197168607.78,232335012001.81
Ethereum,5/29/2022,5/30/2022,1814.62853,1841.465449,1775.7517,1827.2122,18532626119.11,218961820855.47
Ethereum,5/28/2022,5/29/2022,1733.168435,1822.1433,1733.168435,1818.077892,32093727921.78,215764688673.76
Ethereum,5/27/2022,5/28/2022,1809.4888,1828.199913,1729.0918,1733.782607,46593465770.67,214592983638.98
Ethereum,5/26/2022,5/27/2022,1955.9631,1984.10812,1772.038405,1820.733966,31938422684.44,228503387626.27
Ethereum,5/25/2022,5/26/2022,1992.1097,2035.3178,1957.7253,1958.134721,24420884913.78,240236547736.37
Ethereum,5/24/2022,5/25/2022,1991.824392,2012.0014,1939.3116,1988.8964,26343086855.11,240128775034.25
Ethereum,5/23/2022,5/24/2022,2061.146944,2102.568937,1975.496405,1992.811133,22851228878.94,248708432463.32
Ethereum,5/22/2022,5/23/2022,1995.853839,2066.098943,1980.1965,2065.544773,15038124330.67,244253923700.47
Ethereum,5/21/2022,5/22/2022,1981.411791,2015.449916,1957.7459,2000.331522,22812438293.33,240319858641.24
Ethereum,5/20/2022,5/21/2022,2039.065838,2074.8232,1946.9523,1985.743912,30493566165.33,243866167039.79
Ethereum,5/19/2022,5/20/2022,1929.1163,2046.025573,1922.7377,2041.142403,32641303838.43,240141298213.38
Ethereum,5/18/2022,5/19/2022,2107.876242,2120.682435,1931.41,1932.2717,27132605629.10,244861557048.47
Ethereum,5/17/2022,5/18/2022,2031.37839,2119.266622,2024.697309,2107.521593,25815361144.89,250404341000.00
Ethereum,5/16/2022,5/17/2022,2147.945165,2147.945165,1995.641201,2032.479308,24109528206.22,247091332938.33
Ethereum,5/15/2022,5/16/2022,2058.8749,2154.3462,2009.85157,2152.196458,18953485528.89,249741880517.84
Ethereum,5/14/2022,5/15/2022,2012.0259,2066.863467,1956.786013,2062.2008,27245265528.89,244100160847.58
Ethereum,5/13/2022,5/14/2022,1958.5821,2141.5723,1944.4588,2009.0528,51155420174.22,250620530629.46
Ethereum,5/12/2022,5/13/2022,2076.2308,2180.2381,1763.3276,1967.9552,76188638848.00,235933942921.74
Ethereum,5/11/2022,5/12/2022,2344.8802,2447.430374,2031.489243,2077.2963,58673029305.53,275651132950.05
Ethereum,5/10/2022,5/11/2022,2239.565182,2454.3536,2210.412169,2345.8123,66000267207.11,284989942500.71
Ethereum,5/9/2022,5/10/2022,2523.537496,2530.1183,2243.031637,2258.003467,38118695661.97,289669504878.66
Ethereum,5/8/2022,5/9/2022,2639.7191,2642.367858,2502.067,2513.908346,27735353642.67,308667938429.78
Ethereum,5/7/2022,5/8/2022,2697.7517,2701.7974,2602.2619,2644.9258,23775022823.11,323439675260.68
Ethereum,5/6/2022,5/7/2022,2751.9133,2757.209701,2648.615425,2699.8252,35827804572.44,327568655126.91
Ethereum,5/5/2022,5/6/2022,2943.6787,2953.0716,2704.426051,2752.9804,28859075223.64,345567655687.26
Ethereum,5/4/2022,5/5/2022,2784.916796,2962.5856,2781.024807,2944.097021,22697061057.83,344551274393.37
Ethereum,5/3/2022,5/4/2022,2859.943528,2862.985216,2765.57841,2786.853136,24878253084.44,340949914175.05
Ethereum,5/2/2022,5/3/2022,2829.069,2874.807469,2793.8178,2860.25439,25575277753.82,342229475898.91
Ethereum,5/1/2022,5/2/2022,2734.908739,2841.3868,2734.908739,2831.7863,23559751092.76,335408645528.38
Ethereum,4/30/2022,5/1/2022,2820.833804,2841.5676,2732.4181,2737.425486,24933748195.56,339655822766.82
Ethereum,4/29/2022,4/30/2022,2940.3813,2948.356716,2785.5244,2817.726674,30590870236.44,346669495958.34
Ethereum,4/28/2022,4/29/2022,2892.4452,2977.649125,2865.9869,2938.5451,28783281875.24,351894358306.66
Ethereum,4/27/2022,4/28/2022,2814.8725,2914.1693,2811.2782,2893.559731,33208244913.78,345795593750.73
Ethereum,4/26/2022,4/27/2022,3009.6142,3028.896126,2785.867643,2807.123042,31751980586.67,354923101338.51
Ethereum,4/25/2022,4/26/2022,2928.665418,3023.6947,2810.2063,3012.940144,27844104916.29,349190501837.76
Ethereum,4/24/2022,4/25/2022,2941.0767,2967.547067,2925.3916,2928.560607,12625181187.56,355363606583.76
Ethereum,4/23/2022,4/24/2022,2968.0086,2980.159564,2928.9519,2942.9099,20367053272.89,357154270396.20
Ethereum,4/22/2022,4/23/2022,2990.015,3027.8229,2946.740744,2972.3624,33543664532.59,360406287654.82
Ethereum,4/21/2022,4/22/2022,3083.14093,3179.7554,2963.802813,2994.3645,28040145400.89,372341793247.74
Ethereum,4/20/2022,4/21/2022,3106.9042,3164.5756,3048.144686,3083.57579,24373213590.75,373124632482.07
Ethereum,4/19/2022,4/20/2022,3060.3374,3129.8074,3041.1774,3111.4076,28521931636.85,370568930350.84
Ethereum,4/18/2022,4/19/2022,2997.2418,3068.774,2900.591038,3064.8061,25849521738.67,357141913332.30
Ethereum,4/17/2022,4/18/2022,3062.7604,3085.402679,2993.2429,2998.1528,14763718400.00,367482634341.29
Ethereum,4/16/2022,4/17/2022,3047.5085,3077.3551,3019.6113,3064.2317,15160119968.00,366423416035.63
Ethereum,4/15/2022,4/16/2022,3025.38363,3048.986214,3004.1751,3047.2329,23006111150.22,365121923073.25
Ethereum,4/14/2022,4/15/2022,3122.8519,3148.2826,2989.8922,3025.707533,26582297731.28,370003513059.22
Ethereum,4/13/2022,4/14/2022,3036.10395,3134.407,3013.2999,3124.1736,30500782667.19,369784378132.84
Ethereum,4/12/2022,4/13/2022,2986.587013,3086.3396,2962.991067,3042.067412,37747924257.49,363906850245.88
Ethereum,4/11/2022,4/12/2022,3206.7931,3216.9408,2966.0036,2986.513994,29636449065.00,372748989306.28
Ethereum,4/10/2022,4/11/2022,3268.050935,3268.050935,3268.050935,3268.050935,17648769024.00,393188103599.13
Ethereum,4/9/2022,4/10/2022,3197.9921,3266.452679,3190.7633,3266.452679,25321252828.44,387784853193.19
Ethereum,4/8/2022,4/9/2022,3233.109855,3310.757896,3181.8331,3197.0275,28615327308.71,392040259471.39
Ethereum,4/7/2022,4/8/2022,3173.681729,3268.7389,3154.078973,3238.589493,36511988864.00,387187877972.66
Ethereum,4/6/2022,4/7/2022,3411.694262,3411.694262,3174.955628,3174.955628,37579667120.61,396515992437.08
Ethereum,4/5/2022,4/6/2022,3522.454431,3551.948457,3416.294949,3416.294949,27999827143.11,420122679199.81
Ethereum,4/4/2022,4/5/2022,3523.096957,3540.471,3425.088093,3521.983463,28208979399.11,419276219688.79
Ethereum,4/3/2022,4/4/2022,3444.198983,3573.3175,3423.292214,3520.924141,28103429518.22,419754998643.84
Ethereum,4/2/2022,4/3/2022,3456.4658,3526.407952,3442.77844,3442.77844,37472480597.33,418513591389.83
Ethereum,4/1/2022,4/2/2022,3285.492609,3473.542354,3228.196331,3452.560035,34345837122.01,402195742810.59
Ethereum,3/31/2022,4/1/2022,3387.408869,3442.900174,3273.10264,3287.191517,24315855326.10,404829678034.04
Ethereum,3/30/2022,3/31/2022,3404.908873,3445.591615,3343.04812,3389.656688,28170767239.11,407871610868.97
Ethereum,3/29/2022,3/30/2022,3336.272801,3476.4987,3336.272801,3408.382378,30811204579.56,410022852889.96
Ethereum,3/28/2022,3/29/2022,3294.195743,3429.982601,3282.243035,3330.982326,27477202773.33,402544105598.98
Ethereum,3/27/2022,3/28/2022,3149.463637,3292.163107,3134.184254,3290.474862,14160547217.78,381267234450.45
Ethereum,3/26/2022,3/27/2022,3107.888314,3152.8764,3093.937691,3148.620544,20321615182.22,375363250019.60
Ethereum,3/25/2022,3/26/2022,3115.563195,3191.0562,3092.8711,3110.01862,27651764586.67,376208787331.72
Ethereum,3/24/2022,3/25/2022,3034.650592,3124.490856,3016.5056,3112.869496,26185802972.44,368345793210.18
Ethereum,3/23/2022,3/24/2022,2971.953643,3035.693872,2934.302387,3032.374626,22252975792.61,357034796913.03
Ethereum,3/22/2022,3/23/2022,2897.019513,3045.887236,2892.210348,2975.12356,26056952661.33,359758073182.11
Ethereum,3/21/2022,3/22/2022,2865.824096,2959.0131,2839.67706,2899.602026,19877094901.33,347893273420.86
Ethereum,3/20/2022,3/21/2022,2950.245385,2962.4472,2832.041616,2867.028428,17790052778.67,348174816032.93
Ethereum,3/19/2022,3/20/2022,2941.942866,2979.017021,2915.253635,2946.0871,22101064704.00,354142742535.74
Ethereum,3/18/2022,3/19/2022,2822.085396,2978.675,2779.522537,2946.02773,21138622396.44,342203959367.41
Ethereum,3/17/2022,3/18/2022,2778.745613,2833.93253,2754.1739,2822.037814,24026359953.78,334880886498.85
Ethereum,3/16/2022,3/17/2022,2620.790469,2791.834541,2613.688283,2779.266016,22942450328.89,322557695089.24
Ethereum,3/15/2022,3/16/2022,2596.259656,2667.334034,2518.64818,2623.920012,17829431089.78,309124385792.89
Ethereum,3/14/2022,3/15/2022,2522.281257,2613.1585,2508.3859,2598.469708,16265850392.89,308040390183.75
Ethereum,3/13/2022,3/14/2022,2577.750542,2615.2419,2512.5811,2521.087426,10640645864.89,309775291584.85
Ethereum,3/12/2022,3/13/2022,2566.191612,2615.029,2566.191612,2584.040254,15228387212.44,310925663983.56
Ethereum,3/11/2022,3/12/2022,2617.918276,2674.405479,2535.223,2564.665902,19237647114.67,310495894802.04
Ethereum,3/10/2022,3/11/2022,2732.053927,2736.050623,2577.544071,2612.812553,21561721763.56,314434458890.50
Ethereum,3/9/2022,3/10/2022,2588.655843,2773.981643,2578.262341,2737.208499,24474104832.00,325793355635.65
Ethereum,3/8/2022,3/9/2022,2503.103464,2625.763,2498.434803,2585.452903,23721453504.00,307508367580.98
Ethereum,3/7/2022,3/8/2022,2569.549526,2644.386942,2458.17772,2503.16429,17797825340.44,305445070285.49
Ethereum,3/6/2022,3/7/2022,2676.7601,2689.4531,2561.7422,2565.707897,12411206368.00,316738940264.68
Ethereum,3/5/2022,3/6/2022,2629.957405,2691.8042,2608.021144,2677.936768,18990932485.51,317557129524.36
Ethereum,3/4/2022,3/5/2022,2852.993744,2852.993744,2595.710458,2626.627689,21749493537.24,325057167479.74
Ethereum,3/3/2022,3/4/2022,2963.764412,2980.45248,2805.653258,2853.323399,22524687192.31,347007626162.09
Ethereum,3/2/2022,3/3/2022,2983.4188,3049.816466,2929.507475,2954.231783,28155179555.56,357084750977.10
Ethereum,3/1/2022,3/2/2022,2931.7687,3042.9525,2885.6934,2980.1923,30933609287.11,353270922981.21
Ethereum,2/28/2022,3/1/2022,2635.760611,2946.428757,2593.76538,2938.1166,26591377329.78,325795621466.47
Ethereum,2/27/2022,2/28/2022,2792.1015,2846.128517,2594.959903,2635.913673,18528048650.67,328540758488.98
Ethereum,2/26/2022,2/27/2022,2770.631716,2857.132944,2754.0076,2784.8057,23993767608.89,335238761873.46
Ethereum,2/25/2022,2/26/2022,2601.791716,2830.489521,2581.217585,2770.492844,30941965461.33,319312526345.92
Ethereum,2/24/2022,2/25/2022,2591.126219,2694.7542,2313.82226,2598.893303,28182890062.22,295324428973.95
Ethereum,2/23/2022,2/24/2022,2640.4628,2754.0263,2592.31758,2600.927487,20045765536.00,320074749865.05
Ethereum,2/22/2022,2/23/2022,2579.544872,2654.1101,2512.577567,2644.6942,25153610176.00,309418376752.95
Ethereum,2/21/2022,2/22/2022,2634.33081,2755.1098,2573.775074,2573.775074,18522682040.89,321624812686.76
Ethereum,2/20/2022,2/21/2022,2768.927315,2772.2785,2591.459327,2637.055031,14951276362.67,318859485558.20
Ethereum,2/19/2022,2/20/2022,2788.020721,2833.302295,2711.427666,2769.437357,18514676433.78,332572025025.07
Ethereum,2/18/2022,2/19/2022,2891.9721,2942.3693,2764.8907,2790.531296,21438118112.78,342866915255.59
Ethereum,2/17/2022,2/18/2022,3126.4848,3155.2644,2862.955552,2884.361,20353951651.56,362121637009.70
Ethereum,2/16/2022,2/17/2022,3181.9594,3187.5958,3055.8564,3129.9013,18818804646.80,374253837596.30
Ethereum,2/15/2022,2/16/2022,2938.568608,3185.112738,2915.719913,3179.9854,19834285770.67,367647600334.90
Ethereum,2/14/2022,2/15/2022,2877.0377,2958.758714,2848.035949,2935.178633,15487090307.14,346427321956.03
Ethereum,2/13/2022,2/14/2022,2920.9481,2950.0177,2853.969228,2890.3408,15399377852.44,348594645958.82
Ethereum,2/12/2022,2/13/2022,2934.972,2980.721942,2870.1907,2911.9484,20355416256.00,350353080331.51
Ethereum,2/11/2022,2/12/2022,3074.640969,3130.099368,2888.4834,2933.0463,25198476152.89,365320155841.74
Ethereum,2/10/2022,2/11/2022,3246.8971,3275.1346,3068.224441,3076.214834,20885131431.11,381069125565.98
Ethereum,2/9/2022,2/10/2022,3118.414183,3264.4265,3061.0133,3239.4858,20890519217.78,377153184923.35
Ethereum,2/8/2022,2/9/2022,3140.523217,3224.561798,3033.627625,3122.997802,22725888988.44,371952319266.40
Ethereum,2/7/2022,2/8/2022,3055.882417,3186.4624,2994.405501,3148.51983,17695866744.89,369924442545.22
Ethereum,2/6/2022,2/7/2022,3020.0692,3059.324549,2971.9124,3051.908917,14038595022.22,359407051031.43
Ethereum,2/5/2022,2/6/2022,2991.668105,3058.2666,2967.5512,3018.1714,24305494229.33,360046729863.41
Ethereum,2/4/2022,2/5/2022,2690.9014,2987.920256,2677.474286,2987.920256,21792889333.33,338456825805.11
Ethereum,2/3/2022,2/4/2022,2681.9238,2714.3062,2588.173383,2672.9835,20149039189.33,316045646316.37
Ethereum,2/2/2022,2/3/2022,2793.2257,2807.053649,2632.181311,2678.3973,17227720252.44,327141368348.87
Ethereum,2/1/2022,2/2/2022,2689.116436,2805.341025,2683.2284,2799.5787,19492302478.22,328910614125.46
Ethereum,1/31/2022,2/1/2022,2605.5429,2699.2795,2492.282286,2689.512101,18380646346.67,308666161908.59
Ethereum,1/30/2022,1/31/2022,2602.61718,2634.673457,2551.231646,2608.2808,19499216650.67,310265547913.43
Ethereum,1/29/2022,1/30/2022,2548.5067,2629.5541,2527.844456,2598.4454,25683150954.67,306200052521.05
Ethereum,1/28/2022,1/29/2022,2424.03063,2551.123,2372.182345,2549.8198,24445587932.44,291652895022.73
Ethereum,1/27/2022,1/28/2022,2466.030388,2513.429474,2326.7222,2428.660073,27014150272.00,289773379819.01
Ethereum,1/26/2022,1/27/2022,2459.684045,2706.0679,2417.304967,2468.201022,21633409863.11,300580462488.26
Ethereum,1/25/2022,1/26/2022,2444.3887,2500.2778,2360.471554,2464.105799,29708526609.84,289439961460.84
Ethereum,1/24/2022,1/25/2022,2542.4014,2542.4014,2175.520133,2448.138,24891950019.56,282734341622.71
Ethereum,1/23/2022,1/24/2022,2411.954763,2547.271343,2384.2653,2536.3249,27362524849.78,293446356443.95
Ethereum,1/22/2022,1/23/2022,2573.6066,2622.087238,2332.1483,2406.109565,37481679800.39,294846864361.74
Ethereum,1/21/2022,1/22/2022,3010.655837,3032.107989,2529.479724,2552.5915,26722596512.00,336919136786.53
Ethereum,1/20/2022,1/21/2022,3099.29253,3269.945702,3013.742768,3013.742768,16122431587.56,376541975390.84
Ethereum,1/19/2022,1/20/2022,3171.3412,3179.175619,3059.9144,3100.98764,17881558800.95,372575667613.02
Ethereum,1/18/2022,1/19/2022,3219.258878,3242.991,3100.948887,3168.5187,16272064177.78,377737630532.74
Ethereum,1/17/2022,1/18/2022,3351.399314,3356.418118,3156.926754,3214.910372,14173655228.44,388767509715.99
Ethereum,1/16/2022,1/17/2022,3331.375193,3378.9543,3292.9095,3354.693115,12274577792.00,397500373926.85
Ethereum,1/15/2022,1/16/2022,3312.161663,3367.66612,3280.94413,3331.834267,15214683509.33,396645693303.36
Ethereum,1/14/2022,1/15/2022,3245.7687,3334.329197,3202.7613,3314.714162,19039040515.56,390370373247.91
Ethereum,1/13/2022,1/14/2022,3373.8813,3409.041571,3248.202399,3256.1415,22032964476.44,396581487216.73
Ethereum,1/12/2022,1/13/2022,3239.9182,3409.9251,3215.343755,3374.3038,22110662012.44,393437328160.19
Ethereum,1/11/2022,1/12/2022,3087.9618,3258.216494,3063.217913,3238.0088,25028994711.64,375498413358.39
Ethereum,1/10/2022,1/11/2022,3159.754601,3188.1384,2956.975723,3085.3671,23895435747.56,370221733938.75
Ethereum,1/9/2022,1/10/2022,3096.00773,3215.334031,3081.716363,3164.409305,25730508117.33,374386539808.87
Ethereum,1/8/2022,1/9/2022,3201.9761,3246.629484,3023.8653,3099.625501,29076178126.22,378092197372.59
Ethereum,1/7/2022,1/8/2022,3418.008118,3419.45503,3117.951175,3197.2259,31764463352.89,385410870936.86
Ethereum,1/6/2022,1/7/2022,3554.2026,3554.4911,3323.8636,3419.993783,33165849173.33,409263796091.32
Ethereum,1/5/2022,1/6/2022,3796.654582,3849.9841,3454.7647,3563.1909,22750588508.44,448668527035.33
Ethereum,1/4/2022,1/5/2022,3771.4726,3888.932141,3731.840156,3797.755382,21877374442.67,452461871672.89
Ethereum,1/3/2022,1/4/2022,3838.5395,3847.9775,3701.319266,3770.2317,16383773891.56,452052040715.27
Ethereum,1/2/2022,1/3/2022,3777.2303,3850.0803,3738.1076,3839.8139,12081725038.22,449902546900.97
Ethereum,1/1/2022,1/2/2022,3685.986363,3785.075067,3685.986363,3773.5834,15838957063.11,445142658771.22
Ethereum,12/31/2021,1/1/2022,3721.8755,3821.7261,3644.590367,3691.611156,16844827160.89,446016606895.14
Ethereum,12/30/2021,12/31/2021,3640.373261,3774.378774,3620.622805,3724.1063,23603716035.56,441901636086.43
Ethereum,12/29/2021,12/30/2021,3808.7489,3836.195189,3634.019303,3639.101876,20503962392.89,450262973409.69
Ethereum,12/28/2021,12/29/2021,4044.256508,4044.256508,3788.353454,3814.2797,19605723971.56,464303561207.79
Ethereum,12/27/2021,12/28/2021,4071.642379,4128.6383,4042.1039,4044.835106,14068084000.00,485130867631.59
Ethereum,12/26/2021,12/27/2021,4099.685282,4105.3506,4020.0622,4076.411442,14905552739.56,482835685601.65
Ethereum,12/25/2021,12/26/2021,4049.1365,4134.1729,4039.6481,4109.646471,15636280544.00,484025892661.45
Ethereum,12/24/2021,12/25/2021,4112.805045,4134.710727,4042.036939,4048.6063,21211889521.78,486787818660.18
Ethereum,12/23/2021,12/24/2021,3984.6046,4149.494506,3908.535862,4110.144168,22592386496.00,474713740885.26
Ethereum,12/22/2021,12/23/2021,4023.0643,4071.359146,3953.1992,3988.063927,20454123953.78,477606869300.33
Ethereum,12/21/2021,12/22/2021,3939.558289,4057.832068,3922.34932,4027.1658,28618196096.00,475804903326.75
Ethereum,12/20/2021,12/21/2021,3927.116629,3971.772178,3774.411671,3936.136324,26250691868.44,458973596640.29
Ethereum,12/19/2021,12/20/2021,3963.925808,4018.2439,3899.835934,3924.8675,23808039570.80,468957394085.86
Ethereum,12/18/2021,12/19/2021,3880.897521,3987.5375,3784.485103,3961.200251,38068638994.03,465802251071.47
Ethereum,12/17/2021,12/18/2021,3965.1851,3992.7539,3723.238267,3889.818698,34426731072.00,462347587408.38
Ethereum,12/16/2021,12/17/2021,4019.2212,4104.889911,3968.8079,3973.235,38004166243.56,479369223916.67
Ethereum,12/15/2021,12/16/2021,3867.637877,4079.183914,3681.0649,4012.8137,30124147328.00,459419803027.26
Ethereum,12/14/2021,12/15/2021,3792.8126,3880.333305,3704.8133,3867.81731,35363992001.56,451420262693.73
Ethereum,12/13/2021,12/14/2021,4138.943628,4143.792754,3694.3441,3793.5513,28397948935.24,467182948163.71
Ethereum,12/12/2021,12/13/2021,4085.729265,4175.85855,4005.647433,4140.566284,31766340003.56,483666765652.29
Ethereum,12/11/2021,12/12/2021,3910.7981,4095.695082,3859.8901,4091.655288,47587895793.78,477743280662.73
Ethereum,12/10/2021,12/11/2021,4129.37257,4219.469859,3918.3373,3918.3373,47781683513.98,484912277876.63
Ethereum,12/9/2021,12/10/2021,4439.345954,4473.078774,4090.570449,4153.464244,45092418503.11,508923356862.27
Ethereum,12/8/2021,12/9/2021,4310.244505,4450.646782,4240.4096,4436.876579,43043314076.44,517097885881.38
Ethereum,12/7/2021,12/8/2021,4358.190658,4422.8824,4273.3958,4306.102213,53119410176.00,516486410496.33
Ethereum,12/6/2021,12/7/2021,4200.7952,4364.452882,3953.6514,4348.484879,52471101454.22,490986560423.10
Ethereum,12/5/2021,12/6/2021,4120.112139,4243.921291,4054.031,4192.6384,45377214535.11,493922850663.46
Ethereum,12/4/2021,12/5/2021,4229.8035,4238.4659,3642.6823,4097.563825,66819603939.56,477093961474.78
Ethereum,12/3/2021,12/4/2021,4522.420618,4643.006075,4126.377117,4248.6659,35657670385.78,529960591517.77
Ethereum,12/2/2021,12/3/2021,4590.6256,4624.227941,4458.617,4520.325577,39617597980.44,538745993422.54
Ethereum,12/1/2021,12/2/2021,4637.115751,4769.294092,4543.111175,4586.9631,53583852202.67,556435612197.61
Ethereum,11/30/2021,12/1/2021,4448.375063,4721.5876,4363.3249,4641.645684,44349213511.11,538577176957.65
Ethereum,11/29/2021,11/30/2021,4298.53108,4460.0291,4297.3593,4452.264132,41952501048.89,517299622320.97
Ethereum,11/28/2021,11/29/2021,4099.295458,4300.929188,4007.493924,4300.929188,35456327388.44,485625557108.41
Ethereum,11/27/2021,11/28/2021,4042.297963,4184.982233,4042.297963,4082.366358,45184787050.67,489113105108.65
Ethereum,11/26/2021,11/27/2021,4524.33246,4544.871351,3946.249774,4048.131896,49447816746.67,498984137167.26
Ethereum,11/25/2021,11/26/2021,4276.9243,4550.477719,4263.4167,4525.307418,35422437674.67,521717529111.20
Ethereum,11/24/2021,11/25/2021,4345.398588,4373.9907,4186.99567,4267.1911,32144551872.00,505994321914.98
Ethereum,11/23/2021,11/24/2021,4098.833946,4387.332044,4077.5573,4355.124817,33298571313.78,500449652670.46
Ethereum,11/22/2021,11/23/2021,4280.027888,4300.1512,4050.193966,4105.1047,25889685009.90,496114950103.47
Ethereum,11/21/2021,11/22/2021,4417.183082,4418.946412,4284.63677,4284.63677,20657591516.44,516625645121.83
Ethereum,11/20/2021,11/21/2021,4300.913881,4436.529986,4227.782145,4422.128531,23245987662.22,511810301053.69
Ethereum,11/19/2021,11/20/2021,4006.803096,4307.1171,3998.3392,4294.152739,34323611555.56,493348196002.01
Ethereum,11/18/2021,11/19/2021,4291.5766,4343.11552,3973.6198,3995.3938,28548142542.22,494855807713.33
Ethereum,11/17/2021,11/18/2021,4222.071862,4292.0509,4106.563,4292.0509,34832910080.00,498078106078.68
Ethereum,11/16/2021,11/17/2021,4571.8677,4571.8677,4155.1316,4230.1812,38229605532.44,510419922979.23
Ethereum,11/15/2021,11/16/2021,4634.11355,4770.2824,4555.681322,4575.842253,22289251496.28,552895704459.39
Ethereum,11/14/2021,11/15/2021,4655.0937,4694.537514,4528.2011,4630.758968,17833173630.66,545527382975.69
Ethereum,11/13/2021,11/14/2021,4677.051357,4704.316891,4597.248849,4658.156013,23889874876.21,550282310477.07
Ethereum,11/12/2021,11/13/2021,4727.829421,4808.224,4529.324626,4677.705311,26261109916.44,553461443381.22
Ethereum,11/11/2021,11/12/2021,4642.050924,4778.072303,4593.539136,4727.230918,35289895544.89,556372385531.81
Ethereum,11/10/2021,11/11/2021,4739.446434,4867.173594,4548.1943,4637.645275,26262380366.22,560685844087.31
Ethereum,11/9/2021,11/10/2021,4817.782387,4834.002843,4727.7406,4736.7254,26270877096.59,566926305532.62
Ethereum,11/8/2021,11/9/2021,4623.573969,4822.4666,4623.573969,4819.161294,24100025956.25,561271186532.13
Ethereum,11/7/2021,11/8/2021,4521.470284,4638.961643,4514.492303,4619.167746,20506340693.33,542340698434.50
Ethereum,11/6/2021,11/7/2021,4485.262594,4527.731,4349.2654,4515.412839,20576344970.67,527839633171.44
Ethereum,11/5/2021,11/6/2021,4537.561461,4564.366713,4460.013327,4488.13218,24256463402.67,533047984675.70
Ethereum,11/4/2021,11/5/2021,4603.645402,4603.645402,4433.685977,4535.317603,28082568959.11,535413683577.03
Ethereum,11/3/2021,11/4/2021,4585.91115,4653.128731,4475.246965,4605.624427,29633102307.56,541078964139.78
Ethereum,11/2/2021,11/3/2021,4330.602976,4598.079619,4300.051649,4592.980814,25026544957.55,523940744210.32
Ethereum,11/1/2021,11/2/2021,4295.127856,4374.995805,4178.051953,4337.67855,25023704490.67,509350796493.37
Ethereum,10/31/2021,11/1/2021,4327.840655,4395.1307,4195.5043,4297.5317,23144903765.33,507009035265.71
Ethereum,10/30/2021,10/31/2021,4414.742546,4418.93728,4269.350079,4315.823839,24115032526.22,511919920928.50
Ethereum,10/29/2021,10/30/2021,4287.93886,4453.406627,4281.643093,4411.123736,36124664853.33,516027109957.91
Ethereum,10/28/2021,10/29/2021,3945.3471,4290.081035,3932.0774,4277.879612,33911031608.89,487793034855.69
Ethereum,10/27/2021,10/28/2021,4137.8404,4298.627771,3951.967985,3953.5218,35496672056.89,481429930425.26
Ethereum,10/26/2021,10/27/2021,4221.854877,4285.80066,4129.0054,4144.227,21401297024.00,497207622792.74
Ethereum,10/25/2021,10/26/2021,4088.79476,4232.1457,4077.542826,4216.984186,22752207857.78,491252700918.84
Ethereum,10/24/2021,10/25/2021,4167.6736,4180.6152,3978.22101,4084.265882,21419554595.56,481680260999.84
Ethereum,10/23/2021,10/24/2021,3981.137704,4164.092,3958.827078,4161.5046,24613138254.22,478328127544.97
Ethereum,10/22/2021,10/23/2021,4067.368273,4165.48414,3927.835244,3980.624048,35881919985.78,480643376859.73
Ethereum,10/21/2021,10/22/2021,4158.8009,4360.0497,4048.796396,4075.556118,41948811555.56,491659342235.11
Ethereum,10/20/2021,10/21/2021,3884.143,4164.844167,3840.604054,4164.844167,25564426396.44,468018449166.17
Ethereum,10/19/2021,10/20/2021,3756.9331,3886.6498,3752.1008,3882.9354,23232424942.04,449956534058.79
Ethereum,10/18/2021,10/19/2021,3856.226215,3892.961578,3716.526632,3754.3723,25054686272.45,448827563039.26
Ethereum,10/17/2021,10/18/2021,3836.379833,3911.724712,3703.548401,3856.776989,20901648263.31,453494588404.02
Ethereum,10/16/2021,10/17/2021,3874.766891,3966.7506,3814.4507,3842.723109,25330359719.35,457578982328.71
Ethereum,10/15/2021,10/16/2021,3791.987672,3897.732476,3748.689121,3874.388229,27764274438.29,450716097050.63
Ethereum,10/14/2021,10/15/2021,3608.9164,3817.9563,3600.5729,3794.051878,24671591984.85,437947753846.01
Ethereum,10/13/2021,10/14/2021,3499.203294,3607.459328,3430.69686,3602.4665,22314184291.51,413455343814.58
Ethereum,10/12/2021,10/13/2021,3542.105961,3543.074443,3418.7842,3494.820215,24503337026.30,411778540937.22
Ethereum,10/11/2021,10/12/2021,3429.6781,3617.762503,3407.5698,3542.105961,26114599353.44,417997851754.90
Ethereum,10/10/2021,10/11/2021,3582.206042,3604.313994,3432.5308,3433.7703,20452277987.56,418059407926.44
Ethereum,10/9/2021,10/10/2021,3567.8012,3630.750444,3553.393597,3590.297314,20008727310.22,423723521175.15
Ethereum,10/8/2021,10/9/2021,3592.201077,3668.236917,3557.4779,3564.0715,24510042581.33,425281199786.98
Ethereum,10/7/2021,10/8/2021,3585.050523,3653.393349,3496.608044,3594.659129,30544829464.98,421737798620.80
Ethereum,10/6/2021,10/7/2021,3509.940941,3624.167708,3367.561983,3590.824179,28165578716.44,414381330634.61
Ethereum,10/5/2021,10/6/2021,3395.026,3528.976268,3382.050339,3509.114453,25529465585.78,405005698574.11
Ethereum,10/4/2021,10/5/2021,3424.0484,3438.25259,3299.171245,3396.324,22691844920.89,397336157346.25
Ethereum,10/3/2021,10/4/2021,3397.249707,3483.785463,3369.50592,3423.3294,23648606208.00,402661231047.08
Ethereum,10/2/2021,10/3/2021,3313.777141,3463.5459,3268.55255,3393.1203,26572499128.89,394129116783.84
Ethereum,10/1/2021,10/2/2021,3007.802247,3327.892622,2988.687494,3307.919376,27033261098.67,373053879927.91
Ethereum,9/30/2021,10/1/2021,2855.1193,3045.1343,2851.6814,3009.435707,24796819448.89,352341441492.17
Ethereum,9/29/2021,9/30/2021,2811.9907,2949.2297,2796.3706,2854.8556,23835927706.50,339291071404.69
Ethereum,9/28/2021,9/29/2021,2929.048132,2973.726,2806.057158,2811.5444,25309393038.53,341804480226.19
Ethereum,9/27/2021,9/28/2021,3066.1482,3163.720578,2948.707494,2948.707494,28446766900.65,361635229651.33
Ethereum,9/26/2021,9/27/2021,2933.932183,3166.9589,2753.8006,3067.592,28967767888.21,348479150350.60
Ethereum,9/25/2021,9/26/2021,2936.397,2970.035912,2830.872738,2945.65178,33405874595.56,343783091739.10
Ethereum,9/24/2021,9/25/2021,3159.9768,3159.9768,2774.3783,2930.0015,32613387802.76,350310448316.91
Ethereum,9/23/2021,9/24/2021,3079.180575,3169.0311,3046.7762,3158.7165,30667544903.11,366565945900.78
Ethereum,9/22/2021,9/23/2021,2769.0927,3091.1997,2752.945013,3076.640245,43141827840.00,347021972161.95
Ethereum,9/21/2021,9/22/2021,2972.7091,3098.0626,2718.189234,2756.2493,42039727438.22,349332013316.11
Ethereum,9/20/2021,9/21/2021,3334.9831,3338.5683,2957.3912,2982.0818,31036572604.44,367686043655.00
Ethereum,9/19/2021,9/20/2021,3442.2762,3455.394,3300.8785,3329.2156,19223792853.33,398600875163.01
Ethereum,9/18/2021,9/19/2021,3404.8274,3539.7579,3382.0438,3435.5227,23194678197.07,407729686116.73
Ethereum,9/17/2021,9/18/2021,3577.1171,3592.176906,3367.4574,3401.2832,26073960824.89,410170899880.05
Ethereum,9/16/2021,9/17/2021,3611.0175,3666.8641,3501.4712,3577.8433,28934761280.00,423436333879.87
Ethereum,9/15/2021,9/16/2021,3430.0608,3599.9151,3375.995664,3591.1752,23595684856.89,407007863110.14
Ethereum,9/14/2021,9/15/2021,3293.025718,3428.9998,3288.314237,3422.591,29507197598.77,393159262718.80
Ethereum,9/13/2021,9/14/2021,3417.8972,3434.0905,3151.261713,3303.363859,28643691313.78,383911773503.99
Ethereum,9/12/2021,9/13/2021,3274.9041,3466.861378,3245.242394,3416.4496,22647023004.44,397228438509.95
Ethereum,9/11/2021,9/12/2021,3216.9992,3346.79737,3216.9992,3273.1945,29240999572.07,386695710464.91
Ethereum,9/10/2021,9/11/2021,3433.987,3514.506112,3171.2246,3218.4576,29160810017.90,396036440125.27
Ethereum,9/9/2021,9/10/2021,3502.6584,3564.143316,3415.96,3432.1643,37246966904.89,410880342282.57
Ethereum,9/8/2021,9/9/2021,3435.37,3561.2584,3236.2108,3490.7883,57381083975.11,404473580244.64
Ethereum,9/7/2021,9/8/2021,3937.4973,3951.1869,3179.8431,3441.5586,37655810446.22,433990031965.11
Ethereum,9/6/2021,9/7/2021,3959.7173,3973.422291,3886.9396,3940.4683,25138240713.92,462816423173.20
Ethereum,9/5/2021,9/6/2021,3892.892452,3985.0219,3846.0497,3960.2367,25297265870.22,460020114391.78
Ethereum,9/4/2021,9/5/2021,3947.56638,3970.7878,3848.9772,3899.631263,34933022343.11,459649064912.44
Ethereum,9/3/2021,9/4/2021,3795.3939,4015.3308,3732.2044,3938.859318,38345291183.72,456995658075.48
Ethereum,9/2/2021,9/3/2021,3828.9017,3834.0126,3738.64426,3797.8858,43137180097.56,443522188940.06
Ethereum,9/1/2021,9/2/2021,3439.5209,3797.4873,3394.0427,3797.4873,46300622080.00,419815205140.61
Ethereum,8/31/2021,9/1/2021,3229.163,3454.714985,3201.6717,3441.6881,40154035000.89,392207422680.76
Ethereum,8/30/2021,8/31/2021,3230.8939,3342.796251,3156.2369,3233.0987,23938587323.32,378165075732.80
Ethereum,8/29/2021,8/30/2021,3246.9984,3285.5897,3168.3971,3236.1842,21213475622.36,377507350006.22
Ethereum,8/28/2021,8/29/2021,3273.9851,3283.4691,3225.970793,3247.4221,23693021018.14,381064609607.43
Ethereum,8/27/2021,8/28/2021,3102.9291,3282.461422,3071.6771,3268.2547,25812508266.67,372478068624.25
Ethereum,8/26/2021,8/27/2021,3231.9817,3253.1857,3069.535,3121.0153,28224284029.77,367784936192.69
Ethereum,8/25/2021,8/26/2021,3180.2573,3249.838266,3095.867272,3231.552,30534726741.33,374389708592.62
Ethereum,8/24/2021,8/25/2021,3326.254,3360.307864,3167.653296,3181.2344,29952223060.14,384316800650.62
Ethereum,8/23/2021,8/24/2021,3248.270528,3377.1301,3244.375824,3324.1944,29702255736.89,390338633014.40
Ethereum,8/22/2021,8/23/2021,3233.67976,3275.9605,3146.959,3248.846117,23759242236.43,378118404951.99
Ethereum,8/21/2021,8/22/2021,3289.507085,3312.1191,3223.059332,3240.0862,28040550435.68,383600585270.82
Ethereum,8/20/2021,8/21/2021,3186.5441,3302.546999,3185.7748,3286.68785,30429153699.56,380111602458.74
Ethereum,8/19/2021,8/20/2021,3029.5245,3183.079261,2976.617512,3179.7232,30035902570.67,357503002880.47
Ethereum,8/18/2021,8/19/2021,3021.522,3126.9545,2977.14,3040.6022,38846090958.22,357750149353.61
Ethereum,8/17/2021,8/18/2021,3160.3397,3291.249223,3017.2454,3017.2454,35642646234.41,371543808136.05
Ethereum,8/16/2021,8/17/2021,3314.0409,3335.0811,3151.020704,3158.2022,35668256582.47,381418226920.11
Ethereum,8/15/2021,8/16/2021,3272.7754,3321.1426,3126.5284,3312.1702,29447591395.56,376691353048.32
Ethereum,8/14/2021,8/15/2021,3328.817409,3330.62251,3224.592868,3273.1094,33226024256.00,383900149701.82
Ethereum,8/13/2021,8/14/2021,3049.5017,3330.019993,3045.5628,3330.019993,38197176696.89,375387487676.87
Ethereum,8/12/2021,8/13/2021,3172.4227,3241.698541,2999.4412,3053.8291,38645201884.44,364682460572.41
Ethereum,8/11/2021,8/12/2021,3148.359506,3270.0135,3137.222764,3172.898,43014164913.78,376421434904.57
Ethereum,8/10/2021,8/11/2021,3171.017142,3221.474646,3069.5082,3147.225787,47538539804.44,367515039408.17
Ethereum,8/9/2021,8/10/2021,3020.302816,3187.018896,2909.1846,3164.762982,49748753436.44,358023399038.33
Ethereum,8/8/2021,8/9/2021,3167.28,3186.742437,2961.769635,3016.880691,51550912256.00,361612386434.30
Ethereum,8/7/2021,8/8/2021,2895.233101,3172.84075,2882.212411,3172.84075,46200937880.17,354822797734.16
Ethereum,8/6/2021,8/7/2021,2833.986697,2948.46,2739.995957,2896.390014,53153706140.44,330295765443.91
Ethereum,8/5/2021,8/6/2021,2728.52268,2841.547299,2558.078566,2833.452413,52632716487.11,318971851904.54
Ethereum,8/4/2021,8/5/2021,2509.32,2765.357852,2469.1,2731.143015,39522265713.78,302703463833.43
Ethereum,8/3/2021,8/4/2021,2614.468964,2630.240374,2463.84,2520.81,42120189838.22,293836950222.52
Ethereum,8/2/2021,8/3/2021,2566.159574,2665.24,2529.298118,2614.357384,44237357496.89,304142285547.88
Ethereum,8/1/2021,8/2/2021,2537.632791,2694.04,2525.051079,2572.834714,35564211989.33,303852637948.94
Ethereum,7/31/2021,8/1/2021,2474.15,2548.638741,2431.09,2543.373796,33746910933.33,288383655593.12
Ethereum,7/30/2021,7/31/2021,2381.44,2463.85,2325.483258,2463.85,33147690744.89,278806879367.67
Ethereum,7/29/2021,7/30/2021,2303.04,2394.3,2276.835854,2379.9,29086706993.78,270031121696.20
Ethereum,7/28/2021,7/29/2021,2300.95,2337.22,2259.677602,2301.05,38761611384.89,268847011147.69
Ethereum,7/27/2021,7/28/2021,2234.19,2321.38,2160.59,2292.95,46156114709.33,261535310117.23
Ethereum,7/26/2021,7/27/2021,2193.54,2424.255328,2182.43,2235.15,42334135941.80,271524658923.07
Ethereum,7/25/2021,7/26/2021,2189.507069,2195.75,2114.849063,2193.32,27764064762.65,252381159367.21
Ethereum,7/24/2021,7/25/2021,2128.271095,2198.34,2112.95,2187.59,30717181034.67,251222801825.27
Ethereum,7/23/2021,7/24/2021,2026.59,2129.661768,2005.03,2129.661768,31527067121.78,240161660026.26
Ethereum,7/22/2021,7/23/2021,1995.33,2036.104087,1959.1,2028.47,38578752668.44,233852320247.23
Ethereum,7/21/2021,7/22/2021,1790.52,2013.837876,1764.39,1994.5,33026273258.59,221829928031.95
Ethereum,7/20/2021,7/21/2021,1821.23,1835.5,1728.21,1786.71,28687798940.44,206982275841.42
Ethereum,7/19/2021,7/20/2021,1898.18,1918.14,1812.16,1824.42,24047289351.11,216972319118.69
Ethereum,7/18/2021,7/19/2021,1904.33,1990.07,1887.5,1901.58,25804942983.11,226630183960.35
Ethereum,7/17/2021,7/18/2021,1880.08,1917.16,1858.2,1901.01,26145684529.78,220317830876.53
Ethereum,7/16/2021,7/17/2021,1913.53,1959.47,1857.95323,1879.51,28135131768.89,223094806334.61
Ethereum,7/15/2021,7/16/2021,1997.924472,2038.89,1890.39,1908.883617,29515926684.44,226994302575.36
Ethereum,7/14/2021,7/15/2021,1944.208938,2015.868894,1875.02,1993.812198,30744751815.11,227932358151.25
Ethereum,7/13/2021,7/14/2021,2055.188057,2060.25,1926.95,1937.908052,30844963185.78,234082107843.05
Ethereum,7/12/2021,7/13/2021,2147.775882,2171.64,2036.288644,2055.429645,29241104234.67,246443484204.79
Ethereum,7/11/2021,7/12/2021,2124.601732,2174.98,2097.81,2149.604075,29896356746.26,248855445042.61
Ethereum,7/10/2021,7/11/2021,2153.280803,2192.45511,2097.3,2124.926514,37241989148.44,248182574578.87
Ethereum,7/9/2021,7/10/2021,2127.128068,2185.761437,2065.97,2157.344745,42035981361.78,248775719379.30
Ethereum,7/8/2021,7/9/2021,2319.278144,2322.764822,2100.59,2131.930867,41682520320.00,255589582405.46
Ethereum,7/7/2021,7/8/2021,2328.754646,2399.73,2304.708421,2317.44661,43124795171.56,275445802328.35
Ethereum,7/6/2021,7/7/2021,2200.304074,2349.66,2200.304074,2321.289686,41013952924.44,267876923930.51
Ethereum,7/5/2021,7/6/2021,2327.212601,2327.212601,2167.87,2218.608428,35384275342.22,262719015846.60
Ethereum,7/4/2021,7/5/2021,2230.287982,2385.32,2195.389149,2326.503541,28505858773.33,269052935565.30
Ethereum,7/3/2021,7/4/2021,2141.332908,2237.22,2123.97,2232.173296,28746181073.45,255834595862.43
Ethereum,7/2/2021,7/3/2021,2115.94,2154.353694,2026.48693,2141.648345,39089640334.22,242357369515.19
Ethereum,7/1/2021,7/2/2021,2276.911315,2276.911315,2086.5,2122.9,41271193271.75,250767575201.58
Ethereum,6/30/2021,7/1/2021,2165.320994,2284.325209,2101.19,2278.554228,35796252729.09,252450163074.30
Ethereum,6/29/2021,6/30/2021,2085.95,2241.77,2085.95,2167.134094,39270642702.22,253245632543.62
Ethereum,6/28/2021,6/29/2021,1978.8,2140.514244,1966.66,2085.09,35536020321.35,237573586576.02
Ethereum,6/27/2021,6/28/2021,1831.96,1973.73,1814.273776,1973.73,30500859218.93,216183482943.74
Ethereum,6/26/2021,6/27/2021,1821.330291,1850.817183,1725.224944,1815.11,33875120911.71,208387694253.61
Ethereum,6/25/2021,6/26/2021,1991.998072,2020.771025,1803.14,1823.513744,31200907836.87,221435966519.23
Ethereum,6/24/2021,6/25/2021,1971.05,2034.047031,1893.122535,1989.072368,32379233621.33,228445324480.28
Ethereum,6/23/2021,6/24/2021,1876.98,2042.094093,1834.91,1972.07,48773871073.24,231092260567.86
Ethereum,6/22/2021,6/23/2021,1895.12,1992.29,1726.73,1872,51600065696.56,221151713309.64
Ethereum,6/21/2021,6/22/2021,2248.258928,2253.31799,1878.22,1895.47,42688597775.49,235596608028.78
Ethereum,6/20/2021,6/21/2021,2178.25,2275.24,2053.351255,2245.531802,29647835484.44,252657944988.51
Ethereum,6/19/2021,6/20/2021,2231.11,2269.63,2172.12,2181.05,33007749127.11,259285180760.06
Ethereum,6/18/2021,6/19/2021,2373.3,2377.3,2151.616738,2227.47,31839007651.56,265727093238.53
Ethereum,6/17/2021,6/18/2021,2370.285532,2457.807199,2317.397075,2377.83,35905639734.41,279005471204.26
Ethereum,6/16/2021,6/17/2021,2549.03,2551.482577,2360.79339,2366.096058,36061754150.36,287552863279.19
Ethereum,6/15/2021,6/16/2021,2584.61,2637.17,2518.46,2552.59,41452076693.33,300154117278.60
Ethereum,6/14/2021,6/15/2021,2512.8,2598.76,2473.889424,2583.08,41433968512.00,293520706586.23
Ethereum,6/13/2021,6/14/2021,2375.39,2548.58,2317.910109,2508.03,36890377002.67,278292125320.76
Ethereum,6/12/2021,6/13/2021,2355.85,2444.41,2268.32,2378.03,41453918257.78,275038813281.73
Ethereum,6/11/2021,6/12/2021,2473.3,2490.04,2334.39,2353.48,40483088448.00,283031887226.37
Ethereum,6/10/2021,6/11/2021,2613.278032,2619.459633,2438.89,2483.09,50281390622.33,294183379954.03
Ethereum,6/9/2021,6/10/2021,2518.918934,2620.639033,2419.93,2613.355406,60566912853.33,293858733117.65
Ethereum,6/8/2021,6/9/2021,2592.03,2620.591691,2334.78,2514.757227,60987077209.51,290409137351.44
Ethereum,6/7/2021,6/8/2021,2717.42,2842.471157,2592.081962,2592.081962,42937529080.89,320038750237.60
Ethereum,6/6/2021,6/7/2021,2634.93,2742.752215,2619.61,2715.42,46832836456.86,313163988674.68
Ethereum,6/5/2021,6/6/2021,2690.36,2816.859301,2564.84,2621.39,50568307598.22,312764999759.08
Ethereum,6/4/2021,6/5/2021,2854.91,2854.91,2571.02,2693.41,56377336561.78,311942054067.97
Ethereum,6/3/2021,6/4/2021,2711.79,2890.51,2675.66,2859.22,51316261091.56,325412209113.57
Ethereum,6/2/2021,6/3/2021,2637.83,2798.562803,2569.17,2717.69,45146552334.22,313209552298.97
Ethereum,6/1/2021,6/2/2021,2713.486753,2736.253997,2538.901943,2633.37,49942346991.05,303715671803.14
Ethereum,5/31/2021,6/1/2021,2390.85,2716.034241,2292.45,2716.034241,45078368241.73,290733955874.91
Ethereum,5/30/2021,5/31/2021,2283.59,2466.096898,2198.49,2392.561932,51062077955.58,276697762271.25
Ethereum,5/29/2021,5/30/2021,2424.27,2566.781452,2221.41,2282.84,55547577514.67,278935543053.01
Ethereum,5/28/2021,5/29/2021,2745.143028,2762.336675,2351.44,2429.01,50687604614.69,296923457650.65
Ethereum,5/27/2021,5/28/2021,2887.945437,2887.945437,2658.44,2750.555668,61653272846.22,321610911805.79
Ethereum,5/26/2021,5/27/2021,2703.975506,2904.333937,2666.44,2876.203832,69161700977.78,324333387797.33
Ethereum,5/25/2021,5/26/2021,2641.715104,2743.881519,2407.753852,2691.377005,77043354339.56,300302010663.23
Ethereum,5/24/2021,5/25/2021,2111.674945,2656.87,2097.026245,2634.61118,83352504620.76,273310483519.05
Ethereum,5/23/2021,5/24/2021,2295.7,2376.06,1752.629142,2113.044803,61748691441.78,243779935469.31
Ethereum,5/22/2021,5/23/2021,2426.588102,2479.21922,2188.239012,2301.8,81332266112.00,272295526675.78
Ethereum,5/21/2021,5/22/2021,2767.53,2922.635175,2135.25,2411.06987,81705366912.00,303952189983.53
Ethereum,5/20/2021,5/21/2021,2462.55048,2976.61,2198.57898,2757.937232,137107676795.77,311843503874.16
Ethereum,5/19/2021,5/20/2021,3383.306512,3436.304879,2044.925027,2484.922822,102230713084.21,327577715692.50
Ethereum,5/18/2021,5/19/2021,3285.013597,3559.820749,3273.765405,3393.210256,77818604570.97,397209656184.85
Ethereum,5/17/2021,5/18/2021,3585.9,3585.9,3155.524965,3288.114859,90005707448.41,392952960333.57
Ethereum,5/16/2021,5/17/2021,3648.26,3882.649555,3373.796812,3577.7,65897724755.66,429011635844.89
Ethereum,5/15/2021,5/16/2021,4084.213641,4124.559329,3659.42,3660.04,66435941958.61,452218163655.39
Ethereum,5/14/2021,5/15/2021,3722.706901,4167.109627,3722.706901,4087.82,90462378452.43,459965539569.73
Ethereum,5/13/2021,5/14/2021,3839.187517,4039.432142,3568.057477,3731.18121,128139930381.38,443004721774.16
Ethereum,5/12/2021,5/13/2021,4174.648683,4362.90586,3932.003491,3932.003491,82734304295.58,488276338564.32
Ethereum,5/11/2021,5/12/2021,3953.053406,4172.78336,3803.283564,4172.78336,103099874135.13,462300950683.59
Ethereum,5/10/2021,5/11/2021,3937.181807,4203.965081,3842.948461,3954.376899,80777018463.82,470717613815.97
Ethereum,5/9/2021,5/10/2021,3905.350769,3984.889386,3752.065302,3925.563387,77380429957.76,451228146063.33
Ethereum,5/8/2021,5/9/2021,3486.9,3947.699351,3463.61,3908.02769,60277015038.49,422677563164.39
Ethereum,5/7/2021,5/8/2021,3491.39,3582.948973,3380.066129,3488.96,66618974093.66,402672260790.43
Ethereum,5/6/2021,5/7/2021,3522.92,3609.980624,3396.382515,3502.82,72288736164.40,403872434796.81
Ethereum,5/5/2021,5/6/2021,3243.403118,3535.38,3242.727692,3527.6,91189517896.50,389933274353.11
Ethereum,5/4/2021,5/5/2021,3435.782899,3512.142264,3222.786708,3242.717709,98694381701.46,388265146300.86
Ethereum,5/3/2021,5/4/2021,2954.75,3451.59295,2954.75,3440.551612,58401789517.58,366479272303.10
Ethereum,5/2/2021,5/3/2021,2950.90155,2985.21,2867.21696,2957.5,46938879043.15,339357210656.47
Ethereum,5/1/2021,5/2/2021,2775.427316,2955.577532,2759.829975,2953.032414,46664803194.01,332362717792.88
Ethereum,4/30/2021,5/1/2021,2763.1,2796.935393,2733.43,2773.6023,50888363092.24,319677946836.42
Ethereum,4/29/2021,4/30/2021,2748.581501,2798.517829,2680.68,2765.425747,56240079646.25,317259972779.61
Ethereum,4/28/2021,4/29/2021,2665.40296,2757.930778,2571.332391,2750.461037,53970914198.69,310030287360.76
Ethereum,4/27/2021,4/28/2021,2536.221398,2668.57,2491.47,2647.247267,50763629760.86,298237584422.77
Ethereum,4/26/2021,4/27/2021,2321.598588,2532.483306,2312.808036,2532.483306,61536391085.81,286084390327.52
Ethereum,4/25/2021,4/26/2021,2383.178045,2383.178045,2176.30125,2308.101085,51522511166.62,262296699622.52
Ethereum,4/24/2021,4/25/2021,2367.007759,2375.479262,2179.839979,2358.089308,80373889421.76,262071815997.56
Ethereum,4/23/2021,4/24/2021,2406.273482,2438.920886,2127.7,2364.282567,131320333808.74,263869063588.63
Ethereum,4/22/2021,4/23/2021,2368.34,2642.179488,2336.014458,2415.177091,93568879279.80,287510013581.75
Ethereum,4/21/2021,4/22/2021,2336.13,2463.63,2242.336615,2368.14,72134642389.69,271651546449.69
Ethereum,4/20/2021,4/21/2021,2169.003311,2350.08,2071.171501,2330.63,69787407007.46,253664319031.18
Ethereum,4/19/2021,4/20/2021,2239.651335,2280.751478,2098.890046,2167.436456,70423975604.98,256222165284.60
Ethereum,4/18/2021,4/19/2021,2327.21,2340.75,2029.679341,2231.021922,87591818115.94,252472966924.59
Ethereum,4/17/2021,4/18/2021,2430.726646,2494.815175,2324.63,2331.75,62116093784.28,280102877125.39
Ethereum,4/16/2021,4/17/2021,2519.38,2539.72,2346.379205,2432.94433,68393132409.24,281526481050.78
Ethereum,4/15/2021,4/16/2021,2435.197378,2543.25,2410.359314,2518.66,67143967546.96,284483168532.23
Ethereum,4/14/2021,4/15/2021,2303.88,2447.519364,2288.212165,2422.634114,62784990994.90,272607949336.02
Ethereum,4/13/2021,4/14/2021,2143.32,2315.34,2142.45,2304.28,46341439163.71,257247515645.27
Ethereum,4/12/2021,4/13/2021,2155.808879,2197.749408,2113.227674,2146.72,38091609782.08,248333003325.06
Ethereum,4/11/2021,4/12/2021,2138.080325,2165.408946,2121.967616,2153.530662,38987180885.35,247581647199.36
Ethereum,4/10/2021,4/11/2021,2072.89,2195.69,2065.807306,2142.175399,42423990355.71,247490848704.01
Ethereum,4/9/2021,4/10/2021,2084.36,2103.96,2060.51,2074.94,34631471594.12,240111592961.12
Ethereum,4/8/2021,4/9/2021,1979.183625,2086.56,1971.121526,2083.36,49430987096.61,234821099855.37
Ethereum,4/7/2021,4/8/2021,2119.238111,2127.933895,1956.410445,1985.808114,44849034140.45,235476551555.47
Ethereum,4/6/2021,4/7/2021,2113.793195,2150.908303,2062.799478,2122.406133,44254943019.28,244681132244.72
Ethereum,4/5/2021,4/6/2021,2080.873381,2128.97,2017.314536,2108.653789,37656941013.02,239343006878.04
Ethereum,4/4/2021,4/5/2021,2019.717756,2092.333645,1999.997445,2082.75,44968079087.35,236886825275.96
Ethereum,4/3/2021,4/4/2021,2136.571388,2137.194336,2022.747978,2022.747978,47145055916.33,241303585817.39
Ethereum,4/2/2021,4/3/2021,1970.627728,2141.796556,1953.439526,2133.90001,45813296618.79,233740680780.19
Ethereum,4/1/2021,4/2/2021,1919.030585,1982.06,1908.861249,1971.372782,44889449904.99,223705833984.09
Ethereum,3/31/2021,4/1/2021,1843.244348,1944.575038,1793.19,1915.294767,33375887879.38,213379958569.98
Ethereum,3/30/2021,3/31/2021,1818.243962,1858.788283,1791.669671,1843.018903,32649726728.29,210678905491.46
Ethereum,3/29/2021,3/30/2021,1687.249032,1835.34,1680.57,1821.258443,26220359471.66,202573786632.08
Ethereum,3/28/2021,3/29/2021,1714.009006,1724.97,1668.39,1689.59,23353438462.73,196143288741.27
Ethereum,3/27/2021,3/28/2021,1700.06337,1731.570704,1671.116848,1717.067682,26404756086.34,195746419493.01
Ethereum,3/26/2021,3/27/2021,1588.606123,1700.770609,1588.606123,1700.770609,32814613566.25,188997678463.82
Ethereum,3/25/2021,3/26/2021,1585.767306,1621.683185,1554.974117,1588.85293,51539371565.99,183564012099.30
Ethereum,3/24/2021,3/25/2021,1672.882507,1736.28,1565.368785,1588.349569,30382285901.98,193741386170.47
Ethereum,3/23/2021,3/24/2021,1685.152479,1721.22,1657.267539,1676.195722,34476629424.40,195025429853.89
Ethereum,3/22/2021,3/23/2021,1786.159321,1803.84,1663.573274,1685.692431,27839283763.51,203531217756.56
Ethereum,3/21/2021,3/22/2021,1806.24,1816.64,1756.69,1785.710084,33122376468.38,205800009150.29
Ethereum,3/20/2021,3/21/2021,1813.041781,1868.5,1809.149649,1811.77,28905329290.24,211453681064.13
Ethereum,3/19/2021,3/20/2021,1777.075394,1839.95,1740.298108,1809.971829,45068684294.68,207805010835.78
Ethereum,3/18/2021,3/19/2021,1825.821768,1848.06678,1764.037943,1777.959901,50989302242.07,208374132512.42
Ethereum,3/17/2021,3/18/2021,1806.002221,1836.684375,1749.349288,1819.454703,31674453805.31,205629870434.60
Ethereum,3/16/2021,3/17/2021,1792.339957,1817.643372,1719.055047,1797.156958,39430216685.71,205056109873.13
Ethereum,3/15/2021,3/16/2021,1854.713706,1890.218498,1751.46885,1789.715533,40030011278.31,208248944705.81
Ethereum,3/14/2021,3/15/2021,1923.580506,1931.390587,1844.114079,1865.143313,42846097820.83,216869171841.33
Ethereum,3/13/2021,3/14/2021,1769.016821,1939.090847,1734.17455,1925.332967,46288353881.75,211670851306.76
Ethereum,3/12/2021,3/13/2021,1826.493118,1841.045175,1730.017045,1768.988477,45495982299.10,205007602060.17
Ethereum,3/11/2021,3/12/2021,1797.769485,1843.751869,1734.714276,1824.804385,48700475346.36,206181404429.65
Ethereum,3/10/2021,3/11/2021,1869.621122,1874.680051,1763.088558,1801.122723,47168717435.66,209727438014.35
Ethereum,3/9/2021,3/10/2021,1832.407908,1865.817802,1807.43565,1865.817802,53363960469.00,210610682302.56
Ethereum,3/8/2021,3/9/2021,1725.498816,1833.54446,1673.954919,1833.236059,47681903949.84,199561468724.16
Ethereum,3/7/2021,3/8/2021,1651.973829,1729.839444,1637.636948,1729.839444,46505016366.48,191491669989.89
Ethereum,3/6/2021,3/7/2021,1533.624305,1667.152346,1517.647905,1657.837505,44369988462.77,181243517504.88
Ethereum,3/5/2021,3/6/2021,1540.987086,1547.512082,1453.298541,1533.479449,49050114937.42,171910360871.41
Ethereum,3/4/2021,3/5/2021,1575.147055,1624.150963,1516.005584,1540.806485,46922872406.61,179527360797.28
Ethereum,3/3/2021,3/4/2021,1490.892997,1651.539154,1483.069383,1580.236854,45575401259.49,181555018378.78
Ethereum,3/2/2021,3/3/2021,1570.315949,1600.848439,1460.199274,1490.240623,44690190941.05,177049712326.79
Ethereum,3/1/2021,3/2/2021,1419.50945,1568.604468,1417.707266,1568.604468,50350338859.41,171830471143.47
Ethereum,2/28/2021,3/1/2021,1460.696985,1468.470739,1304.694594,1415.204588,44125895718.10,158732816100.66
Ethereum,2/27/2021,2/28/2021,1443.160928,1526.506431,1434.969856,1465.575895,47595898108.70,170748731842.54
Ethereum,2/26/2021,2/27/2021,1489.154577,1560.220132,1419.681428,1440.986687,59540366533.25,170683524312.78
Ethereum,2/25/2021,2/26/2021,1629.681024,1668.136381,1489.263838,1496.222285,53748315677.10,185285097502.76
Ethereum,2/24/2021,2/25/2021,1576.051781,1713.757485,1515.28048,1624.800425,82119677003.41,187974839627.65
Ethereum,2/23/2021,2/24/2021,1776.284613,1777.488304,1409.685341,1560.590131,93043539824.41,180792765234.78
Ethereum,2/22/2021,2/23/2021,1928.239735,1928.239735,1591.115788,1777.266855,63114500948.37,207693548133.55
Ethereum,2/21/2021,2/22/2021,1913.794017,1966.347079,1892.402848,1928.444381,61283948088.29,222415931641.79
Ethereum,2/20/2021,2/21/2021,1948.059237,2024.822618,1853.611542,1915.886606,58705087546.90,227347183336.10
Ethereum,2/19/2021,2/20/2021,1926.540954,1959.259592,1886.000242,1950.338214,50698098934.26,220911151056.76
Ethereum,2/18/2021,2/19/2021,1845.136405,1937.155854,1845.136405,1924.322707,53999855956.58,218122365160.40
Ethereum,2/17/2021,2/18/2021,1780.904843,1850.611814,1740.604679,1841.841588,49391979613.00,206705846494.79
Ethereum,2/16/2021,2/17/2021,1781.515509,1824.742605,1732.203301,1783.388753,51392448545.32,204516328788.03
Ethereum,2/15/2021,2/16/2021,1803.17519,1832.028208,1692.343858,1778.190188,53889692951.66,204129961688.07
Ethereum,2/14/2021,2/15/2021,1812.441953,1846.790159,1790.009773,1804.822143,47153885175.02,208859532549.63
Ethereum,2/13/2021,2/14/2021,1839.296663,1865.725077,1773.587536,1810.679595,55058152711.43,208675349893.81
Ethereum,2/12/2021,2/13/2021,1786.450941,1857.992871,1747.625572,1840.848917,52066984581.38,205640343115.45
Ethereum,2/11/2021,2/12/2021,1742.351661,1808.740447,1713.388102,1779.925305,54693213689.39,202077386093.16
Ethereum,2/10/2021,2/11/2021,1769.266944,1825.557258,1689.299182,1742.19388,62851334886.27,202302962843.29
Ethereum,2/9/2021,2/10/2021,1754.043716,1807.041935,1714.450003,1767.664449,70192533802.42,200692708968.18
Ethereum,2/8/2021,2/9/2021,1615.010367,1769.672984,1571.898909,1747.959634,61836707429.35,190887316030.97
Ethereum,2/7/2021,2/8/2021,1678.68238,1690.569364,1500.10955,1613.342018,54472202357.21,184283957472.41
Ethereum,2/6/2021,2/7/2021,1722.120197,1740.314805,1653.012383,1675.289348,62409578101.26,193803156410.74
Ethereum,2/5/2021,2/6/2021,1596.839657,1758.480608,1596.839657,1715.445469,64957851199.80,191558387721.77
Ethereum,2/4/2021,2/5/2021,1664.337903,1692.529021,1564.966966,1593.079725,69234192110.52,188340036905.12
Ethereum,2/3/2021,2/4/2021,1514.304823,1662.07452,1513.794089,1662.07452,72681831089.72,180131952917.71
Ethereum,2/2/2021,2/3/2021,1371.951573,1546.106455,1366.850387,1516.837913,56250945162.94,164906432245.89
Ethereum,2/1/2021,2/2/2021,1313.638975,1373.843459,1277.668886,1373.843459,42264270582.11,151547773703.22
Ethereum,1/31/2021,2/1/2021,1375.221179,1377.73449,1289.264632,1315.587631,37349232211.38,153177365281.81
Ethereum,1/30/2021,1/31/2021,1381.158689,1400.192611,1331.080318,1379.867068,61266389536.71,155705536956.90
Ethereum,1/29/2021,1/30/2021,1334.917809,1429.036567,1295.991936,1387.439978,66558092995.15,155903909257.22
Ethereum,1/28/2021,1/29/2021,1252.531547,1357.175689,1224.034932,1331.961425,60091691953.17,149948979647.65
Ethereum,1/27/2021,1/28/2021,1362.995783,1366.099612,1215.430042,1250.249615,61210536935.21,146738943477.96
Ethereum,1/26/2021,1/27/2021,1322.313128,1371.622974,1251.734446,1356.036023,64819621702.52,151704261005.39
Ethereum,1/25/2021,1/26/2021,1392.181697,1463.065645,1311.942581,1322.609996,65227836093.71,160632114841.94
Ethereum,1/24/2021,1/25/2021,1234.232438,1397.406839,1228.046951,1397.406839,45300423691.66,150906609117.61
Ethereum,1/23/2021,1/24/2021,1236.376384,1271.518277,1203.253255,1231.985489,46981137924.26,142160104863.42
Ethereum,1/22/2021,1/23/2021,1120.961436,1272.354831,1047.741913,1237.203403,78630119586.20,136581632502.34
Ethereum,1/21/2021,1/22/2021,1377.877321,1378.407099,1098.657773,1128.559276,70734494737.57,143333717589.00
Ethereum,1/20/2021,1/21/2021,1375.560773,1403.27894,1243.607284,1385.325719,76141583200.16,152605052292.25
Ethereum,1/19/2021,1/20/2021,1259.336209,1427.175262,1255.551822,1386.980812,60479280675.50,156467075270.20
Ethereum,1/18/2021,1/19/2021,1234.467843,1260.238661,1187.844748,1260.238661,43122868894.01,140298020785.51
Ethereum,1/17/2021,1/18/2021,1229.650906,1268.291605,1174.887617,1234.467925,51283343265.14,140011451226.67
Ethereum,1/16/2021,1/17/2021,1171.890015,1285.778493,1155.918232,1235.766738,55657526833.38,138951671848.08
Ethereum,1/15/2021,1/16/2021,1220.514139,1251.778369,1088.658363,1166.958015,54737261213.84,136634407070.00
Ethereum,1/14/2021,1/15/2021,1132.29514,1244.069801,1094.99782,1220.241033,45944451364.51,133757391116.16
Ethereum,1/13/2021,1/14/2021,1049.927062,1134.814214,993.5909972,1130.065834,52027694718.79,122028960436.78
Ethereum,1/12/2021,1/13/2021,1091.806095,1147.680907,1020.566617,1044.332167,79469006351.35,124096575846.88
Ethereum,1/11/2021,1/12/2021,1261.123629,1261.123629,926.6062208,1091.40173,82360308517.98,122548355276.08
Ethereum,1/10/2021,1/11/2021,1281.157189,1347.314269,1186.689738,1263.993464,57825073378.14,148884402277.59
Ethereum,1/9/2021,1/10/2021,1218.928227,1302.811666,1178.471553,1284.753113,56769902511.30,139875193474.26
Ethereum,1/8/2021,1/9/2021,1226.194419,1271.782203,1084.56772,1219.754176,74834975973.39,137209481945.75
Ethereum,1/7/2021,1/8/2021,1210.802895,1285.913678,1165.888175,1226.270761,69636874878.30,139281646039.65
Ethereum,1/6/2021,1/7/2021,1100.7636,1208.067837,1063.59639,1207.112289,66136904550.04,129833780388.10
Ethereum,1/5/2021,1/6/2021,1043.053,1126.86334,988.1660141,1102.305802,87973351491.36,120627872433.07
Ethereum,1/4/2021,1/5/2021,976.8018067,1152.226308,916.7550327,1040.789197,99914889203.76,115565400020.69
Ethereum,1/3/2021,1/4/2021,771.2192592,1008.359353,771.1352998,982.0824628,42437519218.11,97932978277.89
Ethereum,1/2/2021,1/3/2021,731.4353876,786.2919871,718.0630891,771.8063807,22035309315.24,85527530455.51
Ethereum,1/1/2021,1/2/2021,743.1346597,754.2976121,722.4194573,730.8685342,23706827592.35,84369986354.01
Ethereum,12/31/2020,1/1/2021,753.3041569,756.931006,730.7619524,744.0374393,32085916100.31,84951925020.58
Ethereum,12/30/2020,12/31/2020,731.3179892,754.8032579,720.620071,753.7521039,27809473840.69,83882375417.26
Ethereum,12/29/2020,12/30/2020,729.785169,737.5895564,692.8404941,732.9438323,33560625431.58,82058302031.15
Ethereum,12/28/2020,12/29/2020,682.1297405,746.7119749,682.1297405,731.9853744,43965957947.59,82572772373.99
Ethereum,12/27/2020,12/28/2020,635.6360734,707.7271198,629.9723522,683.8815088,29408105948.80,75386130382.97
Ethereum,12/26/2020,12/27/2020,625.5565826,649.7582555,616.0663159,635.630449,19986054740.75,71874072129.43
Ethereum,12/25/2020,12/26/2020,611.3821136,631.60813,605.4029199,625.3991196,19584229908.45,70257009800.94
Ethereum,12/24/2020,12/25/2020,585.2504353,613.2304467,570.198415,612.1069739,25875008468.28,66920036302.48
Ethereum,12/23/2020,12/24/2020,637.20516,637.5997447,562.193357,587.2436861,22016623613.67,69727710853.99
Ethereum,12/22/2020,12/23/2020,609.1216889,635.2799925,591.0213218,635.2799925,21143128007.72,70012589619.63
Ethereum,12/21/2020,12/22/2020,638.545755,647.0129744,600.7412837,611.3959516,21788103341.29,71141544271.94
Ethereum,12/20/2020,12/21/2020,659.7176541,659.7176541,626.9368692,639.9365818,19625176203.12,73932221969.32
Ethereum,12/19/2020,12/20/2020,655.1271992,668.9610873,647.2814217,659.9573483,20605945919.77,74785644445.14
Ethereum,12/18/2020,12/19/2020,643.4445138,662.8900646,633.5635593,654.5293223,32211180193.39,73626723357.33
Ethereum,12/17/2020,12/18/2020,637.5671525,675.0865585,630.3269919,644.5322716,32464770188.76,74173427174.36
Ethereum,12/16/2020,12/17/2020,589.1562071,636.7717497,581.9088443,636.7717497,14853794060.06,68666279763.77
Ethereum,12/15/2020,12/16/2020,586.3125926,596.1816209,580.9781916,589.1747101,12501104462.71,66871715262.25
Ethereum,12/14/2020,12/15/2020,590.5132043,591.0632814,576.975374,585.8309267,13285092245.34,66560148570.68
Ethereum,12/13/2020,12/14/2020,568.0407428,594.4078657,564.4996743,590.3981597,12883086837.63,66128516592.94
Ethereum,12/12/2020,12/13/2020,544.7999382,573.0518541,544.7999382,568.0717246,13077358658.15,63603071003.47
Ethereum,12/11/2020,12/12/2020,558.8304765,558.8304765,536.789333,545.3851771,16090933180.58,62156477074.43
Ethereum,12/10/2020,12/11/2020,573.7484601,574.4876926,549.5014517,560.295982,16786263794.83,63991075370.57
Ethereum,12/9/2020,12/10/2020,556.8551218,577.4222059,532.874094,573.9958166,20405094324.36,63697896538.32
Ethereum,12/8/2020,12/9/2020,591.9325573,594.4239448,554.4998591,556.1577577,13094354178.45,65996956607.73
Ethereum,12/7/2020,12/8/2020,602.2136416,602.8584483,586.0944186,592.5922253,12541614833.20,67581252695.59
Ethereum,12/6/2020,12/7/2020,596.9389115,606.7855053,584.894524,601.6972684,13355002634.16,67785938031.35
Ethereum,12/5/2020,12/6/2020,568.8239749,596.0475967,563.4912121,595.5485062,18657983308.11,66795290397.97
Ethereum,12/4/2020,12/5/2020,616.5518244,618.8360525,569.7238308,571.9783332,18578754854.96,67897663570.45
Ethereum,12/3/2020,12/4/2020,598.5373143,621.2695324,588.6498325,616.9048532,18849754263.44,68867173618.92
Ethereum,12/2/2020,12/3/2020,586.9709642,602.8202066,578.5080537,598.3572535,29296849357.99,67424332064.17
Ethereum,12/1/2020,12/2/2020,616.1835339,634.7546773,573.5166774,589.8144674,27801311744.23,68561448547.40
Ethereum,11/30/2020,12/1/2020,575.4580491,615.5645111,573.102358,615.5645111,20300381107.94,67471025961.74
Ethereum,11/29/2020,11/30/2020,538.2870297,574.9307575,532.4796171,573.8023844,15787770057.23,62527302125.68
Ethereum,11/28/2020,11/29/2020,518.5477694,547.7080502,508.1837994,538.3213695,15138980070.97,59693807461.53
Ethereum,11/27/2020,11/28/2020,519.9015919,530.585004,496.6038242,516.5115898,25719042781.08,58430782421.46
Ethereum,11/26/2020,11/27/2020,570.4761367,575.9553175,486.3205547,518.2350995,31155087716.17,59254123142.94
Ethereum,11/25/2020,11/26/2020,604.6109423,605.8246831,557.8935567,572.3198091,25917481064.81,67239991438.07
Ethereum,11/24/2020,11/25/2020,608.9908346,621.7680919,593.0582913,603.4184074,34719065009.15,69054347751.60
Ethereum,11/23/2020,11/24/2020,560.3148361,609.0579223,552.4527618,608.3606194,33207042698.27,66663990291.55
Ethereum,11/22/2020,11/23/2020,550.7117866,578.7502594,515.2344761,561.9821232,27406674038.01,62200418544.08
Ethereum,11/21/2020,11/22/2020,510.4844896,551.38946,504.7396673,551.38946,21431198111.27,59431059105.29
Ethereum,11/20/2020,11/21/2020,471.6522892,513.7849071,471.6522892,509.8795611,17153498152.54,56536329647.21
Ethereum,11/19/2020,11/20/2020,478.8748491,480.4385162,466.2964181,471.6258889,18476367260.26,53863371587.75
Ethereum,11/18/2020,11/19/2020,482.4274556,494.8795282,465.9943651,479.7564287,20614086056.66,54283181255.89
Ethereum,11/17/2020,11/18/2020,461.0299944,484.369166,461.0299944,483.0252202,13666803243.40,53417731912.72
Ethereum,11/16/2020,11/17/2020,448.6987112,465.2015622,446.3775027,461.6021804,11740238768.40,51738393719.96
Ethereum,11/15/2020,11/16/2020,461.373748,463.1121815,441.3123654,449.0158391,11047060426.92,51673927487.24
Ethereum,11/14/2020,11/15/2020,476.5310362,476.5310362,453.9109225,462.4997491,13920288683.71,52613383585.15
Ethereum,11/13/2020,11/14/2020,462.7710889,477.1818678,458.4459358,476.4519769,14349713424.49,52975260765.45
Ethereum,11/12/2020,11/13/2020,463.7840906,468.9478819,453.2236811,462.3713098,15104558481.30,52222107493.44
Ethereum,11/11/2020,11/12/2020,451.0376451,474.9801978,450.3536358,464.0171975,15303700857.24,52556764777.57
Ethereum,11/10/2020,11/11/2020,444.3779218,454.4822024,439.6694024,450.3675942,14818758592.08,50816313089.31
Ethereum,11/9/2020,11/10/2020,454.7862661,458.7070679,435.6628461,445.2586159,14727778061.00,50908996547.00
Ethereum,11/8/2020,11/9/2020,435.8867454,459.7474877,433.9538583,455.1338985,18027015604.48,50522834361.10
Ethereum,11/7/2020,11/8/2020,455.8216504,467.7070825,428.3096141,436.0843601,20441258183.80,51355260975.47
Ethereum,11/6/2020,11/7/2020,416.6911826,457.5649524,415.5652449,455.7360053,21090683806.81,49677931359.51
Ethereum,11/5/2020,11/6/2020,402.4582939,420.1472841,397.5085743,416.2388245,15579144258.27,46143774628.63
Ethereum,11/4/2020,11/5/2020,387.9625975,407.6235571,378.3015012,401.7740607,11165254705.10,44091767235.33
Ethereum,11/3/2020,11/4/2020,383.331576,389.6348596,372.6817726,387.4128721,11099741489.16,43118282221.23
Ethereum,11/2/2020,11/3/2020,396.5724845,403.8185515,380.8656904,384.2017931,11422822896.43,44215670707.54
Ethereum,11/1/2020,11/2/2020,386.7083504,397.1731896,385.3259154,395.4853243,8576498192.59,44052559038.62
Ethereum,10/31/2020,11/1/2020,382.9356549,392.6266812,381.3798558,386.5634287,10543037027.51,43803552325.27
Ethereum,10/30/2020,10/31/2020,387.3707606,391.1635016,374.8869308,383.3572779,12127768326.42,43297473286.24
Ethereum,10/29/2020,10/30/2020,388.808811,393.1644611,381.3550662,386.7351179,11937811703.09,44038887973.63
Ethereum,10/28/2020,10/29/2020,403.6713625,408.4771207,381.4768466,389.0131445,12850058519.35,44606623506.48
Ethereum,10/27/2020,10/28/2020,393.3897661,409.6397441,390.6194627,403.8421844,12959368782.19,45230438397.32
Ethereum,10/26/2020,10/27/2020,406.1238407,411.7883647,384.7599258,393.7343834,13265450638.12,45411074338.42
Ethereum,10/25/2020,10/26/2020,412.6769312,417.1245786,405.2396866,406.2957598,9283611355.99,46332490577.23
Ethereum,10/24/2020,10/25/2020,409.7115158,416.3899707,407.4898315,412.7276604,10079249596.45,46656124531.66
Ethereum,10/23/2020,10/24/2020,414.3197496,418.8251389,403.7620684,409.4000432,13901313261.37,46684347444.38
Ethereum,10/22/2020,10/23/2020,391.6700091,420.2907288,391.6700091,413.5170742,16498182125.95,45975664275.73
Ethereum,10/21/2020,10/22/2020,368.9624223,400.9086161,368.5805519,391.922827,14535344579.19,43456508705.09
Ethereum,10/20/2020,10/21/2020,379.5685073,380.5483889,367.7845787,369.0008543,10191174721.79,42265122042.70
Ethereum,10/19/2020,10/20/2020,378.1157501,383.8823647,373.5813666,379.9778115,8241124031.63,42711983662.76
Ethereum,10/18/2020,10/19/2020,368.4673012,378.2210601,367.9802089,377.9531891,6931830365.42,42196882960.77
Ethereum,10/17/2020,10/18/2020,365.81856,369.5955435,364.2557446,368.8817926,8584714398.93,41549095303.31
Ethereum,10/16/2020,10/17/2020,377.6377781,379.7566199,363.2951836,365.91071,11967627185.51,41792476292.89
Ethereum,10/15/2020,10/16/2020,379.0829882,380.361849,371.4241291,377.3466437,11174692621.19,42595675430.65
Ethereum,10/14/2020,10/15/2020,381.3699724,386.7546578,374.1344792,379.6421773,11511322207.72,42975263463.28
Ethereum,10/13/2020,10/14/2020,387.0154151,387.3042429,376.2629184,381.3011055,15351943869.01,43212049710.94
Ethereum,10/12/2020,10/13/2020,374.4844916,394.6500779,366.8150466,387.7379872,11027452762.15,42830237861.44
Ethereum,10/11/2020,10/12/2020,370.944728,376.9976678,369.5803407,374.8947875,9827859503.10,42163564866.86
Ethereum,10/10/2020,10/11/2020,365.3779991,378.0056235,365.3779991,370.8163998,12467964683.46,42189659370.20
Ethereum,10/9/2020,10/10/2020,351.2943412,368.2934873,348.2428724,365.9897107,10996941195.68,40324893145.09
Ethereum,10/8/2020,10/9/2020,341.9675602,352.6174971,335.5453609,350.939677,9820746332.51,38816785742.85
Ethereum,10/7/2020,10/8/2020,340.9892205,342.4216149,334.807049,341.5076102,11889771755.56,38366213556.07
Ethereum,10/6/2020,10/7/2020,353.7299311,354.7021098,337.6285056,340.661696,9434934522.36,39344170733.63
Ethereum,10/5/2020,10/6/2020,352.5526679,354.9892409,349.5278118,353.8545532,8863022283.02,39778145130.66
Ethereum,10/4/2020,10/5/2020,346.3607994,353.8935546,344.7965224,352.2149241,7696532627.99,39342098538.08
Ethereum,10/3/2020,10/4/2020,345.9401637,350.9114538,344.3792936,346.3090493,10864336123.75,39200137939.91
Ethereum,10/2/2020,10/3/2020,353.2128457,353.6876952,336.7173915,346.0468359,15708735701.09,38909141646.78
Ethereum,10/1/2020,10/2/2020,359.8203273,368.5946715,346.4058436,352.9241694,11757675812.72,40636249573.51
Ethereum,9/30/2020,10/1/2020,359.8373657,360.8145174,353.0832764,359.3805013,10750901718.03,40211921987.97
Ethereum,9/29/2020,9/30/2020,354.212956,360.1087168,351.8331778,359.5280615,13604204070.49,40129528865.10
Ethereum,9/28/2020,9/29/2020,357.5036342,365.9872773,354.12874,354.7536248,12240570630.41,40668342369.50
Ethereum,9/27/2020,9/28/2020,354.0987099,361.9423471,348.7492113,357.0768318,13274405428.62,40025975230.89
Ethereum,9/26/2020,9/27/2020,352.0477226,355.4867417,348.1581002,354.901986,14128977255.96,39727397152.06
Ethereum,9/25/2020,9/26/2020,349.0390972,357.1381414,338.4616149,351.6653381,16489367064.39,39120343263.04
Ethereum,9/24/2020,9/25/2020,320.1237237,350.9608963,318.5764155,349.0106763,17593858755.43,37758939953.40
Ethereum,9/23/2020,9/24/2020,344.275706,344.6407887,318.3105425,320.7655631,13914982251.10,37947415442.51
Ethereum,9/22/2020,9/23/2020,340.7649963,346.3680007,336.4895486,344.0723331,19631714707.97,38610568995.29
Ethereum,9/21/2020,9/22/2020,372.1714501,375.9119257,334.1175695,341.3871423,19397296349.04,40228744271.90
Ethereum,9/20/2020,9/21/2020,385.0819443,385.0819443,367.8800257,371.930762,15024813309.86,42457495312.91
Ethereum,9/19/2020,9/20/2020,383.8677592,386.3040214,377.9915961,384.7724596,17067636602.33,43150877663.83
Ethereum,9/18/2020,9/19/2020,388.9122823,390.9164604,377.0975656,382.3320588,23187725688.41,43287510591.79
Ethereum,9/17/2020,9/18/2020,366.7728004,392.9222708,365.8014148,388.2975068,23907331520.79,42972984781.46
Ethereum,9/16/2020,9/17/2020,365.8595023,373.6193588,358.0566065,366.7459343,20421971346.97,41206465060.70
Ethereum,9/15/2020,9/16/2020,376.8175827,380.9034076,364.1539288,364.1539288,20436343769.98,41914196734.46
Ethereum,9/14/2020,9/15/2020,366.0991875,382.5737849,357.1408495,376.469186,21340863191.52,41682754908.95
Ethereum,9/13/2020,9/14/2020,384.4471665,388.1581622,354.6443738,365.278917,18956358547.76,41970280565.37
Ethereum,9/12/2020,9/13/2020,372.6836974,384.2063335,365.8537898,384.2063335,17250620646.84,41907711053.15
Ethereum,9/11/2020,9/12/2020,367.1710663,373.1045338,357.3182746,372.2957828,21294709859.15,41152437967.72
Ethereum,9/10/2020,9/11/2020,351.790316,374.9220553,351.790316,366.5997324,22628775637.97,41213478402.22
Ethereum,9/9/2020,9/10/2020,339.3080568,358.5115004,333.6874592,351.9043145,21737601651.67,39029821339.55
Ethereum,9/8/2020,9/9/2020,354.0638176,355.0764714,330.0180451,338.9123437,24433336896.18,38638126869.28
Ethereum,9/7/2020,9/8/2020,354.6671331,359.6350465,327.5980677,352.2753987,29841577729.94,39004023776.65
Ethereum,9/6/2020,9/7/2020,338.2095758,360.4658774,317.2081778,355.34335,43155697539.32,38830870179.43
Ethereum,9/5/2020,9/6/2020,384.5849083,390.6223626,316.5792783,331.381125,29781436708.83,40649192206.85
Ethereum,9/4/2020,9/5/2020,380.7596087,399.0925182,369.2770224,385.8447488,31294251884.85,43458888090.03
Ethereum,9/3/2020,9/4/2020,436.2119174,444.7323652,375.6170277,383.0782922,30361676281.30,46920175569.04
Ethereum,9/2/2020,9/3/2020,475.9303878,477.5169657,420.90299,436.4795406,30274356437.22,50461826334.44
Ethereum,9/1/2020,9/2/2020,429.3188811,479.4918718,425.2121508,475.9327468,25596090611.99,51532928241.23
Ethereum,8/31/2020,9/1/2020,424.2879578,434.9305258,416.527703,429.8009327,18539887567.87,47836146347.53
Ethereum,8/30/2020,8/31/2020,398.3812007,423.7271352,398.3812007,423.1894647,14574425303.32,46007348759.68
Ethereum,8/29/2020,8/30/2020,394.0108249,404.3428643,391.7269855,399.0930903,12559044215.07,44705738516.31
Ethereum,8/28/2020,8/29/2020,383.0646976,395.8089779,380.6357624,393.9793309,15522931906.77,43849464999.48
Ethereum,8/27/2020,8/28/2020,385.809033,394.2225153,376.6006459,382.8413597,14933767456.31,43096839478.55
Ethereum,8/26/2020,8/27/2020,383.2666942,391.5499327,378.0718166,385.8704239,18065341230.89,43256831192.97
Ethereum,8/25/2020,8/26/2020,407.7240654,408.3283822,371.7692617,383.9161564,16506629922.54,43945355557.81
Ethereum,8/24/2020,8/25/2020,390.9344875,409.4206094,388.5663427,407.9832506,13579573557.56,44979716402.09
Ethereum,8/23/2020,8/24/2020,395.8941622,396.520791,384.6993628,391.4403594,12836541319.94,43884331269.96
Ethereum,8/22/2020,8/23/2020,387.986044,396.5525508,380.9262726,395.8746079,17851384658.10,43747655157.49
Ethereum,8/21/2020,8/22/2020,416.0688224,418.054211,386.2796881,387.5109745,15709687764.51,45599879080.12
Ethereum,8/20/2020,8/21/2020,406.7276793,418.1952736,403.3762408,416.4723039,18247659340.96,46163564211.84
Ethereum,8/19/2020,8/20/2020,422.7596904,426.2465658,396.0723763,406.0469719,18577230989.39,46185622619.72
Ethereum,8/18/2020,8/19/2020,429.9620408,433.2709181,418.0312964,423.1282132,18872381370.11,47995026120.98
Ethereum,8/17/2020,8/18/2020,433.3790852,441.6505802,421.5564757,430.7982843,16203065799.79,48321849380.03
Ethereum,8/16/2020,8/17/2020,432.5666785,435.2690706,414.4546327,433.5013226,15249440776.95,47999551650.75
Ethereum,8/15/2020,8/16/2020,437.7521282,442.4356876,428.9556376,432.8443798,19175457741.19,48895113723.53
Ethereum,8/14/2020,8/15/2020,424.1050975,443.374015,418.9467671,436.9238517,26567843615.53,48139329064.80
Ethereum,8/13/2020,8/14/2020,387.1532677,428.2308547,379.0301153,425.5160467,19037714675.13,44286596280.14
Ethereum,8/12/2020,8/13/2020,379.2388792,388.6673233,369.1558655,387.6098602,18936799773.85,42743500619.50
Ethereum,8/11/2020,8/12/2020,395.6169737,398.0385343,370.8445619,379.1132622,16027343383.07,43464783448.53
Ethereum,8/10/2020,8/11/2020,390.3970026,398.4336704,390.3290435,395.5182367,15748723556.50,44257636303.20
Ethereum,8/9/2020,8/10/2020,395.6276743,399.1245922,385.1216907,389.3953757,14523340272.35,43911342559.81
Ethereum,8/8/2020,8/9/2020,379.1817458,392.3599429,376.7835609,392.3599429,17856927606.74,43220263682.34
Ethereum,8/7/2020,8/8/2020,395.1083198,397.847749,367.7876813,379.4443062,16408768547.61,43578110185.06
Ethereum,8/6/2020,8/7/2020,400.7440397,402.4172772,392.5955566,394.9861534,18247300097.68,44449353714.31
Ethereum,8/5/2020,8/6/2020,389.6497533,404.8743467,385.717179,400.5766125,17651056126.11,44173389481.49
Ethereum,8/4/2020,8/5/2020,385.7917755,400.6611889,381.9532399,389.5160607,23516223052.89,43816992661.76
Ethereum,8/3/2020,8/4/2020,371.8916778,397.365511,369.0063894,386.6371818,25750777805.41,43368125346.24
Ethereum,8/2/2020,8/3/2020,386.7298858,413.2550294,356.7050433,370.4771463,33878467864.25,42423426174.52
Ethereum,8/1/2020,8/2/2020,346.2781493,391.2634672,343.8805798,386.6544851,19568367863.87,40487397050.34
Ethereum,7/31/2020,8/1/2020,334.4925915,348.5932673,329.1958026,346.0067062,17719726515.88,38057898521.64
Ethereum,7/30/2020,7/31/2020,316.6944639,339.1760216,313.9976168,334.3199445,13258573932.77,36010074369.25
Ethereum,7/29/2020,7/30/2020,315.8382003,323.5214089,312.3340661,316.3678645,15560635407.90,35746643054.45
Ethereum,7/28/2020,7/29/2020,321.1314146,325.0010759,306.9534766,315.6434989,21915536968.66,35480594844.84
Ethereum,7/27/2020,7/28/2020,309.7784595,328.6631124,309.7784595,320.763709,21951074701.58,36005433156.86
Ethereum,7/26/2020,7/27/2020,304.4359742,316.6484638,300.0883036,309.3796446,19926080284.21,34355262213.38
Ethereum,7/25/2020,7/26/2020,278.9667092,307.3072352,278.9667092,303.8784032,14332847880.98,32188468307.24
Ethereum,7/24/2020,7/25/2020,275.1710543,286.0330906,269.0094802,279.1138861,13852769271.59,30841252158.87
Ethereum,7/23/2020,7/24/2020,263.3269076,278.6567909,261.0017765,274.7101309,13303054454.40,29901461716.94
Ethereum,7/22/2020,7/23/2020,245.366021,264.7624544,242.2503669,262.9296897,7388905990.47,27444243924.87
Ethereum,7/21/2020,7/22/2020,236.164649,246.3017975,235.8332781,245.3878604,6690414255.42,27019923340.12
Ethereum,7/20/2020,7/21/2020,238.7461611,239.2588112,234.986683,236.2352685,5374214599.60,26606411478.55
Ethereum,7/19/2020,7/20/2020,235.6378578,239.1603293,233.6096888,238.9100171,4348865425.39,26271596776.13
Ethereum,7/18/2020,7/19/2020,232.7356838,236.4132974,232.5485861,235.6721442,4303371590.22,26205592875.57
Ethereum,7/17/2020,7/18/2020,233.6989344,234.2979699,232.037606,232.7986536,5206630776.51,26070671972.61
Ethereum,7/16/2020,7/17/2020,238.6295757,239.0828527,230.6873103,233.809781,5550009276.87,26197654559.07
Ethereum,7/15/2020,7/16/2020,240.3122927,241.0976271,237.1698684,238.8455923,4398236329.80,26735721114.39
Ethereum,7/14/2020,7/15/2020,239.7742437,241.8428584,237.5298979,240.3632791,5112761889.15,26766273352.57
Ethereum,7/13/2020,7/14/2020,242.5415496,244.6439105,238.3560416,240.0082873,5193115977.34,27054971351.77
Ethereum,7/12/2020,7/13/2020,239.1056536,242.8468021,237.3813176,241.7508595,4016136538.34,26768967560.47
Ethereum,7/11/2020,7/12/2020,240.8500026,241.3054426,238.0494276,239.015311,4087550050.75,26764214522.83
Ethereum,7/10/2020,7/11/2020,242.0335458,242.0335458,237.2301779,240.7695516,5297644650.10,26734803565.52
Ethereum,7/9/2020,7/10/2020,246.6093004,247.2134414,238.9845081,241.9954121,6581563334.72,27217782950.43
Ethereum,7/8/2020,7/9/2020,239.1750286,248.0396783,238.0101844,246.4938534,6300945588.98,27149995555.19
Ethereum,7/7/2020,7/8/2020,241.2846652,242.8644762,235.1270032,238.8108323,6915350158.74,26601832965.52
Ethereum,7/6/2020,7/7/2020,227.7179407,241.3388892,226.8764249,241.3388892,5936682098.41,26120514122.33
Ethereum,7/5/2020,7/6/2020,229.0831814,229.5723835,224.0727224,227.7044487,4223751344.54,25274447418.65
Ethereum,7/4/2020,7/5/2020,225.2097571,230.1310702,225.1372853,228.977045,4053794606.51,25307604961.09
Ethereum,7/3/2020,7/4/2020,226.8810271,227.8821437,225.0047677,225.177161,4918815292.69,25303728249.00
Ethereum,7/2/2020,7/3/2020,230.7868324,231.7468307,224.2516736,226.9372227,5302575968.57,25499234910.43
Ethereum,7/1/2020,7/2/2020,225.631318,232.0507982,224.5460048,230.5722265,4919654732.45,25454416463.45
Ethereum,6/30/2020,7/1/2020,227.5970742,228.1694495,223.3409315,225.8401111,5302482851.15,25246259090.58
Ethereum,6/29/2020,6/30/2020,225.1182676,229.0891435,221.7741712,227.7523048,5098196136.71,25080931976.69
Ethereum,6/28/2020,6/29/2020,221.1471518,227.5097526,218.781903,224.8690096,5629967266.95,24860526806.85
Ethereum,6/27/2020,6/28/2020,229.6326524,231.084857,218.0865795,221.0846883,5014409697.54,25353715086.41
Ethereum,6/26/2020,6/27/2020,232.6413944,233.3087917,228.343151,229.6865681,5423818528.62,25744843751.91
Ethereum,6/25/2020,6/26/2020,234.9931621,235.1926649,228.8613409,232.7371074,6748072455.67,26004097530.63
Ethereum,6/24/2020,6/25/2020,243.025659,248.6209876,232.1800115,234.6943221,6446440943.77,26745071802.72
Ethereum,6/23/2020,6/24/2020,243.1373334,244.5315121,241.0492072,242.9322887,6553742454.60,27081200544.19
Ethereum,6/22/2020,6/23/2020,228.0970049,245.5178664,227.9329141,243.1393089,5889313680.44,26494315033.73
Ethereum,6/21/2020,6/22/2020,228.9548655,231.9900927,227.8222714,227.9096308,4729805925.80,25593151862.14
Ethereum,6/20/2020,6/21/2020,229.1335472,230.7725982,226.5815264,229.006598,5597088075.70,25483447404.68
Ethereum,6/19/2020,6/20/2020,231.4768062,231.5292762,227.4847409,228.7443048,6241277839.44,25586876030.58
Ethereum,6/18/2020,6/19/2020,233.8666572,234.3069203,228.7372835,231.6910598,6037576925.37,25886349462.59
Ethereum,6/17/2020,6/18/2020,235.2585789,236.6256822,229.7084514,234.0456226,5843949644.62,25969430964.32
Ethereum,6/16/2020,6/17/2020,230.8560962,235.7557359,229.1657968,235.2560454,7268339509.61,25969642417.55
Ethereum,6/15/2020,6/16/2020,232.6248294,233.1127394,219.7765609,230.8181249,8069366775.60,25319096182.01
Ethereum,6/14/2020,6/15/2020,238.1462773,238.2062416,231.5750049,232.8573889,5675792063.77,26255355630.37
Ethereum,6/13/2020,6/14/2020,237.5573164,238.1916777,235.1225886,238.133142,5982190206.35,26361234944.14
Ethereum,6/12/2020,6/13/2020,231.3076081,238.7677227,229.5290597,237.3373521,9458729936.57,26239287824.54
Ethereum,6/11/2020,6/12/2020,247.6020063,249.3315868,229.9095129,231.6849242,8853781172.73,26921226607.39
Ethereum,6/10/2020,6/11/2020,243.9089952,249.258756,242.7630022,247.4236917,6048210826.64,27196719059.68
Ethereum,6/9/2020,6/10/2020,246.223917,248.7717693,241.6976329,243.8423357,6957291391.69,27082672879.78
Ethereum,6/8/2020,6/9/2020,244.3240776,246.4676718,241.6873283,246.3781157,7925119435.49,27066613601.25
Ethereum,6/7/2020,6/8/2020,241.9555817,244.7333516,235.8147831,244.0584214,6788697026.45,26769799203.09
Ethereum,6/6/2020,6/7/2020,240.3859577,243.9496156,238.9691731,241.8586389,7336086541.57,26840704645.75
Ethereum,6/5/2020,6/6/2020,243.3836861,246.4979392,240.0104921,240.433126,8488057700.60,27002678521.47
Ethereum,6/4/2020,6/5/2020,244.2362711,245.915343,237.6395553,243.6338338,8592508026.88,27034792042.58
Ethereum,6/3/2020,6/4/2020,238.005728,244.1708511,234.7222087,244.1708511,10085839970.36,26549234714.34
Ethereum,6/2/2020,6/3/2020,247.8618468,252.7406732,231.6765211,237.6809672,11977471608.17,27122578746.15
Ethereum,6/1/2020,6/2/2020,231.8016927,249.2351239,231.2760332,247.8594013,10850713400.15,26523602719.17
Ethereum,5/31/2020,6/1/2020,242.5174503,244.0556927,231.0154116,231.9968141,12368591238.36,26377298345.34
Ethereum,5/30/2020,5/31/2020,220.1052801,244.4112545,218.5688647,242.4600167,10876356549.79,25774904554.49
Ethereum,5/29/2020,5/30/2020,219.1282536,222.6828668,217.9874023,220.1376733,11557721298.61,24480632708.16
Ethereum,5/28/2020,5/29/2020,207.729322,219.1713975,204.8716174,218.6398195,8538289784.82,23311545615.00
Ethereum,5/27/2020,5/28/2020,201.0932652,207.5204837,200.9738332,207.4497274,8177164284.05,22729532646.05
Ethereum,5/26/2020,5/27/2020,203.9716727,204.7637007,198.075288,201.0691355,7916217217.27,22447980819.44
Ethereum,5/25/2020,5/26/2020,200.8882646,205.1908883,200.8882646,204.1247659,9480976188.60,22568285868.81
Ethereum,5/24/2020,5/25/2020,206.4418073,210.1181372,202.0339003,202.0339003,8430894690.69,22981052883.21
Ethereum,5/23/2020,5/24/2020,206.9778831,210.2706231,205.3117083,206.5587171,9571982860.13,23038612241.36
Ethereum,5/22/2020,5/23/2020,198.9246799,208.3664256,197.0268072,206.8025761,10925135757.07,22539267176.48
Ethereum,5/21/2020,5/22/2020,209.9579997,211.2873303,193.4278735,199.1325733,10726046150.24,22728535458.54
Ethereum,5/20/2020,5/21/2020,213.9718954,214.7576474,208.3828153,209.9387142,10743231231.30,23546246017.28
Ethereum,5/19/2020,5/20/2020,214.3545052,214.7375323,210.0844648,213.6183748,12335601728.80,23562418762.11
Ethereum,5/18/2020,5/19/2020,206.9063946,215.9604406,206.9063946,214.3880307,14238424661.55,23607089905.74
Ethereum,5/17/2020,5/18/2020,200.5358666,209.4649356,199.9238385,206.8862604,12082489921.02,22667835614.60
Ethereum,5/16/2020,5/17/2020,194.7632722,202.9460739,193.7535542,200.6895021,13145310042.87,22186135445.21
Ethereum,5/15/2020,5/16/2020,203.0191028,203.5526048,193.3982943,194.5823496,14812112522.72,22078903959.82
Ethereum,5/14/2020,5/15/2020,199.3970884,204.6725588,196.6302727,203.0657211,15161884337.34,22253289110.90
Ethereum,5/13/2020,5/14/2020,189.7123916,199.9462637,189.061448,199.4270596,12166676581.24,21455829784.11
Ethereum,5/12/2020,5/13/2020,186.0558939,191.6259663,186.0558939,189.4557698,14204738794.05,20995086175.34
Ethereum,5/11/2020,5/12/2020,188.0588572,192.5136984,179.302871,185.9503548,15293555758.24,20749655914.88
Ethereum,5/10/2020,5/11/2020,210.3726179,210.3726179,181.9202872,187.9980043,17690796421.27,20948998322.95
Ethereum,5/9/2020,5/10/2020,211.5121454,214.3962717,209.1622467,210.6111608,14312675013.66,23512928700.97
Ethereum,5/8/2020,5/9/2020,211.8427639,214.9397947,207.8906319,211.7089881,17108159080.41,23495972723.49
Ethereum,5/7/2020,5/8/2020,199.6989967,213.3586964,199.3816166,212.4221371,16443503902.29,22908102772.13
Ethereum,5/6/2020,5/7/2020,205.2800716,210.3127621,201.1025473,201.1025473,14224517545.60,22909378778.52
Ethereum,5/5/2020,5/6/2020,206.6066054,210.3611386,203.0033076,204.5617416,14903296223.77,22792153207.41
Ethereum,5/4/2020,5/5/2020,209.8851143,210.4738476,196.6865238,206.9692214,15841145131.26,22535527526.08
Ethereum,5/3/2020,5/4/2020,214.0306308,218.1398206,206.7170896,209.905659,14992442059.90,23574043182.18
Ethereum,5/2/2020,5/3/2020,212.1031008,214.9197263,210.8621173,214.0833055,14573505775.51,23572154369.86
Ethereum,5/1/2020,5/2/2020,206.3587199,216.7379018,206.3587199,212.2047441,18548033560.40,23414272057.98
Ethereum,4/30/2020,5/1/2020,214.8528058,226.3241982,203.7294025,205.7811423,21949772004.72,23687201250.67
Ethereum,4/29/2020,4/30/2020,196.805818,217.3215185,196.620325,214.9004418,16360133178.81,22936538165.92
Ethereum,4/28/2020,4/29/2020,196.3948891,197.2497453,192.9057318,197.1256768,13468804790.34,21633460948.42
Ethereum,4/27/2020,4/28/2020,197.0024943,198.201157,191.740922,196.2249238,14347611517.26,21603694237.84
Ethereum,4/26/2020,4/27/2020,194.0437439,198.6378262,192.9374883,196.7666524,13217089945.69,21588663015.49
Ethereum,4/25/2020,4/26/2020,187.4860413,195.441516,186.1639717,194.0079128,13384323121.60,21286671075.28
Ethereum,4/24/2020,4/25/2020,185.2554664,189.1501735,185.2554664,187.4588608,14789422005.39,20753779881.24
Ethereum,4/23/2020,4/24/2020,182.436599,190.1072381,179.0747282,184.9834763,15160613340.61,20460562380.36
Ethereum,4/22/2020,4/23/2020,170.9683591,183.2598473,170.1130644,182.0890368,12960518895.83,19575333821.08
Ethereum,4/21/2020,4/22/2020,170.9054192,174.0696679,168.6927418,170.9939023,16029201040.78,18985086815.85
Ethereum,4/20/2020,4/21/2020,180.3572862,185.7486195,168.7493192,171.1396734,15529472258.28,19776337128.81
Ethereum,4/19/2020,4/20/2020,187.0037112,187.6430924,177.6526701,180.4587744,16082484089.77,20201648639.71
Ethereum,4/18/2020,4/19/2020,170.7104555,188.2677606,170.7104555,186.6801271,13252706071.80,19639682340.29
Ethereum,4/17/2020,4/18/2020,172.1378996,173.5998447,168.9604241,170.6515073,14838850111.01,18855291941.23
Ethereum,4/16/2020,4/17/2020,153.2579784,173.5265632,150.0236565,171.9048821,14951703711.65,18243136113.51
Ethereum,4/15/2020,4/16/2020,158.2841725,160.8533906,153.0191876,153.3823017,11232326018.03,17452271662.79
Ethereum,4/14/2020,4/15/2020,156.4540555,161.2034755,155.7990732,158.1438447,11247888932.45,17486981307.55
Ethereum,4/13/2020,4/14/2020,159.3005563,159.3005563,151.2501898,156.4217027,12659600707.78,17019486050.00
Ethereum,4/12/2020,4/13/2020,158.1881236,164.3712974,155.4996331,160.1119208,10328332720.54,17624421181.46
Ethereum,4/11/2020,4/12/2020,157.9579122,160.8679669,154.3894277,158.0950476,11721136920.78,17465826817.17
Ethereum,4/10/2020,4/11/2020,169.8764423,169.952355,153.4922389,157.6442714,12597805394.07,17701498488.06
Ethereum,4/9/2020,4/10/2020,172.8707836,172.9019748,166.9318149,170.1787643,10992699000.38,18826537968.95
Ethereum,4/8/2020,4/9/2020,164.8571439,173.1696732,164.170924,172.7880175,14116847315.04,18737803985.92
Ethereum,4/7/2020,4/8/2020,170.5647443,174.9573402,163.7344005,164.9633107,17553029602.36,18807127995.60
Ethereum,4/6/2020,4/7/2020,143.1647299,169.8207799,143.1647282,169.8207799,11535643994.18,17103249000.31
Ethereum,4/5/2020,4/6/2020,144.0108284,145.1503469,141.3697606,143.1647307,7575353955.93,15813205348.01
Ethereum,4/4/2020,4/5/2020,141.2155555,144.3161189,139.6529626,144.0822396,8179879982.05,15668105902.17
Ethereum,4/3/2020,4/4/2020,141.2721943,146.0315407,138.5375052,141.1632677,10602273859.71,15702595664.76
Ethereum,4/2/2020,4/3/2020,134.8570638,147.3056063,134.8570638,140.917345,10034955895.69,15276177857.22
Ethereum,4/1/2020,4/2/2020,132.9942418,135.4692306,129.1973543,134.9126924,7762114817.49,14534627264.21
Ethereum,3/31/2020,4/1/2020,132.1546887,134.6048516,130.7836223,133.3647603,7958860154.12,14623432567.06
Ethereum,3/30/2020,3/31/2020,125.0512411,134.1033387,124.700348,132.4154544,7888248583.71,14417090285.13
Ethereum,3/29/2020,3/30/2020,130.9900894,131.1162104,124.8083483,125.423225,7682366877.87,14171270929.09
Ethereum,3/28/2020,3/29/2020,131.8503921,131.9758536,126.0595601,131.0500022,8111606820.69,14208110195.88
Ethereum,3/27/2020,3/28/2020,138.2721832,140.0395542,131.7138102,131.7138102,8250116076.04,15102739895.14
Ethereum,3/26/2020,3/27/2020,136.0624525,138.2077207,133.8488757,138.2077207,8291805623.36,14942715553.08
Ethereum,3/25/2020,3/26/2020,138.529957,141.2987986,133.9016707,135.9690748,10361114819.71,15074721381.08
Ethereum,3/24/2020,3/25/2020,135.5320959,141.6026919,132.7124774,138.5434299,11303396253.39,15101369615.98
Ethereum,3/23/2020,3/24/2020,123.4884117,135.0837233,121.5659626,135.0837233,51833881395.34,14102016155.78
Ethereum,3/22/2020,3/23/2020,131.8406846,135.8306425,123.3058834,123.7018645,75975977548.41,14353949740.48
Ethereum,3/21/2020,3/22/2020,133.107993,136.6843807,127.0121986,131.558644,21781866530.19,14524123248.28
Ethereum,3/20/2020,3/21/2020,136.1188061,151.0022269,122.1072983,132.0256631,13363195754.30,15197520934.74
Ethereum,3/19/2020,3/20/2020,117.5367014,141.2727047,115.8773395,136.152129,36623756445.27,13827166500.56
Ethereum,3/18/2020,3/19/2020,116.2014799,117.4803393,110.999278,117.2906328,8427429833.57,12569080534.62
Ethereum,3/17/2020,3/18/2020,110.1316373,119.0400625,109.8317277,116.6725752,11485836831.62,12669567187.28
Ethereum,3/16/2020,3/17/2020,124.3771909,124.3771909,103.2919531,110.4258781,10997643817.13,12325807939.54
Ethereum,3/15/2020,3/16/2020,123.0428095,131.6008079,121.2793869,124.5026425,9018642945.12,13484627613.02
Ethereum,3/14/2020,3/15/2020,133.9929354,134.2055767,122.0174484,123.3958694,14719502280.78,14042308431.35
Ethereum,3/13/2020,3/14/2020,108.1369492,138.1212245,93.02837713,132.4093142,22030640951.21,13465711592.54
Ethereum,3/12/2020,3/13/2020,194.4486505,195.0212177,107.0083795,107.0083795,15189358319.21,16914804881.33
Ethereum,3/11/2020,3/12/2020,200.6435364,202.7702952,182.9479471,194.6403308,12545190706.13,21325048250.96
Ethereum,3/10/2020,3/11/2020,202.4347579,205.7389285,197.2240934,200.6158873,15684378003.30,21950399282.26
Ethereum,3/9/2020,3/10/2020,199.6615935,208.0375466,191.8709516,200.9082242,18677623019.65,21842094396.78
Ethereum,3/8/2020,3/9/2020,237.6468467,237.6468467,199.5553317,199.9715108,14767672602.76,24328453234.68
Ethereum,3/7/2020,3/8/2020,244.4607775,250.5419756,237.3376214,237.5897974,14232754402.63,26407124846.17
Ethereum,3/6/2020,3/7/2020,228.3059747,243.931534,227.7776999,243.8720934,13692445973.31,25629907533.39
Ethereum,3/5/2020,3/6/2020,224.3011802,233.5862111,224.3011802,227.6893002,12452992052.83,24984078551.37
Ethereum,3/4/2020,3/5/2020,223.9017348,228.3215496,218.4164501,223.8575022,13852813891.31,24411801481.97
Ethereum,3/3/2020,3/4/2020,231.6624714,231.9887288,220.9656788,224.1419851,15118211689.47,24693731527.69
Ethereum,3/2/2020,3/3/2020,218.3877285,233.5341638,216.8550229,231.2703084,14173996849.21,24521418837.69
Ethereum,3/1/2020,3/2/2020,218.3824649,225.7933583,213.4343117,218.5533231,13121312388.82,23908687483.07
Ethereum,2/29/2020,3/1/2020,228.4418024,232.5555054,219.0081772,219.2811865,14837537619.78,24599185846.41
Ethereum,2/28/2020,2/29/2020,227.2531952,233.3577729,215.3573701,227.7398115,17413289895.91,24515322258.12
Ethereum,2/27/2020,2/28/2020,217.749286,237.2543464,212.0322098,225.0322677,21295881650.23,24666125572.06
Ethereum,2/26/2020,2/27/2020,247.2276257,249.6830099,219.4690302,227.4830931,18288182164.40,25531807841.75
Ethereum,2/25/2020,2/26/2020,265.5831834,267.7979109,247.4408469,248.8911827,16373729917.10,27942089874.03
Ethereum,2/24/2020,2/25/2020,274.6795232,276.2281781,259.5277707,265.4130747,15342793708.64,29081886449.42
Ethereum,2/23/2020,2/24/2020,261.7493286,274.3380223,261.6600643,273.5814001,13681292041.54,29282473975.73
Ethereum,2/22/2020,2/23/2020,265.2335465,266.3184051,257.8367973,261.5709935,13993971505.81,28456047300.98
Ethereum,2/21/2020,2/22/2020,257.4785977,267.2258559,254.8122585,265.3508619,18123916533.39,28521847429.69
Ethereum,2/20/2020,2/21/2020,259.5432952,263.7654442,248.5435753,257.7604431,19767198242.21,28038273647.47
Ethereum,2/19/2020,2/20/2020,282.2227739,283.6735742,259.7267183,260.4301205,19868006599.69,30223487932.83
Ethereum,2/18/2020,2/19/2020,267.3094844,285.1196954,260.8874325,281.6368608,22461835255.88,29572853693.25
Ethereum,2/17/2020,2/18/2020,259.9502431,267.8536466,243.4591434,267.8536466,22974885011.57,27593003142.53
Ethereum,2/16/2020,2/17/2020,264.8970532,272.9946703,241.5031986,261.5448728,20684379742.05,28631061013.79
Ethereum,2/15/2020,2/16/2020,284.6092578,286.995321,263.8444751,264.1609627,21444866296.89,30160560279.45
Ethereum,2/14/2020,2/15/2020,268.2704589,284.704467,262.1162658,284.704467,21852616416.02,29619636232.79
Ethereum,2/13/2020,2/14/2020,265.466741,275.644472,259.062908,268.0042098,24172902881.40,29119590647.29
Ethereum,2/12/2020,2/13/2020,236.3683978,273.4683366,236.3683978,265.8970849,19873999516.35,27700565378.40
Ethereum,2/11/2020,2/12/2020,223.1802366,237.1598656,218.4343923,236.4585837,13695887436.45,24557459122.04
Ethereum,2/10/2020,2/11/2020,228.2919707,228.7115207,217.9596287,223.5863597,13466778794.72,24238035442.99
Ethereum,2/9/2020,2/10/2020,223.1617391,229.584449,223.1617391,228.1848129,13672722983.32,24715676760.30
Ethereum,2/8/2020,2/9/2020,224.6404722,226.8460697,214.530926,223.575236,14418900263.97,24258530893.07
Ethereum,2/7/2020,2/8/2020,212.950283,224.0622277,212.950283,223.4753099,14983717369.51,23920901344.27
Ethereum,2/6/2020,2/7/2020,203.7720633,215.2933722,201.9326092,213.0043578,13981628670.46,22798639262.37
Ethereum,2/5/2020,2/6/2020,188.7132267,206.483772,188.2636915,204.0125247,10214978765.34,21368770778.02
Ethereum,2/4/2020,2/5/2020,189.8095434,191.1504567,185.1539364,188.781874,9444011536.49,20444865956.93
Ethereum,2/3/2020,2/4/2020,188.5384075,193.8850336,187.4985157,189.9061566,11400969970.69,20658301617.00
Ethereum,2/2/2020,2/3/2020,183.5784497,192.471393,180.0703298,188.5894459,10635139992.48,20432500253.98
Ethereum,2/1/2020,2/2/2020,179.8445902,183.8419002,179.5410194,183.7233843,9652648260.79,19824991337.48
Ethereum,1/31/2020,2/1/2020,184.3905441,185.2512405,176.4261623,179.5950071,11048926824.25,19699054051.30
Ethereum,1/30/2020,1/31/2020,173.8585174,186.094469,171.5388508,184.383165,9152294841.78,19256315504.00
Ethereum,1/29/2020,1/30/2020,175.5344996,178.0385462,174.3763184,174.3763184,9932455084.43,19178744272.01
Ethereum,1/28/2020,1/29/2020,170.0013532,175.330399,170.0013532,175.330399,9376107834.73,18717739032.03
Ethereum,1/27/2020,1/28/2020,167.6337775,171.5948833,165.7568803,170.0453863,8467590810.83,18357052800.06
Ethereum,1/26/2020,1/27/2020,160.4899412,167.6196464,159.7924691,167.4678133,6683902752.82,17757934495.34
Ethereum,1/25/2020,1/26/2020,162.4953606,162.5164643,158.0890669,160.8344706,7617282553.04,17428779801.45
Ethereum,1/24/2020,1/25/2020,162.8046962,163.9854735,156.0580221,162.4796787,8486145509.03,17491026576.94
Ethereum,1/23/2020,1/24/2020,168.0313737,168.0318396,159.8769876,162.7061195,8251095643.53,17778558313.29
Ethereum,1/22/2020,1/23/2020,169.3309492,170.9194895,166.3053774,168.0889827,8577764785.14,18313459158.00
Ethereum,1/21/2020,1/22/2020,166.740611,169.5754966,165.4573133,169.545106,8910265391.38,18233595547.73
Ethereum,1/20/2020,1/21/2020,166.8793411,168.8976404,161.686195,166.9135692,9735039230.54,18035400763.63
Ethereum,1/19/2020,1/20/2020,175.4243812,177.3468809,162.9569294,166.816861,12273014553.10,18517096928.25
Ethereum,1/18/2020,1/19/2020,170.4223623,178.5276094,166.5707501,175.4532792,12549934347.49,18741392986.97
Ethereum,1/17/2020,1/18/2020,164.35245,173.1145653,162.4616458,171.3137281,11738055791.03,18370633957.47
Ethereum,1/16/2020,1/17/2020,166.1118721,166.9219729,159.110222,164.0211427,11163152078.07,17649728777.81
Ethereum,1/15/2020,1/16/2020,165.6582484,170.8134882,149.8316065,165.8048817,16747466657.10,17845135788.77
Ethereum,1/14/2020,1/15/2020,143.5973467,168.0263925,143.5973467,165.9585487,10369374512.10,16746578360.06
Ethereum,1/13/2020,1/14/2020,145.9727767,146.323303,142.576668,143.8508395,7169395337.50,15623030845.43
Ethereum,1/12/2020,1/13/2020,143.0835505,145.375489,142.2288775,145.2251144,8263400554.17,15692954876.64
Ethereum,1/11/2020,1/12/2020,143.8381984,147.0385285,142.1718926,143.0210128,9048431075.99,15652744922.15
Ethereum,1/10/2020,1/11/2020,137.8150486,144.4125477,135.769018,144.4125477,8457837520.58,15135188432.55
Ethereum,1/9/2020,1/10/2020,140.5939596,141.1176063,135.9560155,138.0285951,8407091301.87,15073087981.74
Ethereum,1/8/2020,1/9/2020,143.03885,147.0500041,137.5523285,140.9342906,9485569495.65,15503951637.78
Ethereum,1/7/2020,1/8/2020,143.9400289,144.8868547,139.4911167,143.1723568,8884321399.85,15528292039.51
Ethereum,1/6/2020,1/7/2020,135.4668023,143.9060026,135.1209072,143.9060026,7771586736.18,15253831829.45
Ethereum,1/5/2020,1/6/2020,134.0549915,137.8967047,134.0549915,135.2669112,6731959407.65,14775696881.08
Ethereum,1/4/2020,1/5/2020,133.8355988,134.9307916,132.6482393,134.0497019,7986617479.62,14529037537.35
Ethereum,1/3/2020,1/4/2020,127.1171415,134.2286394,126.0914497,133.6753688,7715596550.36,14242069786.69
Ethereum,1/2/2020,1/3/2020,130.9550773,130.9550773,126.9131606,127.1177593,6690036711.35,14042469285.90
Ethereum,1/1/2020,1/2/2020,129.7688408,132.6273905,129.3698082,130.9165456,7036988925.17,14267183034.25
BNB,4/30/2025,5/1/2025,600.9074,604.8728,593.2961,600.0279,1426365375.12,88686265831.54
BNB,4/29/2025,4/30/2025,606.5714,610.7248,598.9312,601.5951,1320525683.93,89247924898.76
BNB,4/28/2025,4/29/2025,603.7433,608.1211,599.9161,606.4053,1201563247.48,89216821097.94
BNB,4/27/2025,4/28/2025,607.7073,608.6387,598.5539,603.6672,1150067734.10,88863935731.89
BNB,4/26/2025,4/27/2025,600.5253,609.2955,600.1892,608.0139,1401134246.13,89289478545.31
BNB,4/25/2025,4/26/2025,601.639,610.1036,598.8512,600.2722,1524088029.94,89224783343.10
BNB,4/24/2025,4/25/2025,605.5654,606.648,594.7887,601.7319,1656894789.28,88651796535.10
BNB,4/23/2025,4/24/2025,618.9717,619.5656,602.1146,605.7353,1884765611.12,90167365397.71
BNB,4/22/2025,4/23/2025,597.1664,618.0158,596.2242,617.559,1363187315.21,89391829237.90
BNB,4/21/2025,4/22/2025,592.65,607.2535,592.65,597.6529,1140584422.60,88674224688.54
BNB,4/20/2025,4/21/2025,591.8071,594.8363,587.6902,592.7223,903778167.14,87291192573.59
BNB,4/19/2025,4/20/2025,592.2466,594.0041,588.1896,592.2324,991899145.04,87273641357.64
BNB,4/18/2025,4/19/2025,590.0521,595.7418,587.5404,591.9335,1165971718.66,87255328404.63
BNB,4/17/2025,4/18/2025,582.9724,592.9978,581.5546,590.4463,1100571493.97,86617484318.32
BNB,4/16/2025,4/17/2025,579.6826,585.5286,576.9544,583.1074,1108056986.17,85875971899.85
BNB,4/15/2025,4/16/2025,584.4043,590.8043,580.0137,580.0137,1029909570.18,86506248441.61
BNB,4/14/2025,4/15/2025,584.1165,592.8493,583.8058,584.6187,1107164121.24,86820449401.53
BNB,4/13/2025,4/14/2025,596.7895,597.5575,581.1776,584.5548,999734774.42,86980649483.91
BNB,4/12/2025,4/13/2025,585.3637,599.9268,584.3618,597.1557,1103811453.61,87361332185.36
BNB,4/11/2025,4/12/2025,577.737,590.5261,575.3027,586.6425,1592441739.02,86054313397.91
BNB,4/10/2025,4/11/2025,581.7763,581.7763,567.3435,577.2242,2201462075.53,85020136086.01
BNB,4/9/2025,4/10/2025,552.126,585.1408,535.7304,582.2507,2065928347.72,82837318461.33
BNB,4/8/2025,4/9/2025,554.9431,564.9639,548.5472,553.7492,2497647777.33,82407205842.56
BNB,4/7/2025,4/8/2025,554.8415,563.9986,522.5188,554.9414,3326579016.04,81149428069.00
BNB,4/6/2025,4/7/2025,593.2607,593.7421,546.6513,554.7465,979802522.21,85555094042.52
BNB,4/5/2025,4/6/2025,597.075,598.4403,591.1195,594.0803,1121992762.92,87788623487.15
BNB,4/4/2025,4/5/2025,593.1598,599.4839,586.191,597.9005,1804130197.56,87741447209.08
BNB,4/3/2025,4/4/2025,588.4949,609.0587,579.8229,592.3447,2894563873.26,87707756515.46
BNB,4/2/2025,4/3/2025,611.2429,611.2429,585.9857,590.2493,2707370510.12,88837008218.61
BNB,4/1/2025,4/2/2025,605.4812,617.5496,605.4812,611.2969,2090975356.24,90087898851.94
BNB,3/31/2025,4/1/2025,601.9955,608.264,589.1425,605.2517,1554624957.78,88772081985.95
BNB,3/30/2025,3/31/2025,603.7307,613.299,595.0318,602.1218,1341428294.15,89395432397.13
BNB,3/29/2025,3/30/2025,619.8895,623.6675,599.0506,604.1054,1696662424.87,89685071527.39
BNB,3/28/2025,3/29/2025,636.605,637.1903,616.7116,620.085,2731297188.59,92642002518.31
BNB,3/27/2025,3/28/2025,618.7337,641.4523,618.1258,637.5499,2488339063.52,93485547338.99
BNB,3/26/2025,3/27/2025,630.4,634.3393,616.7184,618.1908,1872126920.22,92526887202.24
BNB,3/25/2025,3/26/2025,637.2726,644.888,628.0152,630.2363,2483614468.37,93850572626.01
BNB,3/24/2025,3/25/2025,623.925,639.4063,620.3299,636.8244,1561740704.98,92894113577.23
BNB,3/23/2025,3/24/2025,626.8955,629.4286,620.612,623.2842,1096580382.72,92045665491.98
BNB,3/22/2025,3/23/2025,635.0411,636.0426,625.0039,626.5635,1370637399.62,92862372681.64
BNB,3/21/2025,3/22/2025,629.99,637.6654,626.7069,634.956,2360397395.22,93415884288.57
BNB,3/20/2025,3/21/2025,622.2843,637.2906,617.2361,630.3345,2959796510.13,92497524588.21
BNB,3/19/2025,3/20/2025,628.9694,628.9694,608.2417,621.9087,2430731673.07,91228252201.78
BNB,3/18/2025,3/19/2025,631.9002,643.9762,624.1125,630.4121,2889490782.11,93475969989.09
BNB,3/17/2025,3/18/2025,602.9708,640.8943,602.9708,632.1633,2555380204.05,92476102622.91
BNB,3/16/2025,3/17/2025,618.3571,619.2369,594.4398,601.9326,1627305666.71,89173656871.60
BNB,3/15/2025,3/16/2025,588.9096,618.0087,588.9096,617.7596,1291785094.31,88635185586.73
BNB,3/14/2025,3/15/2025,579.2071,588.8688,577.5295,587.0785,2431484930.78,86060570193.26
BNB,3/13/2025,3/14/2025,570.3278,599.869,568.2077,579.0637,2607699012.48,85337714419.66
BNB,3/12/2025,3/13/2025,551.2284,574.4893,545.7514,570.5767,2179247899.83,82382468567.57
BNB,3/11/2025,3/12/2025,534.6517,564.2147,513.982,552.1897,2920548747.30,80754722789.32
BNB,3/10/2025,3/11/2025,557.866,571.9498,525.6564,533.4138,1819405805.77,81702398362.85
BNB,3/9/2025,3/10/2025,593.099,593.504,552.0133,555.5123,1054176604.28,84886231409.89
BNB,3/8/2025,3/9/2025,594.5728,601.9537,590.8401,593.9237,1357797745.56,88131998555.16
BNB,3/7/2025,3/8/2025,597.3372,609.0618,579.3023,594.5956,1679650099.18,88328616189.42
BNB,3/6/2025,3/7/2025,599.0656,612.0194,590.6462,597.0624,1390699498.68,88603653174.05
BNB,3/5/2025,3/6/2025,583.4762,604.7491,581.3118,598.0654,1735281872.13,87668999658.46
BNB,3/4/2025,3/5/2025,577.5218,588.5712,556.4707,584.1442,2441342047.85,84362441946.22
BNB,3/3/2025,3/4/2025,622.528,622.7127,572.0203,578.1189,2611760806.10,88496755840.68
BNB,3/2/2025,3/3/2025,607.9112,635.1433,603.1046,622.6946,1528165034.44,90591847672.02
BNB,3/1/2025,3/2/2025,587.3742,609.3447,587.1542,607.8277,1796363662.68,88346577223.39
BNB,2/28/2025,3/1/2025,605.8641,605.8641,561.2513,588.037,2528383967.01,85836319356.50
BNB,2/27/2025,2/28/2025,611.4355,619.1921,597.427,605.3649,2302118196.19,90015061845.64
BNB,2/26/2025,2/27/2025,623.6873,631.2492,595.7044,611.115,2452845739.72,91471704119.18
BNB,2/25/2025,2/26/2025,617.2732,627.6109,589.3969,623.4175,3124410345.54,90275695988.48
BNB,2/24/2025,2/25/2025,658.1841,659.5011,613.8114,614.8492,1515411133.72,94417255640.72
BNB,2/23/2025,2/24/2025,669.6153,670.8717,649.5573,658.6516,1955167509.99,97451894405.06
BNB,2/22/2025,2/23/2025,646.2846,678.0728,646.2846,668.8943,1912868361.46,97342248567.08
BNB,2/21/2025,2/22/2025,657.1659,667.6598,636.6177,647.9134,1564226723.44,96556427335.70
BNB,2/20/2025,2/21/2025,651.6093,658.8311,647.7167,658.0291,1761492759.92,96268305200.69
BNB,2/19/2025,2/20/2025,648.406,660.3316,639.9027,653.3211,2195575770.01,96347834016.21
BNB,2/18/2025,2/19/2025,667.6408,668.1673,632.5083,648.429,2074500536.71,96290421491.37
BNB,2/17/2025,2/18/2025,674.4497,681.1728,659.5708,667.7105,2169508783.75,98978219371.52
BNB,2/16/2025,2/17/2025,661.4233,682.513,654.6669,675.0075,1821045765.00,98480945751.97
BNB,2/15/2025,2/16/2025,657.8249,669.992,654.6868,662.2685,2367300681.91,97527651660.54
BNB,2/14/2025,2/15/2025,665.4473,683.5668,653.0973,657.2481,6120181457.47,98751563051.98
BNB,2/13/2025,2/14/2025,699.027,729.5257,663.2265,669.3774,6685265401.77,102753888696.69
BNB,2/12/2025,2/13/2025,645.1038,703.6637,628.1914,697.6751,2875742769.57,96778365605.80
BNB,2/11/2025,2/12/2025,618.9419,645.6049,615.4643,642.9153,2229050056.06,93514945227.19
BNB,2/10/2025,2/11/2025,617.594,620.8933,597.3059,617.4934,2732444883.47,89800171057.53
BNB,2/9/2025,2/10/2025,612.7444,646.7306,604.2506,616.7676,3241949056.23,91753213889.02
BNB,2/8/2025,2/9/2025,577.0898,632.1857,574.3403,613.8803,1537374854.49,87689012405.07
BNB,2/7/2025,2/8/2025,572.7459,589.7872,571.5481,577.951,1531351838.23,85743865949.58
BNB,2/6/2025,2/7/2025,571.3511,588.4577,569.6469,572.9396,1386083665.28,85271737057.75
BNB,2/5/2025,2/6/2025,572.2777,577.8991,562.4628,569.3403,1990482972.79,84324068991.55
BNB,2/4/2025,2/5/2025,618.4238,618.5839,559.7912,573.2107,3140383403.77,86301746103.65
BNB,2/3/2025,2/4/2025,615.0443,618.3014,522.6175,616.3034,5457258374.44,85824404963.98
BNB,2/2/2025,2/3/2025,653.2888,662.2877,605.888,616.4207,1810079813.30,94973254076.96
BNB,2/1/2025,2/2/2025,676.7998,681.0778,651.522,653.4773,1412021390.47,98897574328.87
BNB,1/31/2025,2/1/2025,677.9196,688.3074,674.1234,677.4167,1112279753.10,100267554073.54
BNB,1/30/2025,1/31/2025,667.2148,682.1641,666.6967,677.14,1266192618.97,99992269372.84
BNB,1/29/2025,1/30/2025,661.725,678.8613,660.9522,667.7968,1395789668.29,98795980899.86
BNB,1/28/2025,1/29/2025,681.3869,682.7037,659.7346,661.9235,1716854999.46,99482281161.49
BNB,1/27/2025,1/28/2025,667.5448,680.0077,640.1984,679.9529,2045906774.62,97422006689.13
BNB,1/26/2025,1/27/2025,686.5811,690.561,665.9492,667.1806,852386323.74,101115371594.30
BNB,1/25/2025,1/26/2025,680.3299,689.2329,678.1664,686.588,1089518852.13,101045647508.23
BNB,1/24/2025,1/25/2025,689.8295,690.3821,679.1957,680.4673,1760473517.33,101162305015.38
BNB,1/23/2025,1/24/2025,695.9155,696.5414,681.1451,689.845,1462542661.82,101394890378.63
BNB,1/22/2025,1/23/2025,692.028,702.2692,690.3465,694.7573,1539873794.57,102707002427.86
BNB,1/21/2025,1/22/2025,681.2548,696.3423,675.5571,691.7743,2440552811.95,101316082986.83
BNB,1/20/2025,1/21/2025,680.5675,706.7706,672.452,680.6472,3747082299.70,101562884613.93
BNB,1/19/2025,1/20/2025,708.6558,713.4981,675.921,682.9649,2294580332.01,103217038099.92
BNB,1/18/2025,1/19/2025,721.152,722.529,695.4908,709.5904,1952509929.52,104006947149.15
BNB,1/17/2025,1/18/2025,708.9587,728.7134,708.9587,721.124,1644347582.67,106221186813.49
BNB,1/16/2025,1/17/2025,714.0235,715.8958,700.9231,708.1284,1772619306.18,104832779911.89
BNB,1/15/2025,1/16/2025,699.0735,714.1096,689.4971,713.8517,1329426880.67,103477870775.71
BNB,1/14/2025,1/15/2025,688.6839,699.8289,686.3846,698.7155,1768490357.71,102419962942.58
BNB,1/13/2025,1/14/2025,693.2415,699.8027,660.2704,688.1901,1452753295.40,100147667385.36
BNB,1/12/2025,1/13/2025,697.0262,697.9804,690.0193,692.6835,702569334.34,102445522887.46
BNB,1/11/2025,1/12/2025,693.1457,700.8125,690.6768,696.9068,1098009573.49,102575618261.20
BNB,1/10/2025,1/11/2025,686.7619,700.3818,684.0662,693.5262,1730781329.16,102226503375.36
BNB,1/9/2025,1/10/2025,695.4595,701.118,676.272,685.5083,2020487382.68,102304509590.89
BNB,1/8/2025,1/9/2025,697.3693,705.9796,679.3695,696.0956,2556354138.74,102582686876.77
BNB,1/7/2025,1/8/2025,729.8864,732.7803,692.2388,696.2478,2310888789.16,105942538982.50
BNB,1/6/2025,1/7/2025,709.6334,743.2518,706.5655,729.7286,1320082298.89,106406579874.22
BNB,1/5/2025,1/6/2025,712.648,713.3996,703.5242,709.0636,964759355.54,104598085913.95
BNB,1/4/2025,1/5/2025,714.4281,720.4655,708.7273,713.707,1483643680.62,105506718272.09
BNB,1/3/2025,1/4/2025,705.6831,714.756,697.702,713.193,1474724399.00,104303273460.89
BNB,1/2/2025,1/3/2025,717.0292,725.7732,702.2153,706.056,1470661492.01,105068216158.67
BNB,1/1/2025,1/2/2025,701.8916,720.7541,701.8916,719.978,1339515500.83,105592014055.23
BNB,12/31/2024,1/1/2025,705.1875,713.9622,699.2461,701.8848,1652644706.60,104027698339.56
BNB,12/30/2024,12/31/2024,693.4375,711.4673,688.3538,704.4308,1526391227.40,103142563415.50
BNB,12/29/2024,12/30/2024,722.8357,723.1253,690.8551,695.2106,1650457832.96,104612782492.75
BNB,12/28/2024,12/29/2024,691.7,730.2519,691.7,721.5436,1630183223.56,104716289674.31
BNB,12/27/2024,12/28/2024,690.7857,708.8943,686.2737,691.7698,2079092740.23,102582131488.51
BNB,12/26/2024,12/27/2024,703.8336,716.0905,685.256,688.7567,1913517886.13,102827665096.46
BNB,12/25/2024,12/26/2024,696.1271,711.796,696.1271,702.1806,1672755383.90,103792366483.31
BNB,12/24/2024,12/25/2024,691.9711,698.0758,682.7529,697.3545,2503219810.84,102049931448.00
BNB,12/23/2024,12/24/2024,648.9902,697.2954,639.1585,692.682,2669510397.32,99191406252.46
BNB,12/22/2024,12/23/2024,661.7717,669.081,640.7057,648.7355,2121644788.77,97224882361.40
BNB,12/21/2024,12/22/2024,678.8155,692.2197,653.5822,662.7888,3288334439.35,99388765672.84
BNB,12/20/2024,12/21/2024,664.9168,679.2806,620.77,677.3522,4356161061.36,97885215174.07
BNB,12/19/2024,12/20/2024,687.9341,704.2874,652.0874,667.8085,3832593706.04,101586458818.16
BNB,12/18/2024,12/19/2024,717.3548,721.3899,687.2313,688.5528,3039480841.87,104897933421.28
BNB,12/17/2024,12/18/2024,718.964,734.5698,712.6861,716.0181,2377888209.45,106560406573.41
BNB,12/16/2024,12/17/2024,718.4802,729.0769,704.2827,719.9265,2156903813.71,105646764099.83
BNB,12/15/2024,12/16/2024,715.3101,722.9925,702.056,721.3321,1605905646.20,105377203431.00
BNB,12/14/2024,12/15/2024,727.1828,731.2021,704.2836,715.191,2440457203.42,106070339632.37
BNB,12/13/2024,12/14/2024,705.2136,728.8553,697.4038,725.886,2790368138.28,105273258253.20
BNB,12/12/2024,12/13/2024,711.0691,724.3355,699.2803,704.6166,2963934254.28,105454323678.55
BNB,12/11/2024,12/12/2024,677.5692,710.8358,659.6837,709.6575,3655390003.57,101747681543.05
BNB,12/10/2024,12/11/2024,684.5275,703.272,650.7415,675.7371,5683078230.67,100816316933.17
BNB,12/9/2024,12/10/2024,741.7746,741.7746,665.0425,688.0952,2992645033.83,105743387006.76
BNB,12/8/2024,12/9/2024,751.6038,757.4164,729.2914,744.0453,2529786214.94,109723654362.64
BNB,12/7/2024,12/8/2024,731.8241,760.3325,731.8241,749.9149,3323668252.98,110073263755.42
BNB,12/6/2024,12/7/2024,716.183,744.527,708.2794,731.5772,4505043761.43,107502052867.64
BNB,12/5/2024,12/6/2024,738.7157,738.8063,697.2784,718.1156,7793251976.60,106938678359.32
BNB,12/4/2024,12/5/2024,741.2197,792.4016,723.4756,738.3415,10330421613.26,111537905862.17
BNB,12/3/2024,12/4/2024,647.3762,742.3571,626.4433,736.5313,3910835438.80,97607080155.49
BNB,12/2/2024,12/3/2024,656.1085,665.8949,629.8781,646.8849,2852783295.07,95043821298.07
BNB,12/1/2024,12/2/2024,654.1179,662.5575,645.9165,655.1015,2163833187.29,96646753648.22
BNB,11/30/2024,12/1/2024,653.6942,675.6108,648.2962,653.9501,2458072352.43,97091209589.82
BNB,11/29/2024,11/30/2024,654.201,662.6596,649.0558,653.7226,2394948447.72,96638177961.53
BNB,11/28/2024,11/29/2024,643.2722,661.4221,641.7249,653.9489,3275016402.06,96330245109.34
BNB,11/27/2024,11/28/2024,610.8892,645.7501,608.9248,644.3606,3017069374.75,92488942216.91
BNB,11/26/2024,11/27/2024,633.4402,644.7751,602.2203,613.4738,3589547898.30,92290562005.13
BNB,11/25/2024,11/26/2024,655.1353,669.9889,628.4316,635.6093,3952243682.38,96129701963.31
BNB,11/24/2024,11/25/2024,649.0884,679.7686,638.2605,657.3277,4554908936.75,96794288759.18
BNB,11/23/2024,11/24/2024,631.464,674.1227,630.8318,648.2527,3981164552.55,96408154860.82
BNB,11/22/2024,11/23/2024,622.6952,637.1307,616.747,631.4943,3204750402.84,92484929496.69
BNB,11/21/2024,11/22/2024,605.4281,627.4829,595.1106,622.2968,2757239290.37,90640563192.57
BNB,11/20/2024,11/21/2024,614.0144,618.9594,600.1437,605.363,2055611390.46,90160820598.52
BNB,11/19/2024,11/20/2024,618.4467,620.9809,607.0846,615.036,2225475660.95,90928606621.08
BNB,11/18/2024,11/19/2024,618.4589,628.3634,612.859,619.1422,2360531748.15,91711374809.57
BNB,11/17/2024,11/18/2024,622.9134,644.1392,606.9804,617.4521,2793514045.21,92156307980.95
BNB,11/16/2024,11/17/2024,619.0796,632.254,617.4685,621.8959,2302566096.29,92120736803.61
BNB,11/15/2024,11/16/2024,622.3971,627.4906,604.6677,618.4421,3689794553.08,91089671537.84
BNB,11/14/2024,11/15/2024,620.3488,658.9213,612.4359,621.5285,4755828810.80,93117571722.01
BNB,11/13/2024,11/14/2024,626.7525,637.5366,600.3354,619.356,4231298170.84,90865021681.23
BNB,11/12/2024,11/13/2024,653.7659,664.5852,613.7964,627.8461,5631575229.67,93942792431.53
BNB,11/11/2024,11/12/2024,628.0742,662.278,613.7276,662.278,3901147176.83,92857788015.87
BNB,11/10/2024,11/11/2024,622.2492,642.5694,614.4478,628.0457,2983982809.42,93170422308.77
BNB,11/9/2024,11/10/2024,597.1566,637.0744,597.1566,623.3469,3005045762.87,91907063745.78
BNB,11/8/2024,11/9/2024,599.2282,605.3522,589.0609,597.2011,1624499055.77,88082071816.95
BNB,11/7/2024,11/8/2024,592.1661,609.8697,588.171,597.803,2077361629.40,88166775754.97
BNB,11/6/2024,11/7/2024,564.2409,593.7219,563.8805,591.5336,2134633407.86,85979976879.20
BNB,11/5/2024,11/6/2024,553.1975,571.6976,551.7778,563.6357,1188783263.56,82816626609.74
BNB,11/4/2024,11/5/2024,557.1804,564.1235,545.0693,552.3223,1120825044.69,82287637393.32
BNB,11/3/2024,11/4/2024,568.4534,569.0293,549.3181,558.4223,1020673916.15,82552802673.64
BNB,11/2/2024,11/3/2024,573.1321,576.1962,563.0791,568.2847,1077173846.73,84347271274.29
BNB,11/1/2024,11/2/2024,576.5516,584.6175,568.9647,572.8397,1553178165.35,84918602098.60
BNB,10/31/2024,11/1/2024,595.5418,595.8619,571.9954,576.2781,1233602489.62,86140975618.30
BNB,10/30/2024,10/31/2024,605.1533,605.1839,594.2425,595.7863,1291233744.80,88467028349.76
BNB,10/29/2024,10/30/2024,600.0043,610.9335,599.6583,604.9394,1263705537.44,89326916580.11
BNB,10/28/2024,10/29/2024,588.3659,603.1378,585.456,600.0155,774593562.77,87365930940.20
BNB,10/27/2024,10/28/2024,582.4926,589.7798,581.4063,588.5569,578966154.28,86322062485.83
BNB,10/26/2024,10/27/2024,572.7489,586.0756,572.7489,582.8473,1213104047.16,85796706458.01
BNB,10/25/2024,10/26/2024,593.9292,596.1067,567.9763,573.2334,5026358839.21,86945382970.53
BNB,10/24/2024,10/25/2024,584.0938,596.4302,583.293,593.6513,1044619508.52,87161397595.97
BNB,10/23/2024,10/24/2024,593.3178,593.3178,573.1452,584.3717,1071073193.90,86166538185.55
BNB,10/22/2024,10/23/2024,599.052,599.3044,587.6841,593.1486,1242955931.11,87781209328.66
BNB,10/21/2024,10/22/2024,604.8857,610.1158,592.0754,599.0609,1201332555.91,88856747770.32
BNB,10/20/2024,10/21/2024,596.6318,605.5863,593.0162,604.3471,556606959.62,88078189138.13
BNB,10/19/2024,10/20/2024,598.8507,600.1351,594.9257,596.7916,684953338.56,88104501667.27
BNB,10/18/2024,10/19/2024,592.0499,601.3528,591.4799,598.6583,933829628.92,88096601434.74
BNB,10/17/2024,10/18/2024,601.2359,604.935,585.544,591.6835,1240254571.35,87770617460.61
BNB,10/16/2024,10/17/2024,595.1664,604.5708,589.9347,600.3333,3863835704.44,87975554761.01
BNB,10/15/2024,10/16/2024,589.727,598.7123,578.2864,594.4156,8546640559.94,86994010940.30
BNB,10/14/2024,10/15/2024,572.6095,591.5008,570.5173,589.3125,5995246648.29,85966184008.34
BNB,10/13/2024,10/14/2024,577.5757,578.7285,565.3918,572.1543,4100009973.71,84562316271.27
BNB,10/12/2024,10/13/2024,574.112,579.3193,574.112,576.8419,5388627349.45,85176006083.46
BNB,10/11/2024,10/12/2024,562.9753,576.9148,560.2254,572.9244,6195685795.89,83783740002.00
BNB,10/10/2024,10/11/2024,570.818,572.6378,552.1299,562.5337,6454347897.53,83539177050.91
BNB,10/9/2024,10/10/2024,581.3149,585.5636,567.7436,570.4783,9120963089.36,85351585551.93
BNB,10/8/2024,10/9/2024,565.6261,585.5014,561.2762,581.0149,6939829675.97,84756762384.14
BNB,10/7/2024,10/8/2024,570.8232,581.1059,564.5865,564.5865,4888401587.62,84679921141.93
BNB,10/6/2024,10/7/2024,561.049,571.6944,560.0959,570.5639,3275251110.02,83264650693.57
BNB,10/5/2024,10/6/2024,555.436,563.7388,552.1503,561.8039,4476712633.46,82557531572.69
BNB,10/4/2024,10/5/2024,544.8489,558.9119,541.8733,554.9257,5762053194.72,81373354174.10
BNB,10/3/2024,10/4/2024,541.7904,550.4121,535.4792,544.2556,7176830368.74,80204575546.82
BNB,10/2/2024,10/3/2024,547.2937,557.8187,536.1527,542.3153,11282341025.59,80937397714.63
BNB,10/1/2024,10/2/2024,567.2515,582.9323,539.9859,548.4376,8611814635.83,83689808113.48
BNB,9/30/2024,10/1/2024,594.4838,595.4721,565.5045,567.507,7637428599.11,85133705663.05
BNB,9/29/2024,9/30/2024,601.3858,603.1375,593.3065,597.045,5201588151.23,88319448708.99
BNB,9/28/2024,9/29/2024,608.4044,616.9854,595.8994,602.0801,10317786808.73,89079864125.84
BNB,9/27/2024,9/28/2024,597.2004,614.2662,597.2004,608.3211,10651595554.61,89527431702.19
BNB,9/26/2024,9/27/2024,587.721,609.0094,582.5021,596.9892,7928601769.79,87750672485.67
BNB,9/25/2024,9/26/2024,606.8385,608.3171,584.7287,587.7116,7459226082.49,88036468170.57
BNB,9/24/2024,9/25/2024,605.7309,613.3413,601.0163,606.9618,9829062288.57,89404141930.30
BNB,9/23/2024,9/24/2024,589.4697,616.0187,586.6479,604.6879,8702414191.23,88393086017.43
BNB,9/22/2024,9/23/2024,589.1782,593.6774,578.3834,588.4747,5176282620.96,86186823869.99
BNB,9/21/2024,9/22/2024,568.6952,590.0065,566.6975,589.5987,6066585064.20,85650004815.09
BNB,9/20/2024,9/21/2024,567.9697,577.061,560.0675,568.3013,7862842759.17,83996851603.96
BNB,9/19/2024,9/20/2024,560.0221,572.1143,553.9485,566.4938,7348830145.94,83043920383.98
BNB,9/18/2024,9/19/2024,546.2651,559.1672,537.8971,558.6053,4733273596.50,80457265698.68
BNB,9/17/2024,9/18/2024,535.0496,550.8765,530.2482,546.3017,2414340305.76,79975058882.51
BNB,9/16/2024,9/17/2024,554.6254,554.6254,528.5011,534.5848,1442113478.70,80021619199.43
BNB,9/15/2024,9/16/2024,554.026,561.467,552.6435,554.157,701993518.20,82098776529.54
BNB,9/14/2024,9/15/2024,557.4306,559.1429,548.8121,553.7619,1088519329.79,81656494011.85
BNB,9/13/2024,9/14/2024,544.1839,559.0598,539.1733,557.1269,1302102280.40,80844826247.18
BNB,9/12/2024,9/13/2024,530.7879,547.9071,530.7879,543.8988,1488618116.26,79982079008.93
BNB,9/11/2024,9/12/2024,516.794,533.9424,507.5764,530.2275,1076349203.42,76570468324.69
BNB,9/10/2024,9/11/2024,517.7477,523.2468,514.3115,517.7362,1137597592.09,76558833708.83
BNB,9/9/2024,9/10/2024,503.3064,524.7128,502.4743,519.0105,1098913758.64,75258804400.01
BNB,9/8/2024,9/9/2024,493.0329,506.3252,491.4308,502.8517,876931216.67,73541574108.84
BNB,9/7/2024,9/8/2024,488.9521,496.7883,486.7594,493.4606,14064710000.74,72535631048.81
BNB,9/6/2024,9/7/2024,509.0567,515.258,477.1895,488.3889,14147612822.08,73908097777.01
BNB,9/5/2024,9/6/2024,524.194,526.8871,505.464,508.6512,14532849942.95,75870649518.31
BNB,9/4/2024,9/5/2024,522.2254,528.3103,505.692,524.0433,14809252696.22,76347891365.79
BNB,9/3/2024,9/4/2024,535.1237,541.2953,521.3581,521.3581,14772030458.09,78370038928.53
BNB,9/2/2024,9/3/2024,519.1978,537.2843,518.8915,535.339,14788812407.15,77777749639.50
BNB,9/1/2024,9/2/2024,534.295,534.9665,518.459,519.2596,14343150807.35,77836333153.83
BNB,8/31/2024,9/1/2024,535.2395,538.604,532.8297,534.3258,14183856123.34,79053942191.71
BNB,8/30/2024,8/31/2024,536.289,542.4286,523.6038,535.5851,4659932546.96,78767122732.97
BNB,8/29/2024,8/30/2024,538.2071,545.6527,532.1661,537.1461,1433734149.17,79777304710.20
BNB,8/28/2024,8/29/2024,533.5716,546.0838,524.1856,537.3709,1918731064.80,79289211991.73
BNB,8/27/2024,8/28/2024,550.449,557.8136,525.9838,534.9955,1454461964.65,81224913298.38
BNB,8/26/2024,8/27/2024,575.1686,575.3014,547.9073,548.9339,1298490889.81,82949416704.20
BNB,8/25/2024,8/26/2024,582.1726,583.9069,569.945,573.8615,1536014481.61,85095220304.07
BNB,8/24/2024,8/25/2024,592.3625,592.3625,576.0149,580.5322,1843575204.46,86004713691.44
BNB,8/23/2024,8/24/2024,583.6973,597.6375,576.0639,591.363,1828832393.94,86111388469.66
BNB,8/22/2024,8/23/2024,570.6073,589.2306,561.6452,583.496,1795740994.65,85189159185.74
BNB,8/21/2024,8/22/2024,570.3328,574.4331,547.8354,569.8484,1871228942.10,82861418795.81
BNB,8/20/2024,8/21/2024,559.7275,574.9311,559.7275,569.9765,1795196021.16,83915055574.25
BNB,8/19/2024,8/20/2024,529.9701,560.6096,529.9701,560.6096,1095984075.76,79968064723.19
BNB,8/18/2024,8/19/2024,542.0119,542.3192,531.8452,531.8452,1129590560.25,79417000609.25
BNB,8/17/2024,8/18/2024,520.406,547.2478,519.2465,542.2276,1078131777.22,78291275089.53
BNB,8/16/2024,8/17/2024,519.3841,524.2808,511.4936,520.0793,1366763910.77,76641639474.66
BNB,8/15/2024,8/16/2024,523.5213,533.5637,511.5187,520.2047,1281557260.64,77055101088.83
BNB,8/14/2024,8/15/2024,524.3103,531.0692,517.8673,523.8607,1411165755.40,77553969810.66
BNB,8/13/2024,8/14/2024,519.2216,525.5206,514.7306,524.0361,1686429363.41,76843004622.08
BNB,8/12/2024,8/13/2024,504.63,523.6184,502.3566,519.0833,1543649720.82,75528128589.32
BNB,8/11/2024,8/12/2024,524.0527,535.4561,504.1392,504.55,1043866021.61,77189056465.16
BNB,8/10/2024,8/11/2024,508.3316,524.7343,507.924,523.5139,997770793.08,76054956259.79
BNB,8/9/2024,8/10/2024,516.0967,517.8441,500.2648,508.9814,1447485211.15,75121466406.60
BNB,8/8/2024,8/9/2024,475.0877,520.3906,468.6942,517.6274,1678110074.60,72987190931.59
BNB,8/7/2024,8/8/2024,484.2928,497.3022,469.8625,474.5832,1899135583.88,71579023138.88
BNB,8/6/2024,8/7/2024,466.3496,492.8052,466.3496,484.3885,3741091763.60,71424237848.03
BNB,8/5/2024,8/6/2024,497.1538,497.1538,406.217,464.9334,5327387395.06,66362414307.04
BNB,8/4/2024,8/5/2024,526.278,528.1543,487.1958,495.3909,1566039258.76,76007423692.00
BNB,8/3/2024,8/4/2024,539.2355,541.7433,519.7122,527.193,1942777128.89,78703311647.63
BNB,8/2/2024,8/3/2024,572.868,573.2744,537.9685,540.0177,1842858069.24,82778193339.34
BNB,8/1/2024,8/2/2024,576.998,577.9366,550.6106,571.8301,1584716953.22,83297236421.07
BNB,7/31/2024,8/1/2024,588.6454,592.3848,575.9947,576.9811,1322697301.97,86355463632.98
BNB,7/30/2024,7/31/2024,574.2704,587.4324,568.3428,587.4324,1331929021.37,84743307291.75
BNB,7/29/2024,7/30/2024,584.5333,596.6996,574.6115,574.6685,1112745176.76,86623571684.51
BNB,7/28/2024,7/29/2024,580.8256,585.0791,575.4538,584.7315,1195423695.65,85786932580.54
BNB,7/27/2024,7/28/2024,581.2302,592.9022,575.3624,582.7295,1095344565.33,86316981821.99
BNB,7/26/2024,7/27/2024,570.8357,582.886,570.8357,581.2287,1381977846.88,85353951544.01
BNB,7/25/2024,7/26/2024,575.108,576.3305,555.2884,571.2065,1628116649.78,83383421463.11
BNB,7/24/2024,7/25/2024,583.0516,589.1371,572.1436,574.7891,1370765816.47,86101328782.56
BNB,7/23/2024,7/24/2024,588.5206,593.2581,579.1498,582.865,1538344641.16,86340549290.13
BNB,7/22/2024,7/23/2024,603.4933,604.9803,589.0086,589.2483,1615990589.26,88012643645.88
BNB,7/21/2024,7/22/2024,593.9288,603.6096,587.2145,601.9816,1055975622.91,88032749521.83
BNB,7/20/2024,7/21/2024,594.0092,598.2962,587.8281,594.0604,1724059080.81,87480678191.33
BNB,7/19/2024,7/20/2024,571.9396,597.8349,566.351,593.6005,1488602281.63,85616956152.60
BNB,7/18/2024,7/19/2024,569.8646,579.2482,563.752,572.354,1226805924.65,84476878003.02
BNB,7/17/2024,7/18/2024,576.9721,583.9854,565.5391,569.0148,1587157244.11,85117005295.17
BNB,7/16/2024,7/17/2024,587.2957,587.2957,557.0295,577.1512,1936674574.03,84709331319.56
BNB,7/15/2024,7/16/2024,546.6,586.6066,544.9962,585.8013,1410514802.01,83546176917.83
BNB,7/14/2024,7/15/2024,532.8886,547.8109,532.8886,545.8439,1044914682.29,79389321437.22
BNB,7/13/2024,7/14/2024,534.2747,539.5859,528.6823,532.9113,1045213563.85,78804362646.21
BNB,7/12/2024,7/13/2024,525.3176,537.8069,518.9378,534.2969,1491794101.50,77816635098.11
BNB,7/11/2024,7/12/2024,524.4977,539.3365,522.0763,525.7475,1339993743.33,77968530894.55
BNB,7/10/2024,7/11/2024,517.0819,529.0638,512.8435,524.773,1237916719.54,77158328185.19
BNB,7/9/2024,7/10/2024,510.9211,521.1024,508.0612,517.1584,1745900141.86,76114864509.69
BNB,7/8/2024,7/9/2024,492.0261,522.3909,473.5542,511.1453,2256794740.45,74380785450.86
BNB,7/7/2024,7/8/2024,525.7726,525.7973,490.7768,491.4583,1423034181.36,74916444160.22
BNB,7/6/2024,7/7/2024,497.0803,530.7587,496.9966,528.0374,1840743707.48,75852350088.75
BNB,7/5/2024,7/6/2024,511.1388,515.9676,457.2846,497.926,3265912789.23,72009148252.74
BNB,7/4/2024,7/5/2024,557.6055,557.6055,513.2037,515.0204,1909798933.74,78243686576.69
BNB,7/3/2024,7/4/2024,580.0706,580.9697,551.3991,557.6899,1241222050.47,83113716715.29
BNB,7/2/2024,7/3/2024,577.2779,581.4713,574.8455,579.8972,951851617.06,85396148712.93
BNB,7/1/2024,7/2/2024,582.5248,588.0132,577.0413,577.4793,1119764148.26,85915137957.86
BNB,6/30/2024,7/1/2024,570.3945,584.6968,568.8013,583.04,795337280.55,84957121394.89
BNB,6/29/2024,6/30/2024,567.6377,573.9482,567.4811,570.1463,974569084.05,84293793876.75
BNB,6/28/2024,6/29/2024,581.6332,584.9346,566.2704,568.0176,1137589609.28,84971841215.51
BNB,6/27/2024,6/28/2024,573.2452,583.9277,567.5233,581.4936,1107945513.20,84995605005.57
BNB,6/26/2024,6/27/2024,577.7781,584.3781,568.672,572.7374,1070102284.20,84940076203.91
BNB,6/25/2024,6/26/2024,568.2951,579.3602,567.6758,578.6197,1617676402.79,84767763915.95
BNB,6/24/2024,6/25/2024,577.8185,581.66,553.9245,567.9426,1468203672.48,83872971632.38
BNB,6/23/2024,6/24/2024,591.2347,593.209,576.9016,578.0452,820636193.92,86809738598.80
BNB,6/22/2024,6/23/2024,586.6062,591.675,582.0488,591.1824,1020769883.56,86612109788.67
BNB,6/21/2024,6/22/2024,587.9271,589.2751,578.8027,586.5805,1457644394.17,86420284403.02
BNB,6/20/2024,6/21/2024,597.9677,607.7007,586.4665,587.7757,1395216333.25,88340065435.87
BNB,6/19/2024,6/20/2024,589.3037,605.993,587.5401,598.6399,1752009829.83,88300871919.53
BNB,6/18/2024,6/19/2024,604.6255,604.6255,576.0954,588.9363,2140354871.62,86781754865.67
BNB,6/17/2024,6/18/2024,610.9833,612.5946,593.7507,604.7756,1188781548.28,89187452981.99
BNB,6/16/2024,6/17/2024,608.0555,611.8295,602.562,610.7117,904743536.26,89688032912.64
BNB,6/15/2024,6/16/2024,603.4444,609.5076,602.2924,608.5168,1376258965.75,89543111741.43
BNB,6/14/2024,6/15/2024,601.8767,612.6388,591.8029,603.737,1547537845.15,88993974646.41
BNB,6/13/2024,6/14/2024,617.6107,619.8299,597.5235,600.0038,2169268798.64,89489759088.99
BNB,6/12/2024,6/13/2024,602.9319,634.3813,593.6611,619.3568,2566913798.41,91020127524.90
BNB,6/11/2024,6/12/2024,625.8773,628.6718,597.3645,602.9436,3684579874.39,90299086468.74
BNB,6/10/2024,6/11/2024,672.5855,674.8334,616.6531,624.3062,2157472345.30,95816436540.33
BNB,6/9/2024,6/10/2024,683.15,684.602,670.9977,673.8413,1413833398.23,100104060740.69
BNB,6/8/2024,6/9/2024,681.3806,694.5858,679.2939,683.1999,2504716859.46,101205548274.34
BNB,6/7/2024,6/8/2024,710.4167,710.4167,666.9261,683.8835,2891786870.77,102968066082.63
BNB,6/6/2024,6/7/2024,699.2692,718.8821,693.692,710.1106,2919803195.50,103942406669.97
BNB,6/5/2024,6/6/2024,688.2342,711.469,685.5276,698.9959,4498014030.81,103172592073.83
BNB,6/4/2024,6/5/2024,627.7232,687.1883,625.8288,687.1883,2944001614.64,95719468347.51
BNB,6/3/2024,6/4/2024,602.6999,637.4976,601.4288,626.7862,2234351540.00,91865390290.41
BNB,6/2/2024,6/3/2024,601.7711,604.9534,596.4786,603.4264,1115149947.04,88678717106.69
BNB,6/1/2024,6/2/2024,594.2005,607.6413,593.2261,601.3521,916915309.17,88067265661.97
BNB,5/31/2024,6/1/2024,594.8973,598.0414,590.1901,594.4896,1060820058.06,87636496151.66
BNB,5/30/2024,5/31/2024,595.8787,600.8674,587.1759,595.4208,1160676271.39,87890628945.26
BNB,5/29/2024,5/30/2024,601.968,603.2103,593.6052,595.7155,1242570042.44,88347384621.49
BNB,5/28/2024,5/29/2024,603.3275,604.4752,595.0616,601.7775,1436809485.21,88583427162.42
BNB,5/27/2024,5/28/2024,599.7801,613.0178,599.7801,603.7397,1019062766.33,89214444008.76
BNB,5/26/2024,5/27/2024,602.5599,604.9843,598.5623,600.0998,817769364.53,88806461531.68
BNB,5/25/2024,5/26/2024,600.3643,606.6168,600.2677,602.4278,1072997267.98,88914836309.75
BNB,5/24/2024,5/25/2024,598.1169,603.7502,589.3734,600.7664,2248335662.60,88324526071.70
BNB,5/23/2024,5/24/2024,615.5856,616.7014,583.689,598.7019,2056380666.01,89293818239.63
BNB,5/22/2024,5/23/2024,618.8931,625.2919,611.3085,614.8982,2544753900.05,91253407195.88
BNB,5/21/2024,5/22/2024,598.5913,629.077,594.5734,618.0471,3502384145.54,90238611946.54
BNB,5/20/2024,5/21/2024,574.6077,601.4778,570.4955,600.246,1157045078.16,85428256150.21
BNB,5/19/2024,5/20/2024,580.7019,582.1994,572.8916,575.1959,884017494.20,85368037124.16
BNB,5/18/2024,5/19/2024,580.8092,582.4124,575.4212,580.764,1021451953.13,85521043835.41
BNB,5/17/2024,5/18/2024,569.2184,584.8478,569.2184,581.4322,1364794940.55,85193863669.06
BNB,5/16/2024,5/17/2024,583.2486,586.4279,566.255,569.6636,1782911807.48,85151621099.22
BNB,5/15/2024,5/16/2024,566.523,587.6572,562.6361,583.4026,1845940245.61,84867703213.63
BNB,5/14/2024,5/15/2024,591.7576,592.9579,564.8528,567.151,1600202451.49,85553984547.40
BNB,5/13/2024,5/14/2024,595.5242,598.2587,586.6638,591.9115,1554870866.87,87657371618.15
BNB,5/12/2024,5/13/2024,592.9841,599.6078,588.636,594.948,991034743.38,87603372188.50
BNB,5/11/2024,5/12/2024,586.6493,594.6376,582.7881,592.3189,1411654039.75,86965009753.45
BNB,5/10/2024,5/11/2024,595.7558,597.1992,582.9219,585.9877,1732551351.10,87282641800.00
BNB,5/9/2024,5/10/2024,589.3828,601.4263,587.0134,596.2086,2098335329.75,87896208952.25
BNB,5/8/2024,5/9/2024,577.9578,589.4679,576.8055,588.3935,1570406781.10,86183772592.45
BNB,5/7/2024,5/8/2024,589.6262,598.728,577.5575,578.1764,1493376317.69,87034054136.24
BNB,5/6/2024,5/7/2024,593.3221,602.0294,583.8963,588.5511,1280071133.24,87381690792.48
BNB,5/5/2024,5/6/2024,586.7447,595.0622,580.8071,592.4236,1145793820.74,86794841226.91
BNB,5/4/2024,5/5/2024,588.1541,593.4268,583.9284,586.3339,1448143880.21,86788388440.65
BNB,5/3/2024,5/4/2024,561.1456,589.9721,559.842,586.8259,1628605035.82,84479640804.07
BNB,5/2/2024,5/3/2024,562.6199,565.8032,544.6627,561.3473,2340099532.80,82245227330.14
BNB,5/1/2024,5/2/2024,577.7418,578.9465,540.9906,562.3815,3388160051.21,82333620357.17
BNB,4/30/2024,5/1/2024,593.957,603.2387,557.7076,578.917,2393497758.67,85824975946.00
BNB,4/29/2024,4/30/2024,601.2918,603.0382,584.485,593.3286,1621409347.74,87350834512.63
BNB,4/28/2024,4/29/2024,597.4541,607.8224,596.9806,600.2157,1365441918.12,88932323326.19
BNB,4/27/2024,4/28/2024,598.9617,599.7722,586.7677,596.9679,1657125766.45,87526698695.02
BNB,4/26/2024,4/27/2024,614.8373,615.005,597.8899,598.5493,1982961448.12,89385078740.09
BNB,4/25/2024,4/26/2024,608.6102,617.8776,601.4578,614.2769,2753120178.67,90034430064.72
BNB,4/24/2024,4/25/2024,607.2953,617.1581,594.393,608.1913,2615856575.72,89967163105.65
BNB,4/23/2024,4/24/2024,604.4543,611.6007,600.6126,607.1927,2466764975.71,90628732666.62
BNB,4/22/2024,4/23/2024,580.686,607.5545,579.388,605.9322,2332869923.28,88487351042.81
BNB,4/21/2024,4/22/2024,570.1472,581.3962,567.7676,579.4486,1508631885.88,86163049145.67
BNB,4/20/2024,4/21/2024,555.9564,573.7877,550.3987,570.7097,1771561685.53,84090945741.83
BNB,4/19/2024,4/20/2024,551.1797,563.8207,527.3847,556.1824,2855486120.22,82849081213.22
BNB,4/18/2024,4/19/2024,535.7561,553.8678,528.9157,551.7751,3133261002.58,81736450775.32
BNB,4/17/2024,4/18/2024,538.4194,547.5128,518.3465,535.5445,2626628686.23,80340444942.78
BNB,4/16/2024,4/17/2024,553.2151,553.5264,526.1399,537.4991,3061808805.38,80966117587.53
BNB,4/15/2024,4/16/2024,563.9004,584.6296,548.6185,553.6,3327810159.79,84754052197.36
BNB,4/14/2024,4/15/2024,555.1363,569.4335,538.6378,566.5463,5802251090.99,82954960974.92
BNB,4/13/2024,4/14/2024,594.875,598.6123,520.1952,556.4911,5401195769.70,86721600678.71
BNB,4/12/2024,4/13/2024,605.9197,626.3403,584.0673,597.1419,3588268460.38,91351719277.14
BNB,4/11/2024,4/12/2024,609.2402,615.9983,593.8487,605.3837,3368401451.63,90486656206.08
BNB,4/10/2024,4/11/2024,580.4495,610.0007,574.7967,609.7329,2522755569.08,88278786355.69
BNB,4/9/2024,4/10/2024,587.735,589.7062,573.3335,581.5226,2230135972.08,86943437255.11
BNB,4/8/2024,4/9/2024,583.3217,599.6299,579.1745,587.9014,1650932169.60,88028398290.86
BNB,4/7/2024,4/8/2024,586.5489,590.6089,579.3897,584.1145,1179652082.51,87692033524.68
BNB,4/6/2024,4/7/2024,578.051,590.3602,576.1732,586.1148,1631802776.79,87161872178.10
BNB,4/5/2024,4/6/2024,582.6233,589.3791,566.3589,580.2602,2946546156.05,86654101617.66
BNB,4/4/2024,4/5/2024,562.8208,597.7228,562.8208,584.9792,2836142932.27,87380639650.19
BNB,4/3/2024,4/4/2024,551.8864,566.9043,542.567,562.7554,2860107439.20,83429521731.40
BNB,4/2/2024,4/3/2024,577.4573,578.1098,549.5274,551.626,3153529500.58,83705379641.28
BNB,4/1/2024,4/2/2024,607.0448,608.0467,570.7041,577.3528,3037043804.53,87723143807.37
BNB,3/31/2024,4/1/2024,601.836,608.9645,601.836,607.3094,1577068373.82,90586674640.39
BNB,3/30/2024,3/31/2024,611.8235,611.8235,598.6805,602.257,2907228976.75,90594909064.59
BNB,3/29/2024,3/30/2024,584.624,619.446,583.146,614.9665,3128687361.57,90866815411.20
BNB,3/28/2024,3/29/2024,575.1117,590.8471,575.1117,583.6681,2526368462.56,87416550732.95
BNB,3/27/2024,3/28/2024,580.6835,584.7586,566.912,574.6708,2332112922.37,86195996323.20
BNB,3/26/2024,3/27/2024,586.8333,596.8645,573.3373,580.5642,2674373225.60,87755108644.55
BNB,3/25/2024,3/26/2024,567.2152,596.654,565.8333,587.0772,2607675068.94,87430740450.72
BNB,3/24/2024,3/25/2024,554.0538,572.0193,550.4143,568.571,1952534451.72,83603499593.18
BNB,3/23/2024,3/24/2024,550.1358,566.7554,547.2848,553.8682,3498677318.83,83307478027.79
BNB,3/22/2024,3/23/2024,553.1927,587.1129,537.648,549.8404,4007716406.88,84054099881.19
BNB,3/21/2024,3/22/2024,553.3552,569.1492,544.2114,554.2225,4377338628.01,83151359918.82
BNB,3/20/2024,3/21/2024,509.6169,559.0243,504.077,556.9658,5700125321.22,78884761338.26
BNB,3/19/2024,3/20/2024,556.0513,559.4597,503.263,509.3673,7063307072.53,78449606569.37
BNB,3/18/2024,3/19/2024,571.9611,584.4582,543,554.64,5904689298.05,83924167103.75
BNB,3/17/2024,3/18/2024,581.2452,589.4369,553.9097,573.3671,5920091447.87,86247920024.07
BNB,3/16/2024,3/17/2024,635.7216,637.9922,572.8677,577.7715,8456930589.30,90248834434.41
BNB,3/15/2024,3/16/2024,604.3747,627.5972,548.1168,627.5972,8712271846.12,87868195457.26
BNB,3/14/2024,3/15/2024,625.2382,625.4604,570.8281,602.7047,8683451875.00,90492868650.60
BNB,3/13/2024,3/14/2024,535.8499,628.0128,532.0949,628.0128,7441427173.72,85838848733.31
BNB,3/12/2024,3/13/2024,522.7347,545.8959,522.2301,537.4103,5486624449.24,79827111857.17
BNB,3/11/2024,3/12/2024,528.0127,531.749,511.2969,522.2225,6401058681.87,77949591583.82
BNB,3/10/2024,3/11/2024,488.4774,535.7118,486.6184,528.461,4397447636.30,76953011331.14
BNB,3/9/2024,3/10/2024,487.4368,492.5467,482.4762,489.0803,4106425179.15,72748847065.17
BNB,3/8/2024,3/9/2024,475.6685,487.6993,464.7971,485.3926,5010505716.22,71191538194.87
BNB,3/7/2024,3/8/2024,429.7912,475.306,424.303,473.8792,4075860338.70,66408194676.29
BNB,3/6/2024,3/7/2024,393.9555,432.0904,386.6554,428.8316,5263926919.68,61929180728.08
BNB,3/5/2024,3/6/2024,418.508,426.0739,379.4678,395.6711,3519241675.08,61676031750.33
BNB,3/4/2024,3/5/2024,414.6753,423.085,412.214,418.6719,2223377500.67,62563180868.79
BNB,3/3/2024,3/4/2024,410.9044,416.568,405.7976,414.4423,1831991924.96,61712999796.23
BNB,3/2/2024,3/3/2024,407.5816,414.3675,407.0905,410.7868,1727672734.38,61238052322.57
BNB,3/1/2024,3/2/2024,399.9303,408.52,399.631,407.9331,2280046162.18,60732239370.29
BNB,2/29/2024,3/1/2024,413.0417,418.8102,393.882,399.7585,3610261843.00,61253007685.09
BNB,2/28/2024,2/29/2024,395.1956,425.4693,394.8617,415.4452,2479124074.90,60727775503.39
BNB,2/27/2024,2/28/2024,401.826,403.4025,391.1891,395.1345,2864452261.76,59436666649.24
BNB,2/26/2024,2/27/2024,388.6785,403.7762,383.5475,401.4714,2157408582.81,58662647698.37
BNB,2/25/2024,2/26/2024,382.4681,390.3989,378.8722,388.7146,1283100253.90,57389503462.31
BNB,2/24/2024,2/25/2024,375.9929,383.3265,372.8744,382.2178,1830114824.43,56837452442.65
BNB,2/23/2024,2/24/2024,382.7091,385.4006,370.1289,375.8249,2413528260.95,56451789694.07
BNB,2/22/2024,2/23/2024,378.8386,386.488,374.3496,382.1145,3704683147.73,56885296358.39
BNB,2/21/2024,2/22/2024,355.3619,378.4412,351.9885,378.0002,2687754892.90,54416055196.83
BNB,2/20/2024,2/21/2024,352.3634,360.3157,345.8128,354.9776,1838234006.33,53020365522.22
BNB,2/19/2024,2/20/2024,350.396,355.5452,350.396,351.9771,1513019316.13,52761138405.60
BNB,2/18/2024,2/19/2024,353.0143,357.9616,350.4155,350.418,1304996706.66,52845953427.36
BNB,2/17/2024,2/18/2024,361.1825,363.2425,349.1753,353.0912,1761308512.23,53287455663.69
BNB,2/16/2024,2/17/2024,354.2923,363.9113,352.6427,360.9454,2566776137.48,53610286565.49
BNB,2/15/2024,2/16/2024,334.2499,364.1931,334.0134,354.5848,1917185108.01,52049631919.90
BNB,2/14/2024,2/15/2024,324.711703,334.4756,323.5964712,334.1592,934933794.92,49944671916.35
BNB,2/13/2024,2/14/2024,328.5607,329.1185,319.8697773,325.1117326,1122666192.30,49220598917.48
BNB,2/12/2024,2/13/2024,320.753,330.3382,316.3736,327.9421,868391785.98,48077710229.26
BNB,2/11/2024,2/12/2024,322.9621,324.9829,320.7245,321.0192,741791275.69,48268046542.13
BNB,2/10/2024,2/11/2024,324.2529,325.5176,319.837,323.2904,1069370963.71,48299511428.79
BNB,2/9/2024,2/10/2024,319.1579,325.8014,318.2126,323.6959,1535942812.00,48254625194.49
BNB,2/8/2024,2/9/2024,307.934,320.2331,307.934,319.2522,1414103849.78,47204623566.09
BNB,2/7/2024,2/8/2024,303.243,308.5958,301.1297,308.0217,750324049.98,45504789046.49
BNB,2/6/2024,2/7/2024,300.887,303.7243,300.887,303.048,793056706.50,45245320614.34
BNB,2/5/2024,2/6/2024,305.1986,306.4781,300.0337,301.115,1169279396.43,45295230538.77
BNB,2/4/2024,2/5/2024,299.9235,307.5729,298.4621,304.9258,713661966.05,45219176332.06
BNB,2/3/2024,2/4/2024,301.1697,303.6433,299.8999,299.9359,664333885.02,45112963419.74
BNB,2/2/2024,2/3/2024,299.9752,304.5282,299.9752,301.2925,805178761.88,45153225890.00
BNB,2/1/2024,2/2/2024,300.777,301.9319,296.668,300.2174,1023684756.27,44788007824.73
BNB,1/31/2024,2/1/2024,307.7136,307.8393,299.1654,300.6679,893600758.81,45549490585.15
BNB,1/30/2024,1/31/2024,310.4239,313.0385,307.2944,307.6085,919713589.00,46428016127.37
BNB,1/29/2024,1/30/2024,304.7471,310.7841,304.7471,310.7287,873413259.62,46062692897.00
BNB,1/28/2024,1/29/2024,305.7154,308.6358,303.6596,305.0398,796045910.64,45787892284.71
BNB,1/27/2024,1/28/2024,302.1186,307.1288,302.1186,305.9171,1006391557.83,45529944530.76
BNB,1/26/2024,1/27/2024,291.8145,303.9549,291.1788,302.2631,1379949681.03,44684321085.55
BNB,1/25/2024,1/26/2024,293.1732,295.8153,287.9518,292.2114,1495804877.61,43642492164.07
BNB,1/24/2024,1/25/2024,298.2637,300.2664,291.082,293.685,1525774814.75,44036558921.24
BNB,1/23/2024,1/24/2024,305.829,311.3477,291.7063,298.6456,1513529176.47,45005863696.64
BNB,1/22/2024,1/23/2024,319.0101,319.9208,304.6273,305.4323,1103400534.08,46825718127.50
BNB,1/21/2024,1/22/2024,317.4174,321.5588,316.6433,318.8436,822410156.49,47702579587.27
BNB,1/20/2024,1/21/2024,314.0953,317.1774,312.6718,317.0662,1141970614.41,47057667159.13
BNB,1/19/2024,1/20/2024,312.6632,315.577,306.2471,314.3086,1641342322.68,46668142448.53
BNB,1/18/2024,1/19/2024,309.1109,315.017,306.0038,314.3599,1607017906.92,46511628886.71
BNB,1/17/2024,1/18/2024,315.1329,315.9478,307.7403,309.2818,1559190525.41,47104396715.79
BNB,1/16/2024,1/17/2024,317.3886,318.6811,313.7193,315.2528,2191770174.61,47984815276.03
BNB,1/15/2024,1/16/2024,300.8092,319.6002,300.7727,317.96,1853923868.32,47677198038.11
BNB,1/14/2024,1/15/2024,302.0954,306.6571,299.3431,299.3431,807863530.80,46123586837.40
BNB,1/13/2024,1/14/2024,297.1147,303.0442,292.4065,302.4412,1413829103.68,45426269707.54
BNB,1/12/2024,1/13/2024,308.5562,312.6423,291.5282,296.7673,1797050952.43,46516022826.18
BNB,1/11/2024,1/12/2024,305.7129,316.4577,303.4063,308.5874,2111335007.80,46861149521.02
BNB,1/10/2024,1/11/2024,300.7547,309.5675,291.6657,305.1435,1621393580.55,45370766996.13
BNB,1/9/2024,1/10/2024,304.1047,306.6537,296.881,301.1899,1735172651.62,45752189835.92
BNB,1/8/2024,1/9/2024,302.3629,307.847,291.7067,304.3041,1474078947.41,45601061052.87
BNB,1/7/2024,1/8/2024,307.0426,309.9077,301.0746,302.549,948154230.84,46498120707.71
BNB,1/6/2024,1/7/2024,317.3871,317.3871,301.2687,307.2925,1803790218.67,46485242848.81
BNB,1/5/2024,1/6/2024,323.4622,326.4572,310.7603,316.7818,1973317481.41,48257336877.41
BNB,1/4/2024,1/5/2024,315.5697,323.5315,311.611,323.5315,2912641097.10,48390733150.98
BNB,1/3/2024,1/4/2024,312.9235,332.1794,300.8168,316.3591,2539708165.92,48045966554.92
BNB,1/2/2024,1/3/2024,313.5324,320.9103,308.0393,311.9034,1355275639.14,47846909189.08
BNB,1/1/2024,1/2/2024,312.8798,315.579,307.761,314.229,1179764543.04,47252044432.38
BNB,12/31/2023,1/1/2024,317.1648,324.8441,310.5908,312.1512,1262502627.72,48234254451.99
BNB,12/30/2023,12/31/2023,313.4331,319.9028,313.3011,317.1089,1665400085.60,48031483892.39
BNB,12/29/2023,12/30/2023,323.4871,325.2777,309.3453,313.2474,3095120450.13,47995965391.17
BNB,12/28/2023,12/29/2023,319.9207,337.0712,319.9207,323.2359,3977369806.46,49678372022.73
BNB,12/27/2023,12/28/2023,296.7139,322.4839,286.2905,322.4839,3871479315.02,45981499938.85
BNB,12/26/2023,12/27/2023,266.8229,302.0408,265.083,297.5401,2330278385.48,43057044206.70
BNB,12/25/2023,12/26/2023,264.0105,267.9268,262.3053,267.1742,1013672345.26,40292755896.22
BNB,12/24/2023,12/25/2023,271.0291,272.5525,262.8348,264.5654,919856435.82,40785689078.38
BNB,12/23/2023,12/24/2023,271.6345,272.0809,266.147,271.2469,1135444750.51,40809862525.88
BNB,12/22/2023,12/23/2023,271.4724,276.0881,265.3169,271.4781,1865308359.59,41104874903.37
BNB,12/21/2023,12/22/2023,260.0647,274.0825,256.8001,271.1914,1787899511.79,40374487976.61
BNB,12/20/2023,12/21/2023,252.7901,261.3837,250.8375,259.8879,1949719889.09,38910888548.52
BNB,12/19/2023,12/20/2023,241.7656,254.5132,241.7415,252.4267,1513318880.64,37789510466.29
BNB,12/18/2023,12/19/2023,239.8095,241.3015,233.121,241.1858,1092197806.19,36042439626.44
BNB,12/17/2023,12/18/2023,244.4831,244.5134,239.1447,239.5437,746253082.13,36741674789.38
BNB,12/16/2023,12/17/2023,245.1385,248.003,243.7082,244.3262,905821339.76,37354185826.96
BNB,12/15/2023,12/16/2023,253.1666,253.1666,243.7713,244.6413,1121685049.26,37768978563.19
BNB,12/14/2023,12/15/2023,251.9022,253.9455,248.6352,253.3622,1419143849.47,38130178915.67
BNB,12/13/2023,12/14/2023,254.5267,255.3404,244.7206,252.2951,2344539321.17,37982927393.30
BNB,12/12/2023,12/13/2023,247.1761,256.4996,246.3192,254.3655,2835995584.32,38259844706.62
BNB,12/11/2023,12/12/2023,240.2223,246.6647,231.1491,246.1061,1857037640.88,36219618481.33
BNB,12/10/2023,12/11/2023,238.093,241.3662,237.3211,239.92,1038090625.62,36396426465.53
BNB,12/9/2023,12/10/2023,239.5397,245.0122,237.021,237.9757,1375134874.64,36618316121.70
BNB,12/8/2023,12/9/2023,233.363,239.7894,232.7462,239.0678,1271991578.87,35754261340.14
BNB,12/7/2023,12/8/2023,229.7891,234.6957,229.5768,232.9187,1269887165.42,35192787559.67
BNB,12/6/2023,12/7/2023,231.7448,234.5311,229.4781,229.6273,1301375682.24,35085209247.30
BNB,12/5/2023,12/6/2023,233.0571,234.3152,228.5625,231.2748,1959881682.68,35072970755.06
BNB,12/4/2023,12/5/2023,228.4346,236.2309,227.1254,233.1541,1887110508.70,35013095038.58
BNB,12/3/2023,12/4/2023,229.3533,231.7073,226.5848,228.1085,880759339.48,34609199195.57
BNB,12/2/2023,12/3/2023,228.8082,230.3287,226.9796,229.4015,652206110.22,34697157893.92
BNB,12/1/2023,12/2/2023,227.9785,230.0502,227.5456,228.6126,679133824.41,34720036549.24
BNB,11/30/2023,12/1/2023,227.5268,229.4158,226.4552,227.8561,688479563.03,34580823479.66
BNB,11/29/2023,11/30/2023,229.7597,231.2931,226.7001,227.3916,785136422.53,34739726559.05
BNB,11/28/2023,11/29/2023,227.5029,231.8403,224.9701,229.7131,983175765.81,34672089346.10
BNB,11/27/2023,11/28/2023,232.0906,232.9909,223.2739,227.6446,943516190.52,34586938004.18
BNB,11/26/2023,11/27/2023,234.7077,234.7077,229.6482,232.272,610159288.11,35337827081.42
BNB,11/25/2023,11/26/2023,232.7956,235.7733,232.698,234.4484,798988525.61,35519408489.69
BNB,11/24/2023,11/25/2023,234.1598,236.6339,232.269,232.8828,976398342.86,35579846846.11
BNB,11/23/2023,11/24/2023,237.6461,238.9849,230.8858,233.9017,1604814000.13,35569010182.85
BNB,11/22/2023,11/23/2023,227.6757,238.1711,227.3415,236.2568,4884329571.72,35497032164.45
BNB,11/21/2023,11/22/2023,253.29,269.468,226.1564,227.5519,3567107141.74,38565040404.17
BNB,11/20/2023,11/21/2023,246.5035,264.2911,243.3009,253.6375,1057284627.18,37886177161.64
BNB,11/19/2023,11/20/2023,244.8479,247.0408,242.7954,246.7453,644023174.79,37089352702.11
BNB,11/18/2023,11/19/2023,244.7289,245.2961,239.3675,245.0517,894224639.01,36949757719.91
BNB,11/17/2023,11/18/2023,242.9393,245.9157,239.3862,244.5068,1242724554.56,37020084680.51
BNB,11/16/2023,11/17/2023,253.5755,255.7207,240.6639,243.172,1322425935.09,37844944976.67
BNB,11/15/2023,11/16/2023,242.88,254.1741,242.88,253.6336,1257798698.20,37737134134.61
BNB,11/14/2023,11/15/2023,241.4057,248.3664,236.4937,242.4802,1203951929.05,36918468485.55
BNB,11/13/2023,11/14/2023,247.3679,249.793,241.3355,241.8127,948950271.00,37301087072.38
BNB,11/12/2023,11/13/2023,251.4541,251.4541,246.1162,247.7412,1027039899.67,37747513030.49
BNB,11/11/2023,11/12/2023,251.1974,255.0082,246.9782,251.4787,1076167543.36,38046436459.28
BNB,11/10/2023,11/11/2023,251.6656,257.4037,249.0535,250.8783,1812935975.89,38295831942.42
BNB,11/9/2023,11/10/2023,246.856,255.1688,243.8051,251.2283,1261015808.89,37737192880.86
BNB,11/8/2023,11/9/2023,246.2949,247.8466,244.8197,247.3372,1062658226.40,37389417171.76
BNB,11/7/2023,11/8/2023,254.523,255.4243,242.8773,246.5784,1309887645.99,37772132529.52
BNB,11/6/2023,11/7/2023,243.8961,255.139,242.3995,253.6745,1057675577.23,37635491678.61
BNB,11/5/2023,11/6/2023,237.8077,245.7179,236.9389,244.5916,868408865.15,36802337905.88
BNB,11/4/2023,11/5/2023,230.519,238.5755,229.881,237.441,690959118.97,35544469023.36
BNB,11/3/2023,11/4/2023,231.9557,232.1901,226.5379,230.9349,970185615.58,34797529401.44
BNB,11/2/2023,11/3/2023,228.3612,233.5481,228.0588,231.8961,1040285784.10,35006515412.57
BNB,11/1/2023,11/2/2023,226.2074,229.126,223.2665,228.0134,695120269.98,34226011218.54
BNB,10/31/2023,11/1/2023,228.2816,229.403,224.5727,226.6384,646674852.91,34424287071.28
BNB,10/30/2023,10/31/2023,227.6552,229.2833,225.3783,228.3579,562855179.14,34533355300.55
BNB,10/29/2023,10/30/2023,226.0071,228.3111,224.4674,227.444,474944380.16,34343010239.47
BNB,10/28/2023,10/29/2023,224.767,228.0301,224.767,225.9162,952023260.11,34376317442.16
BNB,10/27/2023,10/28/2023,223.3886,230.3748,220.5433,224.492,1042888242.74,34079927251.24
BNB,10/26/2023,10/27/2023,222.1271,227.6871,219.9819,223.2998,992283021.09,33972974334.41
BNB,10/25/2023,10/26/2023,225.7244,228.8541,222.0092,222.0472,1101128543.82,34207694288.99
BNB,10/24/2023,10/25/2023,229.0827,237.0077,223.177,224.9992,1557900326.60,34682018252.86
BNB,10/23/2023,10/24/2023,218.2201,229.9397,217.5271,228.1476,836229328.26,33542300607.54
BNB,10/22/2023,10/23/2023,214.4233,217.9133,213.9589,217.7581,535489897.22,32635455517.62
BNB,10/21/2023,10/22/2023,212.5639,215.7022,211.8396,214.2468,516998513.13,32389143040.98
BNB,10/20/2023,10/21/2023,211.7244,216.1322,211.0458,212.3058,609616913.01,32342861645.52
BNB,10/19/2023,10/20/2023,210.503,211.4976,208.7343,211.2816,498135121.78,31920161348.06
BNB,10/18/2023,10/19/2023,211.7998,213.7054,210.1243,210.5224,577255350.50,32173252090.11
BNB,10/17/2023,10/18/2023,215.1237,215.1237,210.2721,211.6089,823033874.59,32263366928.13
BNB,10/16/2023,10/17/2023,209.9726,216.7027,209.9058,214.8021,817273492.56,32457302468.22
BNB,10/15/2023,10/16/2023,207.1622,210.1165,206.724,209.6114,471449495.88,32053901176.45
BNB,10/14/2023,10/15/2023,206.1916,206.9855,205.8258,206.522,532639303.05,31754994206.25
BNB,10/13/2023,10/14/2023,205.118,207.5709,204.6485,205.8162,641230008.74,31658995202.86
BNB,10/12/2023,10/13/2023,206.7096,206.7096,203.7632,205.0349,679789564.20,31614071364.45
BNB,10/11/2023,10/12/2023,208.8857,208.8857,204.7542,206.5186,858420863.34,31773212568.92
BNB,10/10/2023,10/11/2023,206.0104,210.3231,206.0104,208.69,1015043093.99,31971727037.92
BNB,10/9/2023,10/10/2023,211.6282,212.326,203.3133,205.7362,683582234.24,32120657796.36
BNB,10/8/2023,10/9/2023,212.5656,213.0258,209.8072,211.4633,498614677.55,32574101517.93
BNB,10/7/2023,10/8/2023,213.823,214.0222,211.796,212.3306,546893501.26,32774471903.65
BNB,10/6/2023,10/7/2023,210.9413,214.2369,210.7064,213.5342,600117391.06,32674074723.29
BNB,10/5/2023,10/6/2023,213.453,213.9441,210.5308,210.6542,578167227.94,32651650033.89
BNB,10/4/2023,10/5/2023,213.4104,213.7272,210.9839,213.4149,684477096.26,32697311267.17
BNB,10/3/2023,10/4/2023,214.7987,215.8402,212.9057,213.3771,790990834.24,32987077555.77
BNB,10/2/2023,10/3/2023,218.2489,221.0327,213.6164,214.9229,962754436.19,33498634369.43
BNB,10/1/2023,10/2/2023,214.7972,218.9345,213.4779,218.0884,543852632.36,33122678718.05
BNB,9/30/2023,10/1/2023,215.2746,216.1388,214.5641,214.6779,594504194.23,33108829741.11
BNB,9/29/2023,9/30/2023,215.1285,217.325,214.7327,215.1563,743825981.07,33177372645.08
BNB,9/28/2023,9/29/2023,212.1621,216.6908,211.7643,215.0475,754701871.54,32891338009.45
BNB,9/27/2023,9/28/2023,212.7014,215.7086,211.217,212.0879,682231307.38,32746155876.47
BNB,9/26/2023,9/27/2023,210.1312,213.3274,210.0964,212.4315,659139503.92,32587959745.89
BNB,9/25/2023,9/26/2023,208.4682,210.4719,207.7228,210.0896,590831470.06,32201865976.47
BNB,9/24/2023,9/25/2023,210.8068,211.7757,208.0932,208.4277,393060699.94,32395227920.80
BNB,9/23/2023,9/24/2023,211.4925,211.805,210.4431,210.6949,458520020.19,32451199667.39
BNB,9/22/2023,9/23/2023,211.2077,212.1856,210.1314,211.2723,621449957.03,32488463336.54
BNB,9/21/2023,9/22/2023,214.3443,215.1941,209.93,210.9449,776655177.50,32648419856.49
BNB,9/20/2023,9/21/2023,217.2283,217.8587,213.8618,214.3906,639818377.84,33241564865.66
BNB,9/19/2023,9/20/2023,216.327,219.6115,215.7401,217.3673,803247128.99,33445681092.13
BNB,9/18/2023,9/19/2023,216.5796,220.9474,215.4524,216.037,853099515.17,33508935903.32
BNB,9/17/2023,9/18/2023,215.0934,216.702,213.9344,216.5779,557422256.52,33148935320.55
BNB,9/16/2023,9/17/2023,214.2948,215.7955,213.7171,215.0217,642170926.46,33034410320.33
BNB,9/15/2023,9/16/2023,212.3739,214.9406,211.4545,214.2516,600812839.94,32718133624.18
BNB,9/14/2023,9/15/2023,212.6431,214.9222,211.4964,212.3649,665944799.44,32695542312.83
BNB,9/13/2023,9/14/2023,210.5967,213.2567,209.5736,212.7461,790535338.84,32564472578.10
BNB,9/12/2023,9/13/2023,206.0946,213.4638,205.3063,211.2181,1011499382.50,32393362594.27
BNB,9/11/2023,9/12/2023,212.4335,212.7603,204.5827,206.0047,752394782.55,32110216768.27
BNB,9/10/2023,9/11/2023,214.3809,214.3809,211.6461,212.4459,505906357.71,32787601880.24
BNB,9/9/2023,9/10/2023,214.7959,215.3897,214.3556,214.3556,474512310.74,33076446325.18
BNB,9/8/2023,9/9/2023,217.0787,218.1275,213.6679,214.6406,658976491.68,33173703295.89
BNB,9/7/2023,9/8/2023,215.2715,217.8364,213.7699,216.8778,641781616.66,33128856246.35
BNB,9/6/2023,9/7/2023,214.5084,216.7837,212.7873,215.2926,567940314.94,33034714452.56
BNB,9/5/2023,9/6/2023,215.0842,215.6723,213.683,214.5303,602857385.25,33048782545.93
BNB,9/4/2023,9/5/2023,214.5604,216.2002,213.3096,215.2579,534625610.02,33067397030.52
BNB,9/3/2023,9/4/2023,214.7744,215.2116,213.5543,214.5448,474597851.85,32978613401.30
BNB,9/2/2023,9/3/2023,213.5742,215.4068,213.4127,214.4985,708498708.00,33000853186.27
BNB,9/1/2023,9/2/2023,216.8442,218.0457,211.8428,213.7196,874078304.98,33029945484.38
BNB,8/31/2023,9/1/2023,223.8683,225.6246,215.8304,216.752,670266788.63,34085072347.35
BNB,8/30/2023,8/31/2023,226.9246,226.9246,222.1251,223.9389,1085190951.08,34517046992.01
BNB,8/29/2023,8/30/2023,218.9856,232.8989,217.2283,226.8333,848238381.94,34181986787.20
BNB,8/28/2023,8/29/2023,218.381,219.1607,215.9694,218.9579,619437865.29,33508427222.17
BNB,8/27/2023,8/28/2023,216.6068,219.7444,216.2635,218.5028,477245418.81,33485125181.91
BNB,8/26/2023,8/27/2023,218.6205,218.8502,216.3719,216.5283,635682420.41,33421989890.09
BNB,8/25/2023,8/26/2023,219.3171,219.3171,214.2299,218.4769,869054384.37,33378259840.31
BNB,8/24/2023,8/25/2023,216.7909,220.4078,216.0109,218.6577,989196282.71,33557103694.55
BNB,8/23/2023,8/24/2023,212.077,218.4962,212.0755,216.3597,1529359917.36,33112009386.36
BNB,8/22/2023,8/23/2023,210.825,211.7949,204.2946,210.741,1243182587.74,32126050463.63
BNB,8/21/2023,8/22/2023,216.795,216.8578,207.3333,210.5531,834459671.23,32721195784.40
BNB,8/20/2023,8/21/2023,217.2249,217.9137,215.8065,216.5903,624202873.09,33352585316.25
BNB,8/19/2023,8/20/2023,216.4097,219.1758,214.584,217.3068,860351358.59,33289914487.54
BNB,8/18/2023,8/19/2023,219.1487,220.0725,214.3098,216.3202,1674444791.50,33468018107.05
BNB,8/17/2023,8/18/2023,231.9742,232.162,213.2091,218.7004,1104650920.98,35129584881.49
BNB,8/16/2023,8/17/2023,236.7709,237.1949,231.4224,231.9877,948114047.06,36068946211.20
BNB,8/15/2023,8/16/2023,240.301,240.5922,235.6235,236.8668,683015161.10,36770620358.36
BNB,8/14/2023,8/15/2023,240.1744,241.1206,239.934,240.444,624481588.90,37006968515.21
BNB,8/13/2023,8/14/2023,240.5021,241.6451,239.8892,240.2027,537017723.62,37012508279.49
BNB,8/12/2023,8/13/2023,239.6768,241.211,239.5546,240.3243,679123883.99,37009448001.73
BNB,8/11/2023,8/12/2023,241.4088,242.0343,238.4235,239.8048,761395537.60,36961364501.35
BNB,8/10/2023,8/11/2023,243.7998,244.0528,240.5752,241.4624,740546366.20,37273011165.80
BNB,8/9/2023,8/10/2023,245.3091,245.4614,242.9418,244.1826,904175756.56,37579714564.45
BNB,8/8/2023,8/9/2023,241.9501,247.6525,241.5842,245.2529,854201481.06,37526441683.08
BNB,8/7/2023,8/8/2023,243.4797,244.65,240.1083,241.9814,841234308.66,37292562559.11
BNB,8/6/2023,8/7/2023,243.4254,245.66,242.9458,242.9458,944116297.16,37567833378.95
BNB,8/5/2023,8/6/2023,241.6519,243.3615,240.3151,243.2821,742020009.82,37199789701.64
BNB,8/4/2023,8/5/2023,241.1576,243.3078,240.726,241.6003,793835790.72,37221032386.37
BNB,8/3/2023,8/4/2023,240.4686,241.6882,238.6653,241.3086,1192811866.49,37011629373.01
BNB,8/2/2023,8/3/2023,247.9077,248.3788,238.2389,240.4954,1343574957.33,37565989203.23
BNB,8/1/2023,8/2/2023,241.227,247.4201,239.0851,247.4201,1295394146.65,37555271369.29
BNB,7/31/2023,8/1/2023,242.7748,244.5159,241.0898,241.379,830610582.10,37384625282.89
BNB,7/30/2023,7/31/2023,242.7767,244.039,241.1683,242.7557,619729524.89,37342200114.03
BNB,7/29/2023,7/30/2023,242.0496,242.9011,241.4082,242.6916,598939337.38,37251407788.31
BNB,7/28/2023,7/29/2023,240.836,242.9534,240.1441,241.9918,752878203.59,37176965629.86
BNB,7/27/2023,7/28/2023,238.935,243.0174,238.7167,240.7136,890687127.15,37082285156.23
BNB,7/26/2023,7/27/2023,237.9983,240.4882,237.0254,239.1236,797248931.73,36658300229.15
BNB,7/25/2023,7/26/2023,239.3502,239.8024,237.1941,238.0767,915049691.52,36637299115.25
BNB,7/24/2023,7/25/2023,242.6708,242.9452,236.4439,239.2957,869495074.04,36876697274.36
BNB,7/23/2023,7/24/2023,241.1799,243.879,240.8838,242.5271,659700329.44,37311716379.66
BNB,7/22/2023,7/23/2023,243.8211,244.7896,240.5594,241.0455,732029566.65,37418268346.37
BNB,7/21/2023,7/22/2023,242.9931,245.1191,242.5865,243.7886,989585155.76,37548531455.59
BNB,7/20/2023,7/21/2023,241.2732,244.9026,240.7851,242.8481,1058121544.84,37454706552.20
BNB,7/19/2023,7/20/2023,240.3159,244.134,240.222,241.4916,1402058500.51,37727783364.29
BNB,7/18/2023,7/19/2023,244.3109,246.5221,238.9196,240.36,1697100004.75,37700512852.99
BNB,7/17/2023,7/18/2023,241.4675,244.7055,240.5118,244.4606,1520522199.03,37864267714.31
BNB,7/16/2023,7/17/2023,251.0453,251.6613,242.4447,242.4447,994931698.62,38654922372.48
BNB,7/15/2023,7/16/2023,247.9344,252.2719,247.3045,250.8382,1604704228.90,38980293151.62
BNB,7/14/2023,7/15/2023,256.2589,261.1496,243.855,247.8918,2380105329.95,39593445312.63
BNB,7/13/2023,7/14/2023,244.0368,256.8664,242.9194,256.1886,1432280453.51,38620563410.40
BNB,7/12/2023,7/13/2023,248.3355,249.9039,242.676,244.0881,1302175665.70,38460303983.18
BNB,7/11/2023,7/12/2023,244.9039,248.9893,244.1447,248.2503,1989797733.57,38435329025.43
BNB,7/10/2023,7/11/2023,233.9018,245.6333,232.1227,245.0417,1553611395.56,37302049780.24
BNB,7/9/2023,7/10/2023,236.1891,236.919,233.6888,234.1398,855131578.32,36635719586.08
BNB,7/8/2023,7/9/2023,235.394,237.2593,234.6785,236.1841,992632916.29,36789420004.66
BNB,7/7/2023,7/8/2023,232.1399,236.0022,232.0116,235.539,1497107364.94,36523848716.49
BNB,7/6/2023,7/7/2023,240.4153,244.0089,232.1329,232.6612,1347749250.91,37288509370.18
BNB,7/5/2023,7/6/2023,242.5673,243.7967,237.1014,240.462,1103850466.40,37509871035.21
BNB,7/4/2023,7/5/2023,246.2549,246.8257,241.2467,242.5813,1345893425.34,38115640059.79
BNB,7/3/2023,7/4/2023,246.7842,250.2897,245.888,246.4975,1450905808.63,38639508283.78
BNB,7/2/2023,7/3/2023,247.8081,247.9559,243.4697,246.3013,1287992863.43,38234194621.06
BNB,7/1/2023,7/2/2023,240.5242,248.5577,240.5242,247.6294,1622538010.08,38105794321.50
BNB,6/30/2023,7/1/2023,233.3685,241.4341,232.6098,240.5151,1297977510.57,37136376250.41
BNB,6/29/2023,6/30/2023,230.8431,236.4263,230.8354,233.4019,1192426936.28,36405982573.15
BNB,6/28/2023,6/29/2023,237.5277,237.5277,226.9544,230.699,1088112828.98,36393818045.09
BNB,6/27/2023,6/28/2023,238.6205,241.326,235.3413,237.668,1065716525.08,37252607267.14
BNB,6/26/2023,6/27/2023,238.4813,243.0565,234.7106,238.4861,1221664621.41,37169778271.53
BNB,6/25/2023,6/26/2023,236.7316,243.6757,235.998,241.2603,1904961618.98,37414215466.05
BNB,6/24/2023,6/25/2023,246.4602,250.3131,232.4886,238.0802,1563467837.98,37888942951.04
BNB,6/23/2023,6/24/2023,242.1245,250.255,240.9781,245.6793,1608180447.30,38225618055.21
BNB,6/22/2023,6/23/2023,250.6664,257.4489,240.5969,241.537,2132936810.74,38822880486.77
BNB,6/21/2023,6/22/2023,248.5273,254.163,246.7374,249.8655,1865651232.94,38990692238.12
BNB,6/20/2023,6/21/2023,244.1534,249.31,240.2263,249.31,1244900724.57,37923847144.82
BNB,6/19/2023,6/20/2023,245.1093,245.6279,240.4321,244.1092,1098480224.66,37990590593.64
BNB,6/18/2023,6/19/2023,245.6185,249.4237,243.48,245.4295,1186657862.10,38417063323.11
BNB,6/17/2023,6/18/2023,239.3313,249.5136,238.2155,245.599,1604615039.24,38150625302.52
BNB,6/16/2023,6/17/2023,236.737,242.9103,233.0881,239.8914,1583806325.17,37168994064.83
BNB,6/15/2023,6/16/2023,238.2524,240.5498,231.6034,236.4969,2045672690.94,36777269747.96
BNB,6/14/2023,6/15/2023,244.8654,251.8011,234.8327,238.0324,2801356622.25,38401559782.51
BNB,6/13/2023,6/14/2023,231.5429,245.9383,229.4619,244.1274,2697848485.62,37001621741.45
BNB,6/12/2023,6/13/2023,237.8929,238.6038,222.4423,231.3651,2525475086.77,36023295604.43
BNB,6/11/2023,6/12/2023,239.5859,241.0068,236.2091,237.7799,1685149769.36,37165100897.18
BNB,6/10/2023,6/11/2023,261.7588,261.9189,234.233,239.9882,2540699201.89,37717862730.66
BNB,6/9/2023,6/10/2023,263.1796,265.0204,257.6568,261.6969,1558557685.33,40833049124.98
BNB,6/8/2023,6/9/2023,259.8848,267.1271,258.3754,262.8323,2324392631.72,41024463644.75
BNB,6/7/2023,6/8/2023,282.3332,282.8695,257.0498,260.4613,2118225782.58,42247333078.92
BNB,6/6/2023,6/7/2023,277.4782,285.3162,273.7842,282.3001,2412518711.97,43508315582.98
BNB,6/5/2023,6/6/2023,303.0498,304.5268,273.0348,276.5813,1472693678.60,45531110326.44
BNB,6/4/2023,6/5/2023,305.9947,307.1495,303.3307,304.5843,703714580.71,47567232017.57
BNB,6/3/2023,6/4/2023,306.2092,307.6639,304.0018,305.2015,800570114.16,47605373010.29
BNB,6/2/2023,6/3/2023,305.583,308.925,303.1757,306.6799,935636257.39,47834902633.04
BNB,6/1/2023,6/2/2023,307.4712,308.5582,304.2757,304.6009,1078196695.56,47690063659.72
BNB,5/31/2023,6/1/2023,311.6476,312.1386,305.9599,307.1782,1836910158.19,47994829721.17
BNB,5/30/2023,5/31/2023,312.0161,314.6427,311.4832,311.5841,1652641997.91,48742780130.30
BNB,5/29/2023,5/30/2023,314.2169,316.7515,310.8258,312.3849,1277033995.40,48957562787.33
BNB,5/28/2023,5/29/2023,309.1049,314.6545,307.7262,314.6,912763186.03,48281151695.00
BNB,5/27/2023,5/28/2023,308.0264,309.574,305.5843,309.574,983104393.56,47880300645.19
BNB,5/26/2023,5/27/2023,306.2361,308.942,303.1993,307.374,1170536539.29,47795667782.27
BNB,5/25/2023,5/26/2023,306.8607,307.5954,303.8305,306.1989,1107811758.43,47675058592.89
BNB,5/24/2023,5/25/2023,314.0698,314.1006,305.144,307.1581,1042022693.58,48123154746.16
BNB,5/23/2023,5/24/2023,310.16,315.497,309.4821,314.1019,1065475647.40,48849252662.61
BNB,5/22/2023,5/23/2023,306.9348,311.6211,305.6207,309.6184,947705148.42,48171831019.08
BNB,5/21/2023,5/22/2023,310.5871,311.9936,306.8174,307.1182,814608085.95,48314210777.48
BNB,5/20/2023,5/21/2023,308.7922,312.1959,307.7478,311.1963,847940225.32,48255550459.22
BNB,5/19/2023,5/20/2023,310.0396,311.3019,307.6103,308.6053,1014810427.58,48198989644.15
BNB,5/18/2023,5/19/2023,313.6046,314.5312,307.0389,309.4803,1086445402.80,48609246684.29
BNB,5/17/2023,5/18/2023,311.0587,314.3953,307.869,313.5476,1023178871.64,48467104016.35
BNB,5/16/2023,5/17/2023,312.9222,314.0348,309.4109,311.412,1058060780.23,48543975758.90
BNB,5/15/2023,5/16/2023,311.3978,315.6492,310.585,312.9082,1125954051.25,48943762180.32
BNB,5/14/2023,5/15/2023,310.3895,314.4625,309.4201,312.2036,1057702130.91,48574988949.53
BNB,5/13/2023,5/14/2023,308.7745,311.7404,307.7361,311.0007,1235538012.50,48325326562.84
BNB,5/12/2023,5/13/2023,307.78,309.3109,302.3452,308.5221,1387720105.52,47737740430.07
BNB,5/11/2023,5/12/2023,314.1667,314.3881,305.7691,308.5141,1434022946.41,48354224662.03
BNB,5/10/2023,5/11/2023,312.2353,316.7567,309.4874,314.3129,1229793993.94,48798361272.42
BNB,5/9/2023,5/10/2023,314.9988,317.0179,311.1707,312.9,1297320615.51,49014731087.80
BNB,5/8/2023,5/9/2023,321.9431,323.3277,312.9534,315.1719,1346575014.10,49468310527.23
BNB,5/7/2023,5/8/2023,322.1865,325.6053,321.5594,321.6885,1134052166.61,50437901999.95
BNB,5/6/2023,5/7/2023,326.2201,328.2855,320.1508,322.6426,1360047220.86,50507878266.34
BNB,5/5/2023,5/6/2023,323.2978,328.2269,322.2311,326.9718,1200442076.02,50664599929.86
BNB,5/4/2023,5/5/2023,325.514,326.289,321.995,322.9634,1644123806.33,50580897410.69
BNB,5/3/2023,5/4/2023,321.2117,325.8171,320.7526,325.5402,2021829219.74,50318212027.00
BNB,5/2/2023,5/3/2023,327.7893,327.7893,321.1875,321.4108,1975219104.33,50446664246.78
BNB,5/1/2023,5/2/2023,335.8583,337.4433,325.5697,327.9437,2952138816.86,51667094918.53
BNB,4/30/2023,5/1/2023,321.0792,336.5503,319.5913,336.1457,1426447879.62,50629857918.01
BNB,4/29/2023,4/30/2023,323.8556,324.2922,320.6761,321.6453,2000002814.16,50227180831.37
BNB,4/28/2023,4/29/2023,329.7457,329.7457,318.8159,324.3243,3049994853.77,50428704514.80
BNB,4/27/2023,4/28/2023,329.2993,334.8339,327.7064,330.0077,2591923613.08,51598932000.77
BNB,4/26/2023,4/27/2023,335.9053,342.4069,325.0425,329.7541,2038094395.82,52332107114.45
BNB,4/25/2023,4/26/2023,329.5648,337.08,326.7042,336.2738,1663617202.03,51392919913.27
BNB,4/24/2023,4/25/2023,328.4962,331.3339,326.2048,329.0204,1662254674.86,51285426785.58
BNB,4/23/2023,4/24/2023,329.426,330.3273,325.8292,328.5986,1636803926.12,51155820634.67
BNB,4/22/2023,4/23/2023,320.6423,330.7964,319.5872,329.6406,2177033609.16,50665003092.63
BNB,4/21/2023,4/22/2023,317.3882,329.452,316.008,320.8101,2130044245.37,50210334610.29
BNB,4/20/2023,4/21/2023,322.3895,325.4646,315.1417,317.2353,1809534395.40,50180862243.89
BNB,4/19/2023,4/20/2023,342.2683,342.974,320.6946,322.1127,1796601982.19,51535621373.40
BNB,4/18/2023,4/19/2023,339.1423,345.6671,337.1621,341.5306,1769233783.98,53274352822.03
BNB,4/17/2023,4/18/2023,347.3509271,349.0410057,338.1239673,339.3099,2483101382.23,53426887905.09
BNB,4/16/2023,4/17/2023,333.0879416,349.3764429,330.3189933,347.3628771,1859548593.17,52851820600.81
BNB,4/15/2023,4/16/2023,328.4788,335.2772264,327.0977001,332.8167757,1790378088.55,51677621516.11
BNB,4/14/2023,4/15/2023,323.9104,335.2025,323.4776,328.5452,1993900769.67,52136118544.97
BNB,4/13/2023,4/14/2023,319.7831,324.7834,317.1287,324.4076,1448906253.33,50796209688.84
BNB,4/12/2023,4/13/2023,322.2997,323.077,316.5585718,319.6455477,1725247828.89,50375316759.92
BNB,4/11/2023,4/12/2023,318.1048,331.8526,316.8258,322.4425,1982246402.67,51508330447.32
BNB,4/10/2023,4/11/2023,312.3568743,317.6984,310.9126,317.6984,1121660861.56,49373762201.19
BNB,4/9/2023,4/10/2023,310.6363,313.3032,309.0116,311.9699,1058718033.17,49065406763.84
BNB,4/8/2023,4/9/2023,309.9507,312.6395396,309.5373,309.8041,1063602710.89,49132002182.50
BNB,4/7/2023,4/8/2023,311.7189,312.7519,309.4766915,309.9454,1182626905.33,49062205420.83
BNB,4/6/2023,4/7/2023,313.9351,314.1649465,310.7270442,312.2139,1369526495.11,49311170467.21
BNB,4/5/2023,4/6/2023,310.9664,315.7395,310.645,313.9341,1423490372.00,49493026076.97
BNB,4/4/2023,4/5/2023,308.2313995,312.2551,308.2058,310.7022,1885093115.56,49007106681.09
BNB,4/3/2023,4/4/2023,313.1666,313.1666,302.117147,308.0142683,1300880734.17,48913437185.43
BNB,4/2/2023,4/3/2023,313.7198383,315.3288328,311.3155,312.4645,1072864912.44,49491739344.62
BNB,4/1/2023,4/2/2023,315.7945025,317.0275,312.6935321,314.538573,1195487893.33,49626484880.21
BNB,3/31/2023,4/1/2023,315.7991581,318.3639,312.6357185,315.9671915,1400581628.89,49825102035.89
BNB,3/30/2023,3/31/2023,314.1209,317.7425,311.938,315.5510626,1721626090.22,49707187717.51
BNB,3/29/2023,3/30/2023,313.3338,319.2884,313.021028,314.3007,1454429370.67,49843912689.74
BNB,3/28/2023,3/29/2023,310.8512,314.8324,307.6248,313.5104,2119445398.22,49100693171.65
BNB,3/27/2023,3/28/2023,327.4326659,327.610307,306.5993,311.4019,1441413755.33,50589695489.84
BNB,3/26/2023,3/27/2023,321.9042,328.2809735,321.5101,327.5690992,1081497180.22,51398906527.53
BNB,3/25/2023,3/26/2023,322.0512173,324.4758559,319.5498,321.8427,1359123407.11,50977722669.40
BNB,3/24/2023,3/25/2023,329.5605,329.9422142,318.3092,322.0480821,1496160093.33,51126250338.91
BNB,3/23/2023,3/24/2023,321.486942,331.4298,319.6335,329.7804,2629678647.11,51369503771.52
BNB,3/22/2023,3/23/2023,335.1296273,338.9736,317.992,321.7545,2736064274.22,52049740135.36
BNB,3/21/2023,3/22/2023,332.572,339.3868,328.4307,335.3445435,1914709609.33,52889003854.17
BNB,3/20/2023,3/21/2023,336.6182,339.0376417,332.831,332.8785,1953863268.89,53109154150.06
BNB,3/19/2023,3/20/2023,331.2058057,340.7901214,331.2058057,336.1812,2126272129.33,53162705426.86
BNB,3/18/2023,3/19/2023,338.9526,345.7865446,330.4211369,330.7662356,2632767606.22,53670177506.40
BNB,3/17/2023,3/18/2023,329.6877,339.7229,326.6163,338.3119,3697263299.56,52524201978.90
BNB,3/16/2023,3/17/2023,307.3051792,332.4788,304.2869,329.6224,2930636923.54,50408475081.65
BNB,3/15/2023,3/16/2023,309.4427,313.6754489,301.3207623,306.9365242,2239573539.56,48781672809.60
BNB,3/14/2023,3/15/2023,308.7945,319.692331,303.8118,309.3489,2500178412.62,48936206412.09
BNB,3/13/2023,3/14/2023,289.5811882,313.1064836,287.6481,308.3929551,2783135415.69,47704539974.89
BNB,3/12/2023,3/13/2023,277.3335,289.4815297,276.0947,289.4815297,1235531338.67,44122040217.26
BNB,3/11/2023,3/12/2023,277.817411,282.7199,272.9705,277.4853,1726995968.89,43711295686.50
BNB,3/10/2023,3/11/2023,277.345,278.3985981,265.6937,277.4544758,1928822104.75,43172680494.34
BNB,3/9/2023,3/10/2023,287.4486834,291.2325,272.9378,277.4792,1481377831.69,45303645408.12
BNB,3/8/2023,3/9/2023,289.618,293.3532529,286.0600945,286.9325331,1318433983.33,45666471823.32
BNB,3/7/2023,3/8/2023,288.3638,290.6955,285.1116,289.6031,1089053447.78,45912928342.00
BNB,3/6/2023,3/7/2023,289.4363,290.2816,284.6538,288.3588,1013585868.22,45980612046.12
BNB,3/5/2023,3/6/2023,290.2351734,293.0794995,288.5753,289.3387,916943019.78,46580195025.02
BNB,3/4/2023,3/5/2023,290.5783,291.6564507,287.288,289.9338268,886467321.09,46478443088.84
BNB,3/3/2023,3/4/2023,300.3225,300.5543,288.0262,290.4133372,1312458065.56,46516302238.93
BNB,3/2/2023,3/3/2023,303.262,304.045,296.8332,300.226,1091921438.44,47936471000.62
BNB,3/1/2023,3/2/2023,301.8745501,306.4428,301.2848931,303.4935,1081014192.22,48557687642.87
BNB,2/28/2023,3/1/2023,305.1275422,305.9137,300.9813653,302.0362777,1132200639.56,48582595750.84
BNB,2/27/2023,2/28/2023,309.0915,309.5958,301.5013265,304.8793016,1068179865.56,48928049947.13
BNB,2/26/2023,2/27/2023,302.9692,310.006251,301.5396,309.0607,930310132.22,48784827717.94
BNB,2/25/2023,2/26/2023,302.7912,303.5048,298.0626,302.9695,1174676639.22,48253840626.30
BNB,2/24/2023,2/25/2023,308.6554,311.8999,300.8932178,302.7092,1397225369.78,49166853008.17
BNB,2/23/2023,2/24/2023,312.7796,314.7293682,306.917,308.7284,1539862093.33,49726641636.92
BNB,2/22/2023,2/23/2023,311.7201,312.7193,304.3925,312.7193,1734062517.78,49260864914.79
BNB,2/21/2023,2/22/2023,315.4229958,317.042,310.3989033,311.3778,1779531848.00,50213777446.94
BNB,2/20/2023,2/21/2023,312.1096,319.474,309.4257084,315.0382,1833690628.89,50526194421.98
BNB,2/19/2023,2/20/2023,316.6242,318.3209579,311.6981,312.0788,1427642234.67,50435012785.42
BNB,2/18/2023,2/19/2023,313.435,318.2855,313.435,316.7691,1982332017.33,50535528984.59
BNB,2/17/2023,2/18/2023,305.0281,316.4553,304.4868,313.714,2840860428.44,49648744649.29
BNB,2/16/2023,2/17/2023,317.1260145,325.3975,304.979,304.979,3144455841.78,51063380483.62
BNB,2/15/2023,2/16/2023,296.6809,317.054962,295.1353,317.054962,2202345855.26,48630908086.29
BNB,2/14/2023,2/15/2023,294.789702,300.8839452,290.6658789,296.6958,3592713436.44,47145383896.81
BNB,2/13/2023,2/14/2023,313.0027,314.7585,284.6958,294.8704168,3548741614.67,47709684023.88
BNB,2/12/2023,2/13/2023,310.9805,319.6239677,307.0469,312.7852932,1200721196.22,49868479902.04
BNB,2/11/2023,2/12/2023,306.4248,311.572,306.0144,311.0778,1335993119.56,49403075429.24
BNB,2/10/2023,2/11/2023,306.7124811,309.5033204,304.1214,306.5554,2249282222.22,49170690216.82
BNB,2/9/2023,2/10/2023,329.2196,329.8768,304.6804138,306.4087241,2148222304.00,51129641883.75
BNB,2/8/2023,2/9/2023,333.8893,335.6081,325.8371,329.2421,1750139048.00,52942490177.85
BNB,2/7/2023,2/8/2023,325.0938,334.0869838,324.84,334.0309,1721625335.11,52729529149.73
BNB,2/6/2023,2/7/2023,328.5823841,331.1223603,322.9867,325.4828,2049243793.33,52425196838.94
BNB,2/5/2023,2/6/2023,331.2632,337.8932257,325.9969,328.8489278,1896013486.67,52904117512.99
BNB,2/4/2023,2/5/2023,332.9818,334.5749,328.4595937,331.3892,2213794338.67,52960674531.17
BNB,2/3/2023,2/4/2023,324.3501,335.3193,320.4416331,332.8889,2830821037.33,52537747817.23
BNB,2/2/2023,2/3/2023,318.361,334.3296,318.2297,325.0327,2985245794.67,52618923708.51
BNB,2/1/2023,2/2/2023,313.2922,320.0867,307.3181171,318.5365,1591386517.33,49902071704.81
BNB,1/31/2023,2/1/2023,308.2733,314.8192543,307.0254,313.4758,1878270641.78,49952012702.45
BNB,1/30/2023,1/31/2023,318.3408,321.0041,305.2716,307.9811,2186277045.78,49829047834.44
BNB,1/29/2023,1/30/2023,307.3667,321.2554,306.5393,318.5559,1790686858.22,50335480830.14
BNB,1/28/2023,1/29/2023,309.1699,313.1283,305.5596,307.2665,1526541410.22,49307637903.21
BNB,1/27/2023,1/28/2023,306.1911,310.9287443,301.7221,309.1751,1643422882.67,49002983951.29
BNB,1/26/2023,1/27/2023,308.3102926,310.395548,304.5151444,305.9747,2111186848.89,49149432259.60
BNB,1/25/2023,1/26/2023,301.7292859,313.7645,296.0211,308.7226,2503291163.56,48478759816.72
BNB,1/24/2023,1/25/2023,306.6565,323.5354233,301.849,301.872793,2507001835.11,50310701537.49
BNB,1/23/2023,1/24/2023,304.8167,308.7958,304.3872,306.8893,1900208910.67,49046211975.25
BNB,1/22/2023,1/23/2023,299.8019,311.3319997,299.8019,304.8393,1777924877.78,48655932365.68
BNB,1/21/2023,1/22/2023,306.5808,311.0205571,299.5072,299.5072,2541756772.44,48775617516.14
BNB,1/20/2023,1/21/2023,296.152517,306.5433,288.886912,306.4163,1490411724.00,47087718296.57
BNB,1/19/2023,1/20/2023,288.5092769,296.5142532,288.1988208,296.2079075,2239832011.11,46731413124.55
BNB,1/18/2023,1/19/2023,299.8654771,304.8947,284.6687067,288.6041854,1698243512.89,47804174477.11
BNB,1/17/2023,1/18/2023,300.0957546,304.7448902,297.9928,300.4928526,1510359626.22,48242786501.61
BNB,1/16/2023,1/17/2023,303.1678086,308.4982,296.2289,300.009168,1664143982.22,48296283294.29
BNB,1/15/2023,1/16/2023,306.4445,306.8588,294.6469,303.0099772,1979281947.11,48123918638.35
BNB,1/14/2023,1/15/2023,294.2226766,315.0360439,294.2226766,306.7861,3064128996.89,49030566674.88
BNB,1/13/2023,1/14/2023,289.1397,296.2848437,286.2052,294.0914492,1777091057.33,46317292721.35
BNB,1/12/2023,1/13/2023,285.992702,288.971,281.5256,288.9208,1784950555.11,45748988355.84
BNB,1/11/2023,1/12/2023,278.7287443,286.1836175,275.8565,286.1836175,1322522846.22,44658132529.23
BNB,1/10/2023,1/11/2023,273.965371,279.6700022,273.1956,278.7960876,1701653597.78,44249595232.02
BNB,1/9/2023,1/10/2023,275.9390136,284.2361651,273.3154,274.0955426,1994043699.56,44662015369.12
BNB,1/8/2023,1/9/2023,263.9438287,275.2761398,263.2171,274.6858373,896836848.89,42554445714.11
BNB,1/7/2023,1/8/2023,261.8952281,264.3951,261.5703926,263.8951,1140496437.78,42110080100.91
BNB,1/6/2023,1/7/2023,258.5539,262.1790685,255.4725027,261.8840578,1111118513.11,41440130000.37
BNB,1/5/2023,1/6/2023,260.4755733,260.7313038,256.1927,258.6032,1365689450.89,41387249723.00
BNB,1/4/2023,1/5/2023,247.3743,262.0427913,246.9404783,260.6787267,1473831292.00,40986670415.56
BNB,1/3/2023,1/4/2023,246.5111027,247.8858496,245.8946659,247.3627031,907500667.11,39485435352.50
BNB,1/2/2023,1/3/2023,245.8169532,248.9111,243.1603435,246.4914656,1006569192.89,39493430535.07
BNB,1/1/2023,1/2/2023,247.5676,247.8074708,244.9179,245.5317114,814000810.00,39381240670.42
BNB,12/31/2022,1/1/2023,247.1932703,248.727,246.2258273,247.661,870610161.95,39586177444.94
BNB,12/30/2022,12/31/2022,247.3744506,247.5942048,244.3665,246.9722119,996765917.78,39345264301.08
BNB,12/29/2022,12/30/2022,245.1555624,247.7428,244.5857,247.4457454,1143997839.78,39422445547.81
BNB,12/28/2022,12/29/2022,247.5228866,247.7122,243.4518,244.9627418,1285641216.89,39186953575.33
BNB,12/27/2022,12/28/2022,245.4170194,247.6533746,243.6545,247.4989737,955066407.11,39241461551.64
BNB,12/26/2022,12/27/2022,244.5293465,245.7890636,243.3371748,245.157793,914903543.33,39078362205.98
BNB,12/25/2022,12/26/2022,246.0141,247.0491,242.9933,244.3770563,775400999.47,39271509477.26
BNB,12/24/2022,12/25/2022,246.8952012,246.8952012,244.636,245.9688,852491314.67,39323476610.58
BNB,12/23/2022,12/24/2022,246.7481654,249.0694,245.078912,246.8532375,1408859002.22,39495534870.21
BNB,12/22/2022,12/23/2022,247.0942853,249.1922796,241.6839974,246.7774143,1315441292.89,39367299953.40
BNB,12/21/2022,12/22/2022,252.345339,252.3589375,246.7781095,246.7781095,1568961123.11,39892753030.17
BNB,12/20/2022,12/21/2022,241.2940954,253.2273565,240.5478301,252.5827293,2468887396.89,39892528640.32
BNB,12/19/2022,12/20/2022,251.7833645,253.1502395,239.543,241.4265776,2574795162.67,39572043777.50
BNB,12/18/2022,12/19/2022,242.9100739,253.9691109,240.6183,252.3248188,3197814766.22,39571039071.19
BNB,12/17/2022,12/18/2022,231.9841148,244.3512166,221.613,243.4858512,4516521986.67,37650912881.68
BNB,12/16/2022,12/17/2022,260.1998212,265.895,226.8341329,231.6094,2450294468.89,40447851587.18
BNB,12/15/2022,12/16/2022,269.6252105,269.7467747,258.8568,259.4850207,2377602553.33,42426225420.12
BNB,12/14/2022,12/15/2022,273.346612,279.2503,268.1389947,269.9255955,3877927022.22,43809787690.40
BNB,12/13/2022,12/14/2022,276.7717174,280.838,258.7826,273.0639894,3973601838.22,43347532383.14
BNB,12/12/2022,12/13/2022,285.425242,286.6866378,274.2137281,276.6192827,1502121804.44,44862630609.63
BNB,12/11/2022,12/12/2022,289.1029211,291.8780277,285.1375048,285.4473844,798800927.78,46432267973.84
BNB,12/10/2022,12/11/2022,287.0010575,290.1219108,286.8949906,288.9767701,1033566686.44,46128596998.18
BNB,12/9/2022,12/10/2022,291.0080737,291.8859,286.4639,286.9446902,1267045410.67,46387101885.61
BNB,12/8/2022,12/9/2022,284.9214596,291.7869,283.4924766,291.1004535,1249758216.25,45880536023.45
BNB,12/7/2022,12/8/2022,290.6904233,291.1068,282.9847,285.0135775,1372124628.44,45739923905.20
BNB,12/6/2022,12/7/2022,288.9867793,290.9062041,287.7294827,290.8262629,1251685556.89,46304488802.09
BNB,12/5/2022,12/6/2022,292.6351122,297.1842408,287.3928,288.8968819,1443584747.11,46926398634.12
BNB,12/4/2022,12/5/2022,291.0336932,292.7971659,289.1296207,292.7971659,1214587473.33,46643298892.61
BNB,12/3/2022,12/4/2022,293.7376,294.2906,290.1089624,291.3592855,1551712570.87,46684448732.16
BNB,12/2/2022,12/3/2022,292.2856026,293.686,286.7979,293.686,2575436766.55,46470576380.81
BNB,12/1/2022,12/2/2022,300.668468,301.0077062,290.8686844,292.1373,2723427276.00,47294894340.22
BNB,11/30/2022,12/1/2022,296.0714,305.1772,295.013,301.5023666,2287000098.67,47967942044.53
BNB,11/29/2022,11/30/2022,293.9748,305.2718299,290.2877053,296.202,2582999039.11,47919992124.17
BNB,11/28/2022,11/29/2022,308.915677,310.0517,291.0421,293.9601321,2825689684.00,47316847343.59
BNB,11/27/2022,11/28/2022,312.0573522,316.6470653,308.3547778,308.3547778,2350285423.05,50220767433.59
BNB,11/26/2022,11/27/2022,301.1069,317.101025,300.9415516,312.2585647,2916003458.67,49992805908.87
BNB,11/25/2022,11/26/2022,301.1097,303.9050846,295.6239555,301.1704655,2542908661.78,47938030065.82
BNB,11/24/2022,11/25/2022,299.1261,302.9687,295.8337,301.2503,4100812960.89,47881055934.40
BNB,11/23/2022,11/24/2022,267.3485,300.048,265.9102,299.0316,3657676805.33,46076104201.28
BNB,11/22/2022,11/23/2022,254.6812243,267.4954,253.1528,266.9057,2145902774.67,41537070953.27
BNB,11/21/2022,11/22/2022,265.3008,265.3513,251.766,254.6624734,2169717069.33,41391390208.81
BNB,11/20/2022,11/21/2022,273.2646652,274.3441,264.4357,265.4051,1261539232.67,43386556670.76
BNB,11/19/2022,11/20/2022,274.5207274,274.8802454,270.4428,273.2106136,1372511873.34,43584795896.38
BNB,11/18/2022,11/19/2022,268.5614504,275.1897,268.5614504,274.5404186,1748672155.65,43648466228.96
BNB,11/17/2022,11/18/2022,272.7004386,273.6272984,265.6155,268.473687,2044086122.67,43065650565.26
BNB,11/16/2022,11/17/2022,277.3395,280.1929,270.4495,272.6844606,2144059628.89,43937280830.52
BNB,11/15/2022,11/16/2022,278.9834866,282.1477768,274.3874248,277.2501,2807607600.00,44910432608.17
BNB,11/14/2022,11/15/2022,279.3446313,290.1465948,269.5617,278.7984413,2914243252.00,44808872205.70
BNB,11/13/2022,11/14/2022,284.2452,287.6838,275.9089,279.3721569,1967903154.22,45432473020.53
BNB,11/12/2022,11/13/2022,291.4338,291.7689,274.1803368,283.9714,3200457135.11,45973170473.09
BNB,11/11/2022,11/12/2022,305.4988,306.3684,281.8035469,291.3958,4221898717.33,47318492232.05
BNB,11/10/2022,11/11/2022,266.1671036,312.6344,264.1423408,306.0599066,6884372416.00,46717906028.27
BNB,11/9/2022,11/10/2022,326.6232322,331.3688295,262.4126269,265.4548312,11391218704.00,48362801654.40
BNB,11/8/2022,11/9/2022,336.7517,386.8732143,304.1879,326.1236809,7198603157.33,53366949953.93
BNB,11/7/2022,11/8/2022,339.5868,343.199,327.8637871,336.8995,3239425624.89,54074820673.43
BNB,11/6/2022,11/7/2022,349.0953,353.8051,340.8374,340.8374,2263431601.33,56555020791.52
BNB,11/5/2022,11/6/2022,354.1416,359.8085806,347.5002,349.1441,3186705089.78,57012602951.16
BNB,11/4/2022,11/5/2022,329.7531048,357.0497383,328.9364619,353.912,4043184114.67,56041968054.80
BNB,11/3/2022,11/4/2022,319.9985725,336.0288,318.6348069,329.5456367,3513887201.78,52972329421.71
BNB,11/2/2022,11/3/2022,324.065,328.6013,316.7812391,319.915877,2511849720.00,51879904009.28
BNB,11/1/2022,11/2/2022,326.0085221,333.0175899,318.2221961,324.4022,4148290789.33,52459894427.57
BNB,10/31/2022,11/1/2022,313.5075,336.1907,308.1296,326.6615492,3884251805.33,51762605182.35
BNB,10/30/2022,10/31/2022,304.2513911,316.7694,302.6734412,313.667,2865917124.44,50047859858.33
BNB,10/29/2022,10/30/2022,298.0318698,307.4580806,296.1091752,304.2223379,2654047660.44,48817976954.09
BNB,10/28/2022,10/29/2022,286.8239149,300.629,285.8931,298.3155,1846118545.33,47066871832.34
BNB,10/27/2022,10/28/2022,290.4704012,293.1771199,285.3206,287.0749086,1755898095.11,46613626274.86
BNB,10/26/2022,10/27/2022,284.448615,291.8085727,284.448615,290.4736576,1958842515.56,46496662649.58
BNB,10/25/2022,10/26/2022,274.4411,289.6043,272.7538,285.5632426,1182410828.89,44951570598.04
BNB,10/24/2022,10/25/2022,276.6082,277.1148,272.1333,274.3115,1051824606.89,44246163258.20
BNB,10/23/2022,10/24/2022,271.4327,277.099,268.9603,276.2893,779754136.75,43855810763.80
BNB,10/22/2022,10/23/2022,270.3634,271.5446,268.8094734,271.0843647,920317835.56,43591465641.38
BNB,10/21/2022,10/22/2022,269.8336,271.2658,265.2724,270.388,1101118110.67,43385278906.88
BNB,10/20/2022,10/21/2022,272.38,273.905,269.0054988,269.8969,1010858554.22,43827979634.45
BNB,10/19/2022,10/20/2022,273.6076,274.3348,271.2008,272.1449,1024509060.00,43996432913.07
BNB,10/18/2022,10/19/2022,275.8558,276.0623,271.0755,273.8099,1127675545.11,44191026841.74
BNB,10/17/2022,10/18/2022,272.7152279,276.1602,270.7686336,275.8705,1165815999.56,44128981699.00
BNB,10/16/2022,10/17/2022,268.7116,273.835498,268.5091,272.5568489,1004669483.48,43708318878.66
BNB,10/15/2022,10/16/2022,269.9728,271.9379518,268.2729,268.7809,1201656822.89,43656140860.72
BNB,10/14/2022,10/15/2022,271.7858839,276.5287,268.7438,270.0402,2155985175.11,44009177441.16
BNB,10/13/2022,10/14/2022,271.4223377,273.5065,258.8348,271.8972884,1777292757.85,43247526738.16
BNB,10/12/2022,10/13/2022,271.7112,277.0017815,270.1641,271.4190519,1179254672.50,43869154763.20
BNB,10/11/2022,10/12/2022,272.198492,274.5874072,268.8484,271.6714,1404238996.00,43794760555.57
BNB,10/10/2022,10/11/2022,278.3905,279.2021,272.3640914,272.3640914,1226358212.91,44530540722.11
BNB,10/9/2022,10/10/2022,276.7933,281.0738,275.7540683,278.3419,1301416865.78,44848539285.94
BNB,10/8/2022,10/9/2022,282.9230011,283.4245979,276.6358,276.807,1581989188.46,45340084632.23
BNB,10/7/2022,10/8/2022,286.9202,286.9202,280.8465265,282.9226526,2447360637.77,45797957781.01
BNB,10/6/2022,10/7/2022,294.2616,297.528,281.3734017,286.2547685,1359302644.44,47328691147.21
BNB,10/5/2022,10/6/2022,296.232,296.3214,289.9579504,294.2777,1425954665.33,47361996954.22
BNB,10/4/2022,10/5/2022,287.1646,297.8200281,286.6348,296.3311,1421382781.33,47090405805.17
BNB,10/3/2022,10/4/2022,284.3262125,288.710019,283.4988,287.1681,1356919420.89,46172465863.48
BNB,10/2/2022,10/3/2022,283.1253,287.4499396,279.3072,284.112233,1136716217.78,45661417109.01
BNB,10/1/2022,10/2/2022,284.7510769,285.2855574,278.6728,282.9493,1416298840.93,45603493453.39
BNB,9/30/2022,10/1/2022,284.213627,289.4862,281.0911435,284.3373666,1633266172.89,45963155413.99
BNB,9/29/2022,9/30/2022,281.658865,285.1023,277.7593,284.1715666,1655980102.67,45508891746.38
BNB,9/28/2022,9/29/2022,272.7666719,283.271,267.156054,281.6805236,1726670682.54,44314727036.12
BNB,9/27/2022,9/28/2022,276.487,286.4289,270.3195031,272.7501599,1592798138.22,45193748835.71
BNB,9/26/2022,9/27/2022,274.5382,276.8996884,271.6231295,276.1287,1373564867.34,44281702332.82
BNB,9/25/2022,9/26/2022,275.3693,279.6661274,271.9384857,274.7299,1320796118.22,44574905942.96
BNB,9/24/2022,9/25/2022,277.0935417,284.8344056,275.5512984,275.8492318,1656678618.67,45120628727.29
BNB,9/23/2022,9/24/2022,275.7473379,277.6987,269.8468915,276.6208716,1563482802.67,44217958925.81
BNB,9/22/2022,9/23/2022,264.8094972,276.6071759,264.0912491,276.1562588,1944590531.11,43426200982.47
BNB,9/21/2022,9/22/2022,265.5322,274.5511177,260.4414583,264.9048681,1555448654.22,42996510067.03
BNB,9/20/2022,9/21/2022,271.4647814,272.7154226,264.9599835,265.5207,1741780821.21,43293764415.89
BNB,9/19/2022,9/20/2022,265.3031086,272.0297436,256.3827265,271.820827,1910998289.78,42624825231.85
BNB,9/18/2022,9/19/2022,278.1229352,278.1229352,264.5033,264.9806337,1199859312.22,44235756813.71
BNB,9/17/2022,9/18/2022,273.5837158,278.4395,273.5837158,278.120798,1344552417.78,44591884617.67
BNB,9/16/2022,9/17/2022,270.2575,275.2418211,268.4919,273.2399483,1696168312.00,43974374729.21
BNB,9/15/2022,9/16/2022,278.7955087,279.7609309,267.9036,269.8024,1951677648.89,44128068673.09
BNB,9/14/2022,9/15/2022,276.2044529,280.9347,274.2218078,279.2689702,1907565908.89,44914817953.48
BNB,9/13/2022,9/14/2022,292.8703607,296.56888,275.572602,276.2151043,1818741000.00,46263666370.43
BNB,9/12/2022,9/13/2022,294.421426,298.4433441,290.4949843,292.6481688,1146336822.44,47427265876.76
BNB,9/11/2022,9/12/2022,296.097,297.2696,290.863576,294.3660462,911593328.22,47474569643.77
BNB,9/10/2022,9/11/2022,292.684376,297.5967,290.1548105,296.1945,1136351934.44,47336110890.97
BNB,9/9/2022,9/10/2022,279.4818,294.244,279.4581,292.3333457,1209793206.00,46547784961.43
BNB,9/8/2022,9/9/2022,278.2001378,281.0429,275.1308627,279.5669,1104254984.22,44905390857.44
BNB,9/7/2022,9/8/2022,262.6160549,278.8909,260.1901819,278.0238452,1224085488.22,43026186239.00
BNB,9/6/2022,9/7/2022,276.2835308,284.6820279,263.5871382,263.5871382,1097862262.00,44596185671.23
BNB,9/5/2022,9/6/2022,277.5276158,278.9631525,272.764336,276.5157013,739728558.00,44417124693.89
BNB,9/4/2022,9/5/2022,276.2079892,278.1006,273.89,277.4345789,618756220.00,44581870286.18
BNB,9/3/2022,9/4/2022,276.9077,277.9192,274.0354,275.9850896,801321717.33,44527306548.72
BNB,9/2/2022,9/3/2022,277.9565452,282.6886,274.0406,276.4061,1009201935.39,44845184512.92
BNB,9/1/2022,9/2/2022,278.5996,280.3088,271.3899,278.1952,1062193326.67,44566110530.56
BNB,8/31/2022,9/1/2022,280.5396,289.0787572,277.5559,278.5291,1150488374.89,45824840727.11
BNB,8/30/2022,8/31/2022,284.8212196,290.4577,276.0795,280.4043,1138011008.00,45908614474.05
BNB,8/29/2022,8/30/2022,274.4547,285.0162944,272.0153,284.8500414,1037700856.64,44902816997.81
BNB,8/28/2022,8/29/2022,276.8805,281.6409583,275.2892,275.2892,961125256.89,44851686843.31
BNB,8/27/2022,8/28/2022,278.8717726,282.8818,273.5013022,277.1389,1265760694.22,44956107943.12
BNB,8/26/2022,8/27/2022,299.6577321,299.6980615,277.181996,278.5160666,1142790298.00,47066926729.51
BNB,8/25/2022,8/26/2022,294.708149,303.5997692,294.708149,299.8325405,1066073305.56,48320989641.09
BNB,8/24/2022,8/25/2022,297.7015083,298.4379293,293.5808673,294.9775019,1056012785.33,47748881236.52
BNB,8/23/2022,8/24/2022,299.3194,299.9817,293.4392,297.5670869,1597568865.78,47902120139.29
BNB,8/22/2022,8/23/2022,300.7435117,301.9007213,289.0371319,299.6414,1755368796.00,47734145003.57
BNB,8/21/2022,8/22/2022,282.7877871,301.891873,282.7877871,300.7648878,1502299735.56,47339344668.29
BNB,8/20/2022,8/21/2022,279.0061147,287.681068,277.7223103,282.7757178,1828236118.97,45890411915.43
BNB,8/19/2022,8/20/2022,297.8458,297.8458,279.0130338,279.1431456,1751837605.78,46112109849.43
BNB,8/18/2022,8/19/2022,307.1130215,310.2545,297.4042,297.9762,1314453245.33,49369252605.73
BNB,8/17/2022,8/18/2022,315.3610908,322.9926,306.2371144,306.5529997,1261656960.22,50505975989.16
BNB,8/16/2022,8/17/2022,318.6999,321.0635,312.3047308,315.5270082,1278991731.56,50974477087.74
BNB,8/15/2022,8/16/2022,316.9793809,325.7625,315.0459324,318.9489,1417662772.44,51362506769.48
BNB,8/14/2022,8/15/2022,323.5041008,329.7202,316.3581728,317.1716276,1243067511.11,52190483149.45
BNB,8/13/2022,8/14/2022,326.4207,330.8717542,322.9062449,323.3881771,1366099026.22,52733098667.69
BNB,8/12/2022,8/13/2022,322.7886,326.0071,318.4187274,326.0071,1466000375.11,52010188775.69
BNB,8/11/2022,8/12/2022,327.5127162,333.072245,321.7697,322.8439,2024850839.11,52990115916.98
BNB,8/10/2022,8/11/2022,323.3259073,334.8164,313.708,327.3198972,2444002203.11,52188335297.25
BNB,8/9/2022,8/10/2022,324.0542,326.0690545,312.9892,323.9777953,2204122197.67,51755045596.10
BNB,8/8/2022,8/9/2022,321.6210638,331.6147145,321.3763134,323.7964,2398330336.00,52611757106.04
BNB,8/7/2022,8/8/2022,314.0519,323.2714513,308.2095,321.6313253,1941172667.11,50959533244.17
BNB,8/6/2022,8/7/2022,314.7267121,320.0125945,312.5021,314.1734,2216252427.56,50889015839.60
BNB,8/5/2022,8/6/2022,310.4640082,320.1909231,308.2477635,313.6163482,3160113288.00,50668029245.92
BNB,8/4/2022,8/5/2022,297.1649805,311.8007567,296.9719705,309.4287075,2940608319.11,48961099703.36
BNB,8/3/2022,8/4/2022,283.5963122,304.1844401,278.5614793,297.4974,2340879044.68,47087457456.64
BNB,8/2/2022,8/3/2022,283.0124206,289.8739974,275.0334773,283.5008121,1969953694.67,45344962562.58
BNB,8/1/2022,8/2/2022,283.2522,288.6992,278.1007424,282.8030739,2075022198.22,45855720941.88
BNB,7/31/2022,8/1/2022,287.0698579,294.7603887,282.3529,283.0109,2296583437.33,46914828305.20
BNB,7/30/2022,7/31/2022,293.949,298.9708,285.4476208,286.8887282,3274012046.22,47185884336.13
BNB,7/29/2022,7/30/2022,277.1052074,299.8486664,275.1958605,293.9496,3034013302.22,46268163201.69
BNB,7/28/2022,7/29/2022,271.0340456,279.158355,265.4441296,277.2554475,2440457927.11,43777947782.38
BNB,7/27/2022,7/28/2022,248.9841821,270.6890348,247.8703661,270.6890348,1652101851.87,41477759585.37
BNB,7/26/2022,7/27/2022,245.5305,248.4247743,240.1755147,248.4247743,1564499509.97,39270156426.10
BNB,7/25/2022,7/26/2022,261.470586,261.944038,246.4636,246.4636,1413517761.33,41142611033.12
BNB,7/24/2022,7/25/2022,259.086443,265.3859588,257.5729705,261.8732072,1542296645.57,42290215244.69
BNB,7/23/2022,7/24/2022,262.2643,271.138329,253.1757652,259.3268651,1754620938.29,42145197983.55
BNB,7/22/2022,7/23/2022,265.3125,270.552442,261.5323919,262.4892,1739579365.69,42948504728.10
BNB,7/21/2022,7/22/2022,258.3535,265.7105,251.6584571,265.327,2267476940.00,41733703672.05
BNB,7/20/2022,7/21/2022,268.7085,271.3843,257.5333,258.3516,2611145399.75,43016864449.97
BNB,7/19/2022,7/20/2022,264.6479271,273.9112,256.9815,268.7048,2731367050.67,42724400350.63
BNB,7/18/2022,7/19/2022,247.2464465,263.620506,247.2464465,263.620506,2046364223.00,42054542148.48
BNB,7/17/2022,7/18/2022,249.1239199,254.3992801,246.4744575,247.2579678,1891077592.44,40881821143.67
BNB,7/16/2022,7/17/2022,238.1580071,249.8979,233.5999,249.0972112,1515645595.11,39170617763.93
BNB,7/15/2022,7/16/2022,238.0317,241.2724,235.5315,238.1111765,2216159260.54,38853601640.98
BNB,7/14/2022,7/15/2022,229.9785,239.1985472,227.4373,237.9352,2386806022.22,37991616634.57
BNB,7/13/2022,7/14/2022,220.2632,229.6104,217.2073474,229.4361,1952786200.44,36562545244.34
BNB,7/12/2022,7/13/2022,225.5316175,227.6792358,220.153711,220.153711,1573880320.89,36604602425.60
BNB,7/11/2022,7/12/2022,234.3506672,234.4286,225.5518819,225.6919077,1423628901.78,37716286865.85
BNB,7/10/2022,7/11/2022,242.9087271,242.9334504,232.1531893,234.452963,1311574235.56,38504539642.62
BNB,7/9/2022,7/10/2022,240.546052,244.4754758,240.546052,242.8121782,1655656632.00,39634900228.88
BNB,7/8/2022,7/9/2022,241.3486149,245.2722698,237.4522,241.8419352,2123301548.15,39376569581.44
BNB,7/7/2022,7/8/2022,238.1104675,243.1105153,235.243584,241.2911698,1763691758.22,38938956357.19
BNB,7/6/2022,7/7/2022,230.5750725,239.1886142,228.9696,238.3890019,2128965823.30,38400858317.42
BNB,7/5/2022,7/6/2022,231.0249,235.4940429,223.159376,230.3937334,1946289873.45,37480459585.52
BNB,7/4/2022,7/5/2022,218.765,231.387,214.9995,231.3461,1331860459.11,36223541091.21
BNB,7/3/2022,7/4/2022,217.6783342,219.3083,214.0477,218.7833,1142972401.56,35452474395.69
BNB,7/2/2022,7/3/2022,216.4462166,219.1256974,213.9621,217.6304956,1498377864.89,35335779423.07
BNB,7/1/2022,7/2/2022,218.5265142,226.1642,213.8839767,216.3958534,2220223263.11,35812728275.13
BNB,6/30/2022,7/1/2022,219.3531,219.7907,206.3370057,218.065084,1718520296.89,34781193154.58
BNB,6/29/2022,6/30/2022,226.5859,228.8611,215.7843206,218.9842,1918175064.31,36052568394.52
BNB,6/28/2022,6/29/2022,232.8663974,239.8296731,226.0395,226.4273,1613094904.89,38274431789.40
BNB,6/27/2022,6/28/2022,233.313,239.9295,230.3411691,233.0287,1463234680.89,38441879419.21
BNB,6/26/2022,6/27/2022,239.5525065,243.7877225,233.2612,233.5608,1447347710.22,38928947312.73
BNB,6/25/2022,6/26/2022,239.992466,241.1576,230.8182141,239.4798115,1828021256.89,38720756242.31
BNB,6/24/2022,6/25/2022,228.7927,242.1364719,228.5113,241.0237123,2144647766.22,38361951921.42
BNB,6/23/2022,6/24/2022,214.172726,229.4455,214.172726,228.958,2016819280.44,36483981387.62
BNB,6/22/2022,6/23/2022,219.6139921,220.0903178,211.2973715,214.4779575,1871353572.44,35213433513.40
BNB,6/21/2022,6/22/2022,216.2701,227.3556,213.485332,219.4568145,2111674954.94,36095630104.58
BNB,6/20/2022,6/21/2022,214.7469,218.1466,205.220728,217.162,2319652927.56,34630089757.91
BNB,6/19/2022,6/20/2022,197.0333,215.6725,190.3347316,214.6598,2922006186.67,33121119835.08
BNB,6/18/2022,6/19/2022,215.4153,218.1368995,185.5211057,197.1243,2089561891.68,33032798100.52
BNB,6/17/2022,6/18/2022,209.8849,221.485,208.3364153,215.787,2247347633.78,35263353213.57
BNB,6/16/2022,6/17/2022,232.9794943,235.673849,208.2059,209.4343,3524445716.52,36025080273.73
BNB,6/15/2022,6/16/2022,223.1119,233.707789,199.0842042,231.8575412,3272981438.22,35117394114.16
BNB,6/14/2022,6/15/2022,222.4801639,229.9756562,205.9175214,223.2575,4338882819.61,36583334342.44
BNB,6/13/2022,6/14/2022,255.2726879,257.2985873,217.6446216,222.175,3637757702.27,38512078687.89
BNB,6/12/2022,6/13/2022,269.831,271.4161295,252.5379,256.2934969,2406684604.89,43496596396.09
BNB,6/11/2022,6/12/2022,285.9409258,289.9511,266.6786937,269.9113,2283040795.11,46653176619.73
BNB,6/10/2022,6/11/2022,289.8405505,296.1599031,283.3717,285.6865155,1834690300.00,48166911422.63
BNB,6/9/2022,6/10/2022,288.6938413,293.3240433,286.7834719,289.9697035,1453753343.10,48342180005.43
BNB,6/8/2022,6/9/2022,290.3391,294.1515,285.062,288.7246543,2648367072.45,48419719181.52
BNB,6/7/2022,6/8/2022,296.1554,296.1554,275.8093984,290.6938,3251895188.44,47513055850.67
BNB,6/6/2022,6/7/2022,300.2607637,312.1144,292.1569,296.0519248,1801646088.00,50891556640.62
BNB,6/5/2022,6/6/2022,302.5904845,303.0381,296.851194,299.8412757,1246913516.00,49961515294.06
BNB,6/4/2022,6/5/2022,299.3655177,303.2345833,296.1,302.5821675,1499485047.56,50074188251.89
BNB,6/3/2022,6/4/2022,308.7803568,310.4974396,295.1713873,299.2567074,1769513770.22,50375123349.01
BNB,6/2/2022,6/3/2022,300.7993641,309.3626574,299.1553593,308.4231283,2382561234.67,50697754302.11
BNB,6/1/2022,6/2/2022,320.8144788,323.4379433,298.8965561,301.0781652,2527307387.96,52218811348.63
BNB,5/31/2022,6/1/2022,321.8696,323.6505776,314.8852316,321.4137388,2860367461.33,53382760129.53
BNB,5/30/2022,5/31/2022,306.1559,323.5496,304.7852,321.8248,2488233528.39,52690828192.82
BNB,5/29/2022,5/30/2022,307.9390189,307.9390189,299.7474566,306.0039,1791767864.89,50598215050.55
BNB,5/28/2022,5/29/2022,301.1086677,309.3502416,297.5218,308.286755,2774140329.78,50726721519.86
BNB,5/27/2022,5/28/2022,303.5123,308.4530624,292.3154,300.8016498,4055640184.89,50177987425.47
BNB,5/26/2022,5/27/2022,325.6672,330.599,300.2047218,306.3020921,3457418248.00,52722239411.70
BNB,5/25/2022,5/26/2022,327.9559,336.1072,324.6915562,325.6097378,3322375504.00,54926499073.58
BNB,5/24/2022,5/25/2022,316.7931323,329.3971829,313.5099,328.1014,3375253090.67,53943199822.01
BNB,5/23/2022,5/24/2022,319.135103,335.6201,315.738098,317.2259696,2382543954.95,54380746761.69
BNB,5/22/2022,5/23/2022,312.1385928,321.9554883,311.558537,319.7312868,1960277163.11,52811975905.58
BNB,5/21/2022,5/22/2022,302.4908088,313.323131,300.418,311.969034,2131221451.56,51268460515.62
BNB,5/20/2022,5/21/2022,307.1598179,314.7896,295.266,302.7633034,2285206932.89,51016318505.60
BNB,5/19/2022,5/20/2022,288.5518,308.2330528,288.3813,307.2682784,2321102253.65,50067533678.99
BNB,5/18/2022,5/19/2022,306.3863092,308.0679171,288.9116,289.0326,2064653181.77,49842794916.03
BNB,5/17/2022,5/18/2022,297.3813157,310.1993,297.3553214,306.8591504,2271058139.11,50804870726.15
BNB,5/16/2022,5/17/2022,311.9575402,311.9575402,290.9067,297.9514825,2260874778.67,49830236143.87
BNB,5/15/2022,5/16/2022,296.4194,311.9763423,286.6604699,311.9763423,2333816892.44,49698899381.86
BNB,5/14/2022,5/15/2022,290.6178,298.417784,273.25924,296.8726,3088997735.11,47900971037.71
BNB,5/13/2022,5/14/2022,268.5099,312.4456,266.0639,290.2119,9619023905.78,49755052942.72
BNB,5/12/2022,5/13/2022,269.8489,281.9163,216.4165,269.3704,7703288636.44,43767425376.02
BNB,5/11/2022,5/12/2022,319.0957,322.1864912,263.5417056,269.5175,4829207553.78,49572517907.63
BNB,5/10/2022,5/11/2022,298.5422985,331.6836958,292.2237111,319.0286,5669851699.56,53189311437.34
BNB,5/9/2022,5/10/2022,355.9410138,358.8995,301.4953383,302.3582359,2831221293.52,55398053794.37
BNB,5/8/2022,5/9/2022,365.8383,366.4456822,351.308,354.7157702,2227083365.33,59782939710.48
BNB,5/7/2022,5/8/2022,379.2097,380.0356,361.8717,366.3505,1891405677.33,62669185822.33
BNB,5/6/2022,5/7/2022,378.3548,382.494,372.1994627,379.2794,3043697013.33,63143109817.98
BNB,5/5/2022,5/6/2022,402.3655,411.2169819,372.1123922,378.6181,2684669840.50,65650991693.89
BNB,5/4/2022,5/5/2022,384.2273947,402.7438206,383.7323405,402.6277687,1704414794.06,65312394040.69
BNB,5/3/2022,5/4/2022,389.6057411,391.8855368,380.6964947,383.8145076,1690937599.56,64613895161.59
BNB,5/2/2022,5/3/2022,390.0279,392.3709429,384.3503,389.7672114,1956291919.07,64880788649.00
BNB,5/1/2022,5/2/2022,377.8266216,390.6865882,377.8266216,390.6369,2428640795.53,64183545685.63
BNB,4/30/2022,5/1/2022,392.9890577,399.3605,378.6615151,378.6615151,2162116810.67,65716849304.82
BNB,4/29/2022,4/30/2022,406.8397,409.9172,390.6239,392.7734174,3130471888.00,66648721070.24
BNB,4/28/2022,4/29/2022,391.3558,407.918501,388.9299761,406.4774,2719508818.80,66648274945.48
BNB,4/27/2022,4/28/2022,385.8702,394.3646,385.2046,391.3968676,2449850780.44,65061112397.00
BNB,4/26/2022,4/27/2022,404.286898,406.7783944,382.4247959,384.8515707,2468308704.00,66170776407.85
BNB,4/25/2022,4/26/2022,399.3445339,404.9058,383.6354,404.7249119,2357231955.40,65852778746.87
BNB,4/24/2022,4/25/2022,401.7645,405.4147,398.5426,399.1807034,1590531366.67,67164316719.42
BNB,4/23/2022,4/24/2022,406.891,407.853,400.3011,402.1038,2192749295.11,67607826730.37
BNB,4/22/2022,4/23/2022,405.2693,413.3258,404.4382,407.2256,3030037381.37,68233668607.97
BNB,4/21/2022,4/22/2022,418.5403899,425.559,403.0459804,405.3262,2841963137.78,69821090585.56
BNB,4/20/2022,4/21/2022,421.8984,430.1198,415.9069262,418.0788857,2658839849.03,70323963078.04
BNB,4/19/2022,4/20/2022,416.6566,423.4132444,414.6561143,422.0994,2714284350.44,69903067896.00
BNB,4/18/2022,4/19/2022,406.9064,417.3574,397.1513049,416.6307,2243604892.00,67838199684.41
BNB,4/17/2022,4/18/2022,416.3808,417.3632,406.3858,407.1854,1379178325.78,69155284064.45
BNB,4/16/2022,4/17/2022,416.7911,418.31967,411.4376,416.6782,1522177625.33,69253217309.12
BNB,4/15/2022,4/16/2022,413.8999106,419.4713,412.6544362,416.921,1962930935.11,69447589396.08
BNB,4/14/2022,4/15/2022,422.4915,426.1632,411.8492723,414.3303158,2520820941.36,69708190379.50
BNB,4/13/2022,4/14/2022,413.7520382,423.5198,410.2719256,422.2221,2935915710.66,69666055848.69
BNB,4/12/2022,4/13/2022,394.5673801,415.9987,393.2360649,413.7467587,3134638491.54,68091495722.01
BNB,4/11/2022,4/12/2022,419.3615,420.1024,392.8311,394.0946404,2676085907.59,67968030211.00
BNB,4/10/2022,4/11/2022,426.7719365,426.7719365,426.7719365,426.7719365,1837438848.00,71186048944.21
BNB,4/9/2022,4/10/2022,421.7025,427.7687983,420.3200201,426.998945,2307069278.67,70722928893.12
BNB,4/8/2022,4/9/2022,436.211761,440.4651167,419.627,421.6377,2750338848.11,71944841540.05
BNB,4/7/2022,4/8/2022,420.4265384,438.2713,418.1915761,437.0516475,3329639035.56,71897033619.75
BNB,4/6/2022,4/7/2022,444.8439471,444.8439471,419.8880546,420.3827358,3296055711.67,72383697664.85
BNB,4/5/2022,4/6/2022,447.8884579,459.5896954,445.6317441,445.6317441,3228850498.67,75438607421.04
BNB,4/4/2022,4/5/2022,450.339095,450.339095,434.9749789,447.8805716,2947540983.11,74156617462.30
BNB,4/3/2022,4/4/2022,437.3428721,455.1797,433.6934313,449.6159891,2871296710.22,74145813749.45
BNB,4/2/2022,4/3/2022,446.9924,453.3851553,437.2621287,437.2621287,3425624537.78,74562180544.51
BNB,4/1/2022,4/2/2022,429.1837125,446.4584632,416.0425083,446.143362,3911947402.26,72294637621.04
BNB,3/31/2022,4/1/2022,442.2663044,451.9386,425.6403,429.1151066,3570589498.87,73333687978.79
BNB,3/30/2022,3/31/2022,434.7143658,449.0208268,427.8836661,443.3379675,2865487092.44,73114078686.75
BNB,3/29/2022,3/30/2022,430.3925482,441.4192505,430.3925482,434.8542822,2793117343.11,72679274563.29
BNB,3/28/2022,3/29/2022,430.6621613,440.8537492,428.5765763,429.82019,2807690349.33,72530491874.25
BNB,3/27/2022,3/28/2022,416.2683199,430.7179376,412.8531558,430.7179376,1523513655.56,69736126162.26
BNB,3/26/2022,3/27/2022,410.4451503,416.4672851,408.0802731,416.4012526,1933236723.56,68903840434.69
BNB,3/25/2022,3/26/2022,414.2887921,421.2214,407.9103421,411.1715938,2385998552.00,69036551359.91
BNB,3/24/2022,3/25/2022,408.3587055,416.5998268,406.6162,413.8847936,2365840701.33,68611316556.23
BNB,3/23/2022,3/24/2022,404.2645653,410.8069716,399.2176783,408.4289085,2062181845.18,67346862764.05
BNB,3/22/2022,3/23/2022,396.3838901,409.4705693,395.6221968,404.2768447,2483197154.67,67539468850.74
BNB,3/21/2022,3/22/2022,391.0863634,399.1359183,386.8799878,396.4096905,1818471293.33,65723013802.06
BNB,3/20/2022,3/21/2022,400.2190621,400.7285242,387.3978948,391.1051565,1678956480.00,65738752012.65
BNB,3/19/2022,3/20/2022,397.4579362,405.9263947,395.5616266,399.8796287,1841175915.11,66743910093.02
BNB,3/18/2022,3/19/2022,391.882468,399.7709,384.6993,397.2948978,1831368157.78,65156735206.03
BNB,3/17/2022,3/18/2022,385.4824231,392.6691684,382.6057276,391.7717142,1933188894.22,64553958194.16
BNB,3/16/2022,3/17/2022,371.6815323,386.2868755,368.6080033,385.7721035,1806211621.78,62899605675.41
BNB,3/15/2022,3/16/2022,373.8654616,374.1708,363.1378976,371.8127089,1521429363.11,61521982257.39
BNB,3/14/2022,3/15/2022,361.9784755,373.7580507,360.5125,373.6123717,1576378359.56,61333366618.89
BNB,3/13/2022,3/14/2022,373.0387174,377.3347,361.5196595,362.1629989,1243828290.22,62173628730.06
BNB,3/12/2022,3/13/2022,372.54997,379.2921,372.3624838,373.4447,1526940280.89,62746430212.87
BNB,3/11/2022,3/12/2022,372.3555659,379.8527002,366.0021,372.6953264,2063047126.67,62082435595.55
BNB,3/10/2022,3/11/2022,393.5108759,394.4161225,364.7667,372.4491045,2446478804.00,62723986522.63
BNB,3/9/2022,3/10/2022,381.8110162,401.2064223,381.3735792,393.5547194,2639027662.22,65638556556.43
BNB,3/8/2022,3/9/2022,381.0609213,387.4486,377.6831294,381.5082591,2568943932.44,63847102765.86
BNB,3/7/2022,3/8/2022,375.0807062,383.9484457,364.9425057,381.0427072,1918321168.89,62620307672.80
BNB,3/6/2022,3/7/2022,385.0425,386.7094976,373.5734,375.2179716,1508405709.33,63556544631.27
BNB,3/5/2022,3/6/2022,374.5329165,385.6767,369.2806364,384.7177977,2006822003.15,63116745968.93
BNB,3/4/2022,3/5/2022,402.8267755,402.8385357,373.6066921,374.4038222,2115719512.03,65142623319.59
BNB,3/3/2022,3/4/2022,409.7326112,412.6151362,398.3869,402.1918241,1967873249.23,67675002233.58
BNB,3/2/2022,3/3/2022,408.8219,414.9169476,404.8083,409.0173504,2985559358.22,68432624559.44
BNB,3/1/2022,3/2/2022,396.5101,418.3691411,392.1169,408.5499,3464401491.56,67453371956.79
BNB,2/28/2022,3/1/2022,361.0527453,397.0463511,358.3759357,396.0547,2207154380.00,62237445899.11
BNB,2/27/2022,2/28/2022,373.5326,381.1772008,359.9796625,361.4848227,1689290833.33,61782557712.46
BNB,2/26/2022,2/27/2022,374.8513083,383.8474788,371.3612,372.9522,1985430045.33,62725820565.02
BNB,2/25/2022,2/26/2022,361.3068609,376.5571275,357.6731513,374.548362,2949038127.11,60929259561.81
BNB,2/24/2022,2/25/2022,366.0605396,368.4026,325.1353908,360.8101019,3170389316.00,57767200231.15
BNB,2/23/2022,2/24/2022,374.2501,383.7823,366.4151621,366.9036007,2161068328.89,62721537226.19
BNB,2/22/2022,2/23/2022,357.2116712,374.619,350.5087229,374.4469,2920616547.56,60541203961.02
BNB,2/21/2022,2/22/2022,380.8381596,393.297,356.2735085,356.2735085,2124187980.00,63296449903.90
BNB,2/20/2022,2/21/2022,399.8523423,400.0303,376.5590283,381.3375819,1698412277.33,63997619939.38
BNB,2/19/2022,2/20/2022,399.3992248,406.3319256,394.1868231,400.2019909,1667635999.11,66831277087.40
BNB,2/18/2022,2/19/2022,402.751,410.7221,394.3381382,399.8196128,2058297827.90,67146386148.81
BNB,2/17/2022,2/18/2022,427.3849,430.8784,400.8572959,402.1189,1936495458.67,69814608876.06
BNB,2/16/2022,2/17/2022,433.1159,434.4589698,423.3614,428.2638,2728817996.26,71694293470.95
BNB,2/15/2022,2/16/2022,404.5137354,436.1595,403.905831,433.7067,2864498751.56,71032543151.92
BNB,2/14/2022,2/15/2022,398.2289,404.7091,391.5848444,404.477584,1583737149.08,66440169549.06
BNB,2/13/2022,2/14/2022,403.4039,406.2115,395.6235729,399.4705,1477116278.22,67128588484.60
BNB,2/12/2022,2/13/2022,400.3162,406.6287406,395.0816032,402.7674,1948604277.78,66925411520.60
BNB,2/11/2022,2/12/2022,415.0910544,418.390339,394.0331,400.3855,2462491844.44,68675039927.55
BNB,2/10/2022,2/11/2022,422.9996,433.6501,412.0850689,415.1718396,2198694122.22,70396371391.71
BNB,2/9/2022,2/10/2022,408.2526878,427.3292,408.228554,422.1456,2627402204.89,69796640511.95
BNB,2/8/2022,2/9/2022,433.544089,444.7115843,407.5895591,408.8760193,2474264610.67,70754538503.76
BNB,2/7/2022,2/8/2022,419.9535954,438.2865,414.305698,434.2312424,2033260223.56,71581061253.38
BNB,2/6/2022,2/7/2022,414.3665,421.1313,408.6055,418.7752264,2096383616.00,69272622204.32
BNB,2/5/2022,2/6/2022,399.4173356,430.1818761,397.106,414.1082,3090160022.22,69336054877.49
BNB,2/4/2022,2/5/2022,371.6071,399.2450314,370.0058415,399.2450314,1764817053.33,63637919329.92
BNB,2/3/2022,2/4/2022,367.2995,370.3261,360.4316763,369.6526,1661214255.11,61107948639.48
BNB,2/2/2022,2/3/2022,385.9479,386.6746,366.8156,366.8156,1715609014.22,63224603055.04
BNB,2/1/2022,2/2/2022,374.8760795,388.2362796,374.8760795,386.8956,1949535137.78,63953459882.63
BNB,1/31/2022,2/1/2022,378.332,384.9678,367.3705824,376.6254816,1860049541.33,62610460632.56
BNB,1/30/2022,1/31/2022,390.018009,390.018009,374.2002084,378.6025,2075827694.22,63908426594.93
BNB,1/29/2022,1/30/2022,386.6345,397.1778,382.519567,389.8081,2375194536.44,64895747006.86
BNB,1/28/2022,1/29/2022,389.5379922,392.7436,376.8492382,386.5141,2858673056.89,64428018634.58
BNB,1/27/2022,1/28/2022,375.1101447,391.5511151,360.8003,390.2534695,2711211293.78,61816413199.83
BNB,1/26/2022,1/27/2022,384.6397291,399.6658,367.7959488,375.4873681,2578930283.56,64014662757.30
BNB,1/25/2022,1/26/2022,371.0771,386.5558,358.1849463,385.3236736,3410504013.60,61935467010.95
BNB,1/24/2022,1/25/2022,383.9316,383.9316,338.1489,372.0084,3370157699.56,60269248319.91
BNB,1/23/2022,1/24/2022,358.1433045,388.4922688,357.5663,383.4326,4181931080.00,62445727627.78
BNB,1/22/2022,1/23/2022,384.1313,388.7234,341.8389,357.9523777,5107321676.08,60864088751.25
BNB,1/21/2022,1/22/2022,440.5595557,443.9801805,378.6684735,381.871,3928567505.78,70144886281.36
BNB,1/20/2022,1/21/2022,462.8910073,478.0531,440.4244296,440.4244296,2715734261.78,77776674981.11
BNB,1/19/2022,1/20/2022,471.6415,472.2673469,454.8120692,463.048915,2369675455.78,77718448733.30
BNB,1/18/2022,1/19/2022,475.3459619,479.2404,458.5653101,471.7294,2524049635.56,78031746752.49
BNB,1/17/2022,1/18/2022,498.4620222,498.4848702,468.5752611,475.4397482,2288615786.67,80218214272.28
BNB,1/16/2022,1/17/2022,494.6909973,504.7853,489.5707338,498.4593027,2087217508.89,82806878524.78
BNB,1/15/2022,1/16/2022,489.8759164,500.4960952,486.173366,494.8081794,2503162516.00,82302845231.68
BNB,1/14/2022,1/15/2022,474.8306,491.402243,468.5220261,489.8608931,2956294890.67,80283615097.08
BNB,1/13/2022,1/14/2022,487.098,487.754,469.3524809,475.8634,2831048299.56,80042138365.06
BNB,1/12/2022,1/13/2022,463.3749,488.8988,457.0926,486.4468,3378527227.56,78760002875.15
BNB,1/11/2022,1/12/2022,424.8601,466.7552076,422.151941,463.1637,3674935950.72,74580430497.31
BNB,1/10/2022,1/11/2022,438.6067072,444.9631,409.4346653,424.8149,2521579893.78,71900202850.43
BNB,1/9/2022,1/10/2022,430.1253001,444.0440392,428.377711,438.7259781,2855743593.78,72610548124.76
BNB,1/8/2022,1/9/2022,447.812,459.1533,419.526,430.6920065,2645900158.22,74470563306.80
BNB,1/7/2022,1/8/2022,473.3046108,473.5634728,439.1094,447.3568,3292710085.33,75568736554.07
BNB,1/6/2022,1/7/2022,474.3788,480.6456,460.2961726,473.1700357,3781990720.00,78468620456.85
BNB,1/5/2022,1/6/2022,507.4985726,515.8548,464.056,475.7143,2259085435.56,84479242085.10
BNB,1/4/2022,1/5/2022,512.1172,519.5815,503.8011385,507.7865054,2684612192.89,85389524192.79
BNB,1/3/2022,1/4/2022,531.4053,532.1991,510.9610421,512.5384,1873369184.00,87397381754.22
BNB,1/2/2022,1/3/2022,527.4249,532.7722,519.2594,531.5458,1748153743.56,87658881812.84
BNB,1/1/2022,1/2/2022,511.6325632,526.7967,511.6325632,526.7715,2178449291.56,86528868394.29
BNB,12/31/2021,1/1/2022,518.7275,527.7288,507.924156,512.30825,2342051330.22,86267449959.47
BNB,12/30/2021,12/31/2021,514.281901,527.479764,510.7309955,518.7508,2556834177.78,86612364424.57
BNB,12/29/2021,12/30/2021,534.3843,540.0339696,512.9253639,513.8324852,2659532777.78,88494880936.72
BNB,12/28/2021,12/29/2021,563.057528,563.057528,530.7422843,535.6306,3436874259.56,91059125898.72
BNB,12/27/2021,12/28/2021,547.0778721,570.4995508,544.1832,563.2664943,2114583557.33,92457287117.98
BNB,12/26/2021,12/27/2021,547.9795469,549.309802,537.9572,547.3563419,1921338845.78,90769460010.57
BNB,12/25/2021,12/26/2021,541.8369,550.1136,541.194,549.2648539,2038869912.00,91019351526.59
BNB,12/24/2021,12/25/2021,548.6846895,553.5544224,540.1722,541.6718,2588295231.11,91168418590.81
BNB,12/23/2021,12/24/2021,534.041,552.0556131,526.0357882,548.5842724,2609252177.78,89278485794.05
BNB,12/22/2021,12/23/2021,528.9395,543.6494977,528.2231677,534.6022562,2154553620.00,89286898966.23
BNB,12/21/2021,12/22/2021,523.9608356,534.9283686,518.3571253,529.1196,2401988578.67,88070194823.39
BNB,12/20/2021,12/21/2021,530.1781946,534.3090273,507.9383024,524.0120911,2020195006.22,86740597177.89
BNB,12/19/2021,12/20/2021,534.6872317,542.098,528.5016479,530.2321,1908203140.48,89217477922.55
BNB,12/18/2021,12/19/2021,526.1099243,537.4593,518.6831143,535.3532975,2705259184.23,88332911215.99
BNB,12/17/2021,12/18/2021,526.4188,533.6544,513.8960397,527.3402274,2598381314.67,87999128175.28
BNB,12/16/2021,12/17/2021,540.8388,544.3585508,526.7014,527.3437,3199371568.00,89479792951.90
BNB,12/15/2021,12/16/2021,528.3290753,545.9936245,504.6751,540.106,3335442632.00,87952511893.04
BNB,12/14/2021,12/15/2021,522.2627,534.9567,511.6536883,527.6162514,3600307315.07,87282903978.95
BNB,12/13/2021,12/14/2021,570.6586625,571.8915126,513.8894,523.2699,2493066924.78,90842070514.83
BNB,12/12/2021,12/13/2021,563.9669276,573.7804203,560.184,570.6340029,2308365618.22,94424961099.56
BNB,12/11/2021,12/12/2021,552.7873,571.1503,544.3411,564.5077007,3591302595.56,93198889112.81
BNB,12/10/2021,12/11/2021,572.5262757,593.6582262,554.0329,554.0329,3463966096.50,95833999561.06
BNB,12/9/2021,12/10/2021,607.2179781,615.787899,569.4301967,575.0042608,3886627572.44,98631162748.09
BNB,12/8/2021,12/9/2021,578.9518288,606.7456566,568.9377,606.7456566,3351383893.33,97519840423.38
BNB,12/7/2021,12/8/2021,588.9328655,591.7385732,573.7836,578.2948361,4790004546.67,97537346535.19
BNB,12/6/2021,12/7/2021,557.996,591.8968973,535.2998954,587.5878304,4898369024.89,93342820680.53
BNB,12/5/2021,12/6/2021,569.1451725,580.9092463,546.1916,556.5157,4864175754.67,94062845951.48
BNB,12/4/2021,12/5/2021,594.9464,595.1482,512.3529,567.4830192,6892805757.33,93122017238.86
BNB,12/3/2021,12/4/2021,620.462182,627.5514327,582.4903008,597.1233,3491263292.44,102079582510.24
BNB,12/2/2021,12/3/2021,627.6277,629.2101703,608.5551804,620.1820966,4991986530.67,103687964631.77
BNB,12/1/2021,12/2/2021,623.3608589,649.0288,620.0578659,627.7757,5300209248.00,105998963363.14
BNB,11/30/2021,12/1/2021,624.6568098,633.5887323,605.7426,623.6025509,4300695231.11,103667038974.89
BNB,11/29/2021,11/30/2021,611.1495614,628.3764762,603.2086209,625.9905585,4285997505.78,102840045170.20
BNB,11/28/2021,11/29/2021,599.6854714,612.4806558,576.683862,610.834688,4465932133.33,98752164735.20
BNB,11/27/2021,11/28/2021,585.9174069,620.2919897,585.9174069,597.8112539,5302915002.67,100348703457.10
BNB,11/26/2021,11/27/2021,639.0698896,656.1959127,567.23109,586.6321731,7092042968.89,100481672769.88
BNB,11/25/2021,11/26/2021,590.6886,645.7228,588.926,639.2447724,4825055366.22,103965845441.83
BNB,11/24/2021,11/25/2021,591.4187562,593.1910338,578.6742057,590.035,4128864903.11,97843352509.88
BNB,11/23/2021,11/24/2021,559.8237719,604.4141979,559.0928,592.4702044,4167452735.11,96907085139.82
BNB,11/22/2021,11/23/2021,585.6361623,585.6361623,556.0313,560.1876,3504939276.53,95044896607.59
BNB,11/21/2021,11/22/2021,603.9482394,604.9916044,581.6747525,585.8166273,3573098446.22,98540030915.63
BNB,11/20/2021,11/21/2021,581.4222617,604.5909958,575.8623842,604.5909958,3693580239.11,98078331777.50
BNB,11/19/2021,11/20/2021,532.5333693,584.9517971,525.9748,580.6311686,5182328195.56,93758024665.07
BNB,11/18/2021,11/19/2021,578.1108,587.4273027,523.0296,530.5742,4214397871.11,93539669206.30
BNB,11/17/2021,11/18/2021,589.6211869,591.0793681,557.3299415,577.8882,5380372572.44,95923111716.99
BNB,11/16/2021,11/17/2021,633.3162,633.3162,575.9344094,590.2585,5554290749.33,99907259654.20
BNB,11/15/2021,11/16/2021,650.6055978,658.7644944,632.964,633.5378102,3694480019.69,107573002553.99
BNB,11/14/2021,11/15/2021,649.3522,658.7310898,635.3442473,649.8679962,3587023710.55,107915800346.06
BNB,11/13/2021,11/14/2021,627.1924849,653.8777187,621.3583902,649.9011792,3477354321.17,106027345956.76
BNB,11/12/2021,11/13/2021,628.849491,633.5866,605.4215928,627.2594418,3568187833.78,103855702389.72
BNB,11/11/2021,11/12/2021,614.3693783,633.2073345,606.886518,629.1080779,6261003174.22,104187236547.89
BNB,11/10/2021,11/11/2021,634.5377627,661.4077223,584.1813,613.7175268,4424909847.11,106340287141.70
BNB,11/9/2021,11/10/2021,654.1574675,656.1602,633.3235963,634.5143,4115473574.80,107379595952.67
BNB,11/8/2021,11/9/2021,649.7743282,654.9335113,633.5993784,654.7340836,5341632375.94,107498639783.94
BNB,11/7/2021,11/8/2021,635.304139,668.4014,632.16481,648.4272889,5704465571.56,109387112216.25
BNB,11/6/2021,11/7/2021,607.6412574,634.638342,597.8943,634.638342,5780713098.67,102494748743.80
BNB,11/5/2021,11/6/2021,559.2729806,612.6100096,555.2218,607.5148641,5477022673.78,99214359673.66
BNB,11/4/2021,11/5/2021,568.041498,568.041498,545.7579163,558.8163089,3991544511.11,92793164349.97
BNB,11/3/2021,11/4/2021,554.5577379,569.8439,539.3570967,567.4755714,3858729152.89,92376184752.74
BNB,11/2/2021,11/3/2021,551.1368749,563.1281,538.6362,555.0219966,4138148504.53,91937115918.07
BNB,11/1/2021,11/2/2021,524.6045309,551.4060057,513.2274714,551.4060057,3658368207.11,88823201661.66
BNB,10/31/2021,11/1/2021,527.4970638,534.3685059,511.5609439,524.8187309,3508825394.67,87206558741.02
BNB,10/30/2021,10/31/2021,529.7006197,539.2332809,513.1942214,525.69458,4421645937.78,87698746911.99
BNB,10/29/2021,10/30/2021,490.4320132,533.3023534,488.565665,528.7294389,4755868889.78,84515703399.66
BNB,10/28/2021,10/29/2021,449.5806,492.6734,448.3615,489.4982247,4255035772.44,78975909936.31
BNB,10/27/2021,10/28/2021,477.9771,486.0549759,448.4637004,451.0267,3655507134.22,77336560121.23
BNB,10/26/2021,10/27/2021,485.2721503,488.4370555,476.3939,478.4571,2391768411.56,80828244861.74
BNB,10/25/2021,10/26/2021,476.2943662,488.4546,475.2983878,485.1698883,2438447456.00,80622297575.16
BNB,10/24/2021,10/25/2021,485.4816,486.3191,469.5432537,475.8033175,2175725891.56,79791004272.38
BNB,10/23/2021,10/24/2021,478.1187825,485.3234,475.4482146,485.0049,2956661962.22,80191083647.38
BNB,10/22/2021,10/23/2021,471.9488973,496.6257618,471.9488973,478.2492974,4957633228.44,80475379544.32
BNB,10/21/2021,10/22/2021,502.1314639,505.5370628,469.3535843,472.8053328,4940453048.89,81300531512.80
BNB,10/20/2021,10/21/2021,488.6624,505.9753637,483.7016,502.3258901,3312216297.78,82227317511.73
BNB,10/19/2021,10/20/2021,483.431,494.888,481.9563,488.6359,3983130066.77,81298386521.68
BNB,10/18/2021,10/19/2021,470.3586705,484.8436721,467.9016,482.7323,3525423024.34,79607982708.86
BNB,10/17/2021,10/18/2021,465.4553677,471.4021326,458.3858949,470.1813931,3108842373.49,78398779533.97
BNB,10/16/2021,10/17/2021,473.9332248,482.7946059,463.8103,466.1481859,4328390094.60,79324745434.94
BNB,10/15/2021,10/16/2021,471.5096665,476.4197141,455.4627,473.7309124,4881219439.50,78482536507.09
BNB,10/14/2021,10/15/2021,470.0294,481.5627,462.3214,471.9413572,6993108530.66,79362001414.31
BNB,10/13/2021,10/14/2021,441.9281841,470.6655905,436.0367179,469.1136,9801633418.82,76904072872.44
BNB,10/12/2021,10/13/2021,413.8184467,440.3939899,394.7769,439.5040689,4047901282.74,70247783680.87
BNB,10/11/2021,10/12/2021,406.0907,423.3000263,403.9832,413.8184467,2812733148.72,69848094581.18
BNB,10/10/2021,10/11/2021,421.9329897,422.3332623,405.5309,406.1228,2532245871.11,70196647539.46
BNB,10/9/2021,10/10/2021,420.3847,426.7148673,418.4601066,421.9922591,3515988529.78,71115296800.78
BNB,10/8/2021,10/9/2021,438.7325609,440.9394876,418.9837,419.6159,4048148893.33,72302277055.13
BNB,10/7/2021,10/8/2021,435.7485552,449.0669923,425.6645312,439.1521605,4073798182.36,73769843954.99
BNB,10/6/2021,10/7/2021,440.6441277,440.6441277,417.5469709,436.5663729,3571553866.67,72917813282.70
BNB,10/5/2021,10/6/2021,426.6503,441.5502121,425.2706,440.6917587,3226036046.22,72976989621.89
BNB,10/4/2021,10/5/2021,430.6538,430.7098,414.5097149,426.4781,3117124138.67,71043842094.34
BNB,10/3/2021,10/4/2021,428.2854207,436.3680237,424.0154832,430.5681,3292138819.56,72259510846.17
BNB,10/2/2021,10/3/2021,421.4902905,437.6385,411.822788,428.4274,3866887079.11,71474623780.54
BNB,10/1/2021,10/2/2021,385.7985502,422.8269367,381.9624994,421.1167898,3912161365.33,68085400119.43
BNB,9/30/2021,10/1/2021,367.2727,387.121882,366.6279,386.1117256,4236526232.00,63532632610.09
BNB,9/29/2021,9/30/2021,333.0472,372.6523,332.5334,366.769,3472310986.11,59721805960.07
BNB,9/28/2021,9/29/2021,335.6211232,343.8776,330.9949,332.9037,2534406091.49,56715066083.40
BNB,9/27/2021,9/28/2021,344.5289,356.638813,336.5294896,336.5294896,3097936049.02,58408664364.71
BNB,9/26/2021,9/27/2021,350.3000018,354.6677931,323.2652,344.3748,3000160153.82,57915957452.62
BNB,9/25/2021,9/26/2021,355.5969,360.2999,345.4475446,351.1880303,3216206260.44,59310422884.35
BNB,9/24/2021,9/25/2021,383.5773,384.047,339.3456,355.3645,3327483710.44,60734814158.48
BNB,9/23/2021,9/24/2021,378.5534786,384.2337,370.4212609,383.3256,2938269235.56,63578063838.72
BNB,9/22/2021,9/23/2021,344.8135,379.0645485,343.8016264,378.699943,3542907890.67,61097377984.43
BNB,9/21/2021,9/22/2021,362.6768,374.8889,341.6741618,344.8122,4152141511.11,60979958264.90
BNB,9/20/2021,9/21/2021,408.538,408.538,359.4378,363.6524,3633911730.67,63899403979.26
BNB,9/19/2021,9/20/2021,411.2534,417.8549369,404.4488,408.3553,2227396683.56,69077697141.43
BNB,9/18/2021,9/19/2021,406.7348,419.1748,401.6191,411.1291,2636229259.15,69559895939.16
BNB,9/17/2021,9/18/2021,424.6787,425.4972348,402.2665869,404.8417,2935688279.11,69687894377.83
BNB,9/16/2021,9/17/2021,431.8419,433.7165,417.1332,424.9515,3326655732.44,71811715551.66
BNB,9/15/2021,9/16/2021,413.4573,435.8816,410.4862,430.8215,3295563044.44,71346494989.96
BNB,9/14/2021,9/15/2021,399.5578083,413.067,397.5344634,413.067,3297712390.24,67911903554.15
BNB,9/13/2021,9/14/2021,416.8709,418.7435,388.4876179,400.1612488,4114794507.56,67171821790.30
BNB,9/12/2021,9/13/2021,404.9648,420.2669,399.2933839,416.8299,2742837383.11,69292074886.96
BNB,9/11/2021,9/12/2021,401.4874,414.3154495,400.6623,404.3326,3489544487.25,68649117652.72
BNB,9/10/2021,9/11/2021,421.0729,436.9354257,395.6623,401.4847,4262564572.32,69732279949.28
BNB,9/9/2021,9/10/2021,414.6371,433.9372472,405.4441936,420.4442,4701446851.56,70184343772.01
BNB,9/8/2021,9/9/2021,417.9445,425.1955,385.0945,413.5834,8042906974.22,69387100563.93
BNB,9/7/2021,9/8/2021,496.9666,504.8848,384.5813,419.894,5840777937.78,77483862245.42
BNB,9/6/2021,9/7/2021,504.3292,508.2352,490.6191,496.9766,3937957212.85,84038390692.28
BNB,9/5/2021,9/6/2021,498.5631419,504.6867,490.1268,503.0073,4122745779.56,83566660733.24
BNB,9/4/2021,9/5/2021,488.5753697,507.3702,486.4563,500.3638909,4320146842.67,83182470704.13
BNB,9/3/2021,9/4/2021,484.3399,494.6258,476.5893,488.0870966,4399875819.48,82047334559.06
BNB,9/2/2021,9/3/2021,490.2325,503.336,480.8894511,484.833,5335135169.56,82444437884.81
BNB,9/1/2021,9/2/2021,465.2468,489.4985,457.0624,489.4985,4878231694.22,79917407877.89
BNB,8/31/2021,9/1/2021,461.8244,476.3867578,455.2413,466.1393,4863010808.00,78251984171.69
BNB,8/30/2021,8/31/2021,480.698,481.4072592,462.1535,462.307,3688728733.88,79937717297.86
BNB,8/29/2021,8/30/2021,486.4205,494.8353,478.7608,481.5356,3640869580.26,81565794340.10
BNB,8/28/2021,8/29/2021,494.4596,496.0548,484.1721,486.2568,4262132518.76,82083631429.13
BNB,8/27/2021,8/28/2021,479.229,494.555,470.0528,493.4016,6093337610.67,81385876338.20
BNB,8/26/2021,8/27/2021,503.2083,516.7874,475.925,482.7054,8088997450.93,82137737798.89
BNB,8/25/2021,8/26/2021,472.1637,505.6473,472.0309751,502.6361,7560593735.11,82345560840.37
BNB,8/24/2021,8/25/2021,499.9922,503.7213,465.48053,472.62,7590855042.69,81891774268.03
BNB,8/23/2021,8/24/2021,449.7957626,508.0275578,448.4417956,499.9308,6796550959.11,81956361644.90
BNB,8/22/2021,8/23/2021,449.2971888,457.7194,440.1305,449.1675058,4213668211.96,75597975321.71
BNB,8/21/2021,8/22/2021,453.8025607,458.8196,445.562,450.3207,5154856578.23,76090130479.86
BNB,8/20/2021,8/21/2021,431.2647,455.876488,423.9005,453.2813901,5110407246.22,73537330910.53
BNB,8/19/2021,8/20/2021,398.3865,430.7382584,391.9635457,430.2775,5006083720.89,69011703348.90
BNB,8/18/2021,8/19/2021,402.4029,411.2698,391.4348,400.0089,5741476871.11,67315392380.01
BNB,8/17/2021,8/18/2021,417.1359,435.024752,401.0202,401.0202,5614858204.20,70777169184.04
BNB,8/16/2021,8/17/2021,414.649,434.9098272,412.061361,416.5772,4571635059.07,70965521402.13
BNB,8/15/2021,8/16/2021,409.2088,414.7254,398.0382,414.2328,3940539477.33,68173786688.68
BNB,8/14/2021,8/15/2021,410.9577079,418.2602228,401.5644776,409.6744,4324727030.22,68634972483.67
BNB,8/13/2021,8/14/2021,385.4976,410.9306889,383.8838,410.9306889,4438194546.67,67103663858.49
BNB,8/12/2021,8/13/2021,390.5881,403.8567,372.1921,385.2038,5509594408.89,64879566220.89
BNB,8/11/2021,8/12/2021,371.3340556,404.1729132,371.3340556,391.3122,5252797672.89,65338852914.69
BNB,8/10/2021,8/11/2021,354.9517995,373.8895492,349.8634,370.9585041,4041080636.44,60697170056.68
BNB,8/9/2021,8/10/2021,342.2078536,357.0014,334.4052498,354.6937726,3594684457.78,58593636406.61
BNB,8/8/2021,8/9/2021,356.36,359.6109186,338.3387974,342.0725413,3780576497.78,58800774385.62
BNB,8/7/2021,8/8/2021,342.0527067,358.938045,341.1963187,356.6049291,3989469749.71,59003786519.40
BNB,8/6/2021,8/7/2021,338.2297267,346.72,332.288998,342.1387797,3468477349.33,56855806995.75
BNB,8/5/2021,8/6/2021,335.2265628,340.18,324.65,338.5129292,3141082508.44,55982998308.71
BNB,8/4/2021,8/5/2021,323.21,337.0984527,320.37,335.3475843,2797174881.78,55109994280.68
BNB,8/3/2021,8/4/2021,331.1306233,333.9853639,318.6751388,323.8,3061210826.67,54438126793.87
BNB,8/2/2021,8/3/2021,333.5215281,337.36,327.7863873,331.1578478,3601222707.56,55880417718.56
BNB,8/1/2021,8/2/2021,333.8114351,346.5677439,331.9735006,333.8606059,3952829264.89,57175836878.62
BNB,7/31/2021,8/1/2021,323.08,337.4901338,318.59,335.4595934,3646389832.89,55030646429.61
BNB,7/30/2021,7/31/2021,317,324.2,307.8505875,322.03,3156588275.56,53062352778.38
BNB,7/29/2021,7/30/2021,313.92,319.17,309.5845626,317.38,3136990840.89,52757377587.59
BNB,7/28/2021,7/29/2021,313.78,317.94,309.49,313.64,3830446785.78,52736907426.59
BNB,7/27/2021,7/28/2021,304.43,317.81,299.32,313.25,4544763709.33,51736331706.09
BNB,7/26/2021,7/27/2021,302.51,324.8770652,302.51,303.85,4600766756.57,53286195893.53
BNB,7/25/2021,7/26/2021,301.9185326,303.670934,294.275517,302.34,3154692135.25,50363847800.58
BNB,7/24/2021,7/25/2021,299.2523079,307.33,297.0963834,301.85,3783165720.89,50716490865.20
BNB,7/23/2021,7/24/2021,293.72,300.0422759,283.0209318,298.3323895,3416217773.33,49097357838.59
BNB,7/22/2021,7/23/2021,292.84,297.0598017,288.07,293.87,4013552895.11,49328478914.90
BNB,7/21/2021,7/22/2021,264.86,297.2752427,261.95,292.98,4106411300.57,47465018119.92
BNB,7/20/2021,7/21/2021,281.11,283.61,257.29,264.54,4158419950.22,44799865849.89
BNB,7/19/2021,7/20/2021,302.52,303.13,281.1,282.21,3072833517.33,49168751177.98
BNB,7/18/2021,7/19/2021,300.47,308.45,300.47,303.07,2810652944.89,48217796090.95
BNB,7/17/2021,7/18/2021,303.35,306.35,295.98,300.73,3681066568.89,46156123572.29
BNB,7/16/2021,7/17/2021,314.97,322.26,302.51,303.33,4905636554.67,47651537274.41
BNB,7/15/2021,7/16/2021,309.4156939,322.35,302.34,314.1411258,4542107998.22,47772289548.86
BNB,7/14/2021,7/15/2021,308.7887468,312.4676849,293.0343451,308.9178399,3687180137.78,46626265417.54
BNB,7/13/2021,7/14/2021,316.933923,318.42,305.83,307.9079314,3603347416.00,47862891783.39
BNB,7/12/2021,7/13/2021,322.2029665,333.76,310.3277625,317.5098636,3408454603.56,49522331624.44
BNB,7/11/2021,7/12/2021,316.2619832,326.55,312.69,322.5026507,2754241329.95,49046196748.56
BNB,7/10/2021,7/11/2021,316.8587811,320.5015197,311.3,316.5210989,2959871176.00,48301227653.19
BNB,7/9/2021,7/10/2021,310.665855,318.95,302.94,317.4373012,3939172664.89,47767496436.02
BNB,7/8/2021,7/9/2021,327.8579923,327.8579923,306.08,310.4802157,4731919546.67,48557504214.48
BNB,7/7/2021,7/8/2021,320.5330807,338.64,319.2772683,328.0917707,5127864508.44,50980562081.18
BNB,7/6/2021,7/7/2021,302.037556,319.9,302.037556,319.5879499,4685588784.00,48124202853.88
BNB,7/5/2021,7/6/2021,307.9687883,307.9687883,293.69,303.5000321,3805290497.78,46129536671.56
BNB,7/4/2021,7/5/2021,298.1304631,314.41,293.2910284,308.0109006,3266419187.56,46828827995.34
BNB,7/3/2021,7/4/2021,287.2165647,301.69,283.75,298.1149052,2805353363.69,44989606439.33
BNB,7/2/2021,7/3/2021,288.02,289.85,277.6572906,287.3310863,3358003124.44,43339057811.91
BNB,7/1/2021,7/2/2021,302.8983626,302.8983626,281.8149909,288.65,4351381653.85,44483373746.09
BNB,6/30/2021,7/1/2021,300.3174937,304.066787,283.24,303.3953545,4908787563.93,45248822187.56
BNB,6/29/2021,6/30/2021,290.03,314.39,290.03,300.4445113,4682887902.22,46420693771.58
BNB,6/28/2021,6/29/2021,290.1,297.8908321,284.5829891,289.82,4177225410.70,44521651435.00
BNB,6/27/2021,6/28/2021,279.55,289.87,270.540336,289.87,4279299292.85,42826187302.70
BNB,6/26/2021,6/27/2021,282.4722591,289.4200678,265.5747233,277.37,5693995213.17,42380716853.53
BNB,6/25/2021,6/26/2021,308.4427339,313.2265968,277.4080635,282.9555042,5668996731.52,45000156656.77
BNB,6/24/2021,6/25/2021,295.85,315.6434294,282.6019391,307.9391224,6603046084.17,46159166180.29
BNB,6/23/2021,6/24/2021,261.4,308.12,252.54,296.41,9809457474.04,44318753053.75
BNB,6/22/2021,6/23/2021,271.71,290.86,228.46,261.14,9233815546.65,41114629126.84
BNB,6/21/2021,6/22/2021,339.6196298,340.3631349,271.19,271.19,6415351642.19,47629212789.40
BNB,6/20/2021,6/21/2021,335.48,340.06,311.7520971,339.6769644,3826575224.89,50800980953.03
BNB,6/19/2021,6/20/2021,336.53,343.44,332.5217813,335.79,4257454320.00,51964074483.26
BNB,6/18/2021,6/19/2021,352.49,356.28,328.7657325,336.37,4110568242.67,52949830689.50
BNB,6/17/2021,6/18/2021,347.2102225,362.1469559,346.7335511,352.62,4306322915.46,54411287507.30
BNB,6/16/2021,6/17/2021,367.16,367.16,345.15,346.4256419,4581309098.37,54709472825.68
BNB,6/15/2021,6/16/2021,370.14,378.8977475,364.46,367.8,5332393678.22,56850473830.94
BNB,6/14/2021,6/15/2021,366.42,375.17,356.15,370.26,5948918611.56,55942146992.44
BNB,6/13/2021,6/14/2021,343.79,368.6,332.09,365.56,4729831742.22,52806410451.09
BNB,6/12/2021,6/13/2021,346.28,348.267904,326.6168701,344.25,6398516688.00,52063316157.71
BNB,6/11/2021,6/12/2021,352.29,364.78,342.87,345.37,6603032101.33,54450554446.08
BNB,6/10/2021,6/11/2021,375.422697,376.5663513,346.1,353.98,7543611611.43,55465102028.95
BNB,6/9/2021,6/10/2021,353.3899632,377.5938622,334.64,375.3385857,9546506056.89,54813524082.81
BNB,6/8/2021,6/9/2021,358.3,365.8668091,323.15,352.1861207,10105175868.87,53457501106.14
BNB,6/7/2021,6/8/2021,393.25,405.81,358.3341397,358.3341397,6104176174.22,60210691188.50
BNB,6/6/2021,6/7/2021,390.07,399.48343,383.5,393.54,7500007291.26,60087442318.38
BNB,6/5/2021,6/6/2021,391.54,424.7535035,377.28,389.71,10040567047.11,61645696201.75
BNB,6/4/2021,6/5/2021,427.66,427.66,368.2459191,391.92,11091155512.89,60185995338.25
BNB,6/3/2021,6/4/2021,401.46,429.8813365,392.43,427.51,11193255971.56,63655802831.69
BNB,6/2/2021,6/3/2021,362.53,416.9785133,352.43,402.69,8409510832.00,59419215377.94
BNB,6/1/2021,6/2/2021,353.829586,362.8414049,342.17,361.51,8140796421.35,53956189878.36
BNB,5/31/2021,6/1/2021,325.51,354.87,308.7311317,353.6585686,7724846782.89,51341071992.28
BNB,5/30/2021,5/31/2021,304.63,337.33,293.71,325.3625929,8117248205.87,49562575175.45
BNB,5/29/2021,5/30/2021,329.76,345.76,297.18,304.7,8791791824.00,49491675265.23
BNB,5/28/2021,5/29/2021,368.9038182,372.7151721,315.6984423,329.35,9193806030.94,52105991696.92
BNB,5/27/2021,5/28/2021,379.340668,386.7638381,342.49,369.231396,9842841070.22,56359095634.12
BNB,5/26/2021,5/27/2021,343.0734616,386.3745916,338.92,379.0653018,10985866240.00,56430549445.60
BNB,5/25/2021,5/26/2021,344.585418,372.2368614,310.723999,341.2886693,13791506588.44,51779847976.49
BNB,5/24/2021,5/25/2021,263.0470705,348.4,260.487885,344.67079,13179930222.99,46455116500.51
BNB,5/23/2021,5/24/2021,300.32,312.51,215.23,262.4917825,9101266055.11,40528420178.68
BNB,5/22/2021,5/23/2021,325.3739612,334.725576,289.4312602,301.72,12838245685.33,47986910531.00
BNB,5/21/2021,5/22/2021,391.51,413.2,279.37,324.0623203,11993044846.22,55679614031.66
BNB,5/20/2021,5/21/2021,339.5108344,420.1446811,294.6763669,389.3995567,18805499536.12,57022464776.98
BNB,5/19/2021,5/20/2021,508.7154313,514.955122,289.2739001,345.617663,14415347563.29,62815599904.51
BNB,5/18/2021,5/19/2021,512.5215597,533.0342709,498.6528707,510.6291768,9178452269.24,79493018994.69
BNB,5/17/2021,5/18/2021,562.64,562.64,495.75,513.6227458,11297996645.46,80468955565.73
BNB,5/16/2021,5/17/2021,564.61,605.7660067,539.2576362,559.82,7745171012.71,88525235024.35
BNB,5/15/2021,5/16/2021,604.0575822,610.1254624,562.7095599,564.98,7633666006.34,90127625721.23
BNB,5/14/2021,5/15/2021,571.3785223,614.4361634,570.6030154,603.96,12525632642.08,91567598412.52
BNB,5/13/2021,5/14/2021,594.4119883,631.8,541.4601676,570.8265678,14283573251.44,90945447980.97
BNB,5/12/2021,5/13/2021,672.1728337,683.9415828,605.5395793,605.5395793,8657318977.41,101236438025.21
BNB,5/11/2021,5/12/2021,632.5068771,672.3998199,625.3563879,672.3998199,11381256852.47,100361360027.85
BNB,5/10/2021,5/11/2021,662.8785154,689.33,612.6535136,634.5415546,10490920756.32,101965403009.05
BNB,5/9/2021,5/10/2021,646.8494127,677.1131444,633.7228186,662.5566688,9683184435.79,100872376153.18
BNB,5/8/2021,5/9/2021,625.33,657.6430596,621.12,646.775493,7710299121.33,97883304092.14
BNB,5/7/2021,5/8/2021,634,643.530332,614.3247658,625.15,8333723003.23,96265104408.76
BNB,5/6/2021,5/7/2021,651.93,652.78,622.9852802,635.2,8764286924.48,98261624182.89
BNB,5/5/2021,5/6/2021,610.276025,656.6696241,610.276025,651.78,11295268561.63,98445146733.71
BNB,5/4/2021,5/5/2021,676.0443138,676.0443138,609.1892428,610.2835007,13646099876.63,98269289640.26
BNB,5/3/2021,5/4/2021,622.54,679.5988884,622.54,677.1742783,9489305507.12,99328867956.69
BNB,5/2/2021,5/3/2021,620.3191285,628.46,599.15,622.8,8408704989.46,94850290167.31
BNB,5/1/2021,5/2/2021,624.0866495,640.2933705,613.6665499,620.2100094,11269356930.24,95845065426.12
BNB,4/30/2021,5/1/2021,600.14,627.41,588.4,625.7904487,14537520300.56,93845572443.41
BNB,4/29/2021,4/30/2021,563.2082692,612.8661462,556.9,600.999715,11225890966.50,89243683764.60
BNB,4/28/2021,4/29/2021,568.9502902,579.3432429,542.1797133,562.9890333,9257658333.57,85989264714.19
BNB,4/27/2021,4/28/2021,535.3698637,577.78,526.7172188,569.203722,8973319047.61,84961965229.56
BNB,4/26/2021,4/27/2021,505.6753946,549.3585778,504.2240125,534.1013613,9965944946.60,81853256056.71
BNB,4/25/2021,4/26/2021,499.1270701,517.04,483.183837,506.5705563,6957041378.83,76656038319.83
BNB,4/24/2021,4/25/2021,527.4418921,527.4418921,488.3099622,499.0061731,12660693810.62,77988524022.26
BNB,4/23/2021,4/24/2021,506.6485783,530.1350008,458.8337999,527.0950683,23005330530.97,76710520203.11
BNB,4/22/2021,4/23/2021,546.62,581.6556101,485.843651,509.3880792,18895800809.67,84374746281.13
BNB,4/21/2021,4/22/2021,587.25,611.58,540.29,548.49,22730496363.97,89122490930.46
BNB,4/20/2021,4/21/2021,505.037599,587.37,478.9340529,582.94,15990342800.81,80477013571.97
BNB,4/19/2021,4/20/2021,482.4074417,539.7695244,472.1886842,505.6650491,15716654013.88,78792426155.14
BNB,4/18/2021,4/19/2021,516.43,519.7,433.59,480.1141557,13531162533.93,72712470331.55
BNB,4/17/2021,4/18/2021,509.9210557,545.4603464,509.38,516.93,12874111544.31,80682360163.90
BNB,4/16/2021,4/17/2021,543.39,547.25,498.3885996,510.6571819,12876657056.49,80291563640.62
BNB,4/15/2021,4/16/2021,547.7025503,556.04,536.5240216,543.75,13253887016.12,84662690070.22
BNB,4/14/2021,4/15/2021,551.44,588.6481245,530.93,541.4107711,17249345464.73,86703933312.28
BNB,4/13/2021,4/14/2021,599.79,602.97,535.7164788,553.23,27945417579.40,87103057090.20
BNB,4/12/2021,4/13/2021,524.4866612,633.3712073,517.5114757,602.02,27157518926.21,88435529570.32
BNB,4/11/2021,4/12/2021,472.8512932,527.0675388,461.8584335,525.6162053,11721939290.25,74627721375.19
BNB,4/10/2021,4/11/2021,453.78,486.72,452.2703514,472.244603,14366065668.90,73226662964.39
BNB,4/9/2021,4/10/2021,418.68,453.05,407.0368567,453.05,10229491303.70,66515320518.80
BNB,4/8/2021,4/9/2021,370.9052043,421.0573893,369.7596204,418.67,13377690421.73,61843978092.95
BNB,4/7/2021,4/8/2021,395.765572,404.4644088,357.0233696,373.1135907,15548562582.46,59213206990.76
BNB,4/6/2021,4/7/2021,364.1115639,402.33,361.4745728,396.642936,11869780199.77,58848112821.03
BNB,4/5/2021,4/6/2021,347.4879132,372.01,337.597591,363.2090803,9360396649.00,54953876876.61
BNB,4/4/2021,4/5/2021,325.5921816,349.24,323.7352346,347.79,8640029640.10,52601777568.16
BNB,4/3/2021,4/4/2021,338.6242145,347.12,322.7604828,325.9078637,8749411166.68,52445895603.34
BNB,4/2/2021,4/3/2021,334.7046371,355.4120869,329.605259,338.0832829,12176811425.28,53305126836.06
BNB,4/1/2021,4/2/2021,302.3789684,338.4669181,301.7701948,335.5766897,9228235389.28,49170962867.82
BNB,3/31/2021,4/1/2021,311.7303682,316.1411942,292.48,302.5874958,12313914405.38,46942708158.17
BNB,3/30/2021,3/31/2021,275.2123851,311.4723867,271.6025642,311.4723867,7858314507.84,45071022878.36
BNB,3/29/2021,3/30/2021,268.8879889,277.0148503,265.56,274.9278881,5809014838.67,42076781426.75
BNB,3/28/2021,3/29/2021,269.2123337,280.1797143,263.16,269.16,7023555604.98,41894991855.12
BNB,3/27/2021,3/28/2021,255.0237091,275.29,250.08,270.0754252,5294081272.77,40011638546.44
BNB,3/26/2021,3/27/2021,234.2746223,254.5822369,234.2746223,254.5822369,5973428898.54,38136891524.15
BNB,3/25/2021,3/26/2021,248.9890222,249.2576407,227.9517174,234.4947456,6821840150.20,37037276024.81
BNB,3/24/2021,3/25/2021,255.0806219,268.09,243.7141663,249.3185523,5488052743.92,39951769677.02
BNB,3/23/2021,3/24/2021,255.2106025,262.78,252.5870835,255.7856543,6593955136.04,39868561609.35
BNB,3/22/2021,3/23/2021,264.8021916,275.0749927,254.463999,255.6937481,4729026175.70,41034964482.50
BNB,3/21/2021,3/22/2021,264.22,267.8723937,257.3584349,264.3796677,4888029165.96,40789766980.26
BNB,3/20/2021,3/21/2021,263.1891346,273.972909,262.7700108,264.47,4857650810.29,41394691985.69
BNB,3/19/2021,3/20/2021,261.25716,268.46,255.7168943,262.6298284,6160325084.11,40902356800.31
BNB,3/18/2021,3/19/2021,269.9095077,276.9449543,258.791926,261.513098,7893936619.75,41549808444.89
BNB,3/17/2021,3/18/2021,258.1823822,270.0711807,249.6924539,268.9131142,5808857676.40,39596801129.97
BNB,3/16/2021,3/17/2021,254.520145,258.1588449,242.738308,257.8212452,7168033613.12,39079027541.28
BNB,3/15/2021,3/16/2021,264.7613916,267.2009094,250.9099759,254.4945192,6449519273.22,39989621861.83
BNB,3/14/2021,3/15/2021,276.2004362,276.401699,265.1598708,265.7805004,7029029039.65,41726449117.19
BNB,3/13/2021,3/14/2021,263.563224,282.6479706,256.6154591,276.5468752,10933755448.00,41971070732.77
BNB,3/12/2021,3/13/2021,289.9179759,289.9179759,256.0951764,263.2190474,13573281122.92,42368051187.18
BNB,3/11/2021,3/12/2021,278.7287442,312.1030025,274.2524374,288.5472337,12986195309.05,44224455878.54
BNB,3/10/2021,3/11/2021,293.3041733,294.5070807,271.0350964,278.9108312,15868457081.15,43668385530.89
BNB,3/9/2021,3/10/2021,240.0692897,295.396063,236.4145852,294.615229,10154291260.78,40643652186.64
BNB,3/8/2021,3/9/2021,239.6670238,242.3080618,229.9423476,239.974477,6104652400.41,36355008062.15
BNB,3/7/2021,3/8/2021,226.409425,242.2224231,225.6831195,240.3231396,5751808424.76,36058597197.44
BNB,3/6/2021,3/7/2021,226.1443914,231.6754915,219.9088093,226.4628596,5594616719.52,34821607027.60
BNB,3/5/2021,3/6/2021,230.0181485,230.6580511,216.6640951,225.8327291,7114693420.94,34570478544.26
BNB,3/4/2021,3/5/2021,241.3227364,249.6572032,226.7639681,229.6332848,7898201522.23,36772441055.02
BNB,3/3/2021,3/4/2021,239.8647391,254.2363903,237.4577839,242.2979679,9488889888.64,37995250888.01
BNB,3/2/2021,3/3/2021,254.5927581,263.6745252,229.3613766,239.0082256,12075486727.76,38024278225.78
BNB,3/1/2021,3/2/2021,210.3042268,258.4521796,210.3042268,254.5999279,11244437216.06,36871770666.01
BNB,2/28/2021,3/1/2021,225.1904537,227.799855,196.208551,209.4530169,7004540365.09,32598923752.07
BNB,2/27/2021,2/28/2021,221.4060129,236.710438,220.5649412,225.5892305,9247425514.52,35248033983.43
BNB,2/26/2021,2/27/2021,235.1479655,238.0583314,212.1596321,220.6171464,11674646337.06,34951707569.44
BNB,2/25/2021,2/26/2021,254.3611108,264.4187155,237.3288109,237.8801962,12663316311.80,38622011334.18
BNB,2/24/2021,2/25/2021,230.7326213,279.2393469,215.642415,253.578837,17935942144.28,38685888252.64
BNB,2/23/2021,2/24/2021,267.4101025,267.4101025,195.2957937,227.6772191,17935611167.34,35198429981.22
BNB,2/22/2021,2/23/2021,293.5766992,293.5766992,226.3636191,267.0348909,14415539750.35,41415742848.14
BNB,2/21/2021,2/22/2021,255.5250287,306.3790624,253.0793634,294.5682289,16348459423.02,43688256605.04
BNB,2/20/2021,2/21/2021,333.2496175,333.2531457,231.4733915,257.2949536,22450605435.32,44362236726.51
BNB,2/19/2021,2/20/2021,196.0310971,340.9030975,196.0310971,332.7025774,20053889905.56,42569931417.62
BNB,2/18/2021,2/19/2021,165.691602,200.096104,164.1611438,196.8713868,9941464094.05,28583643283.91
BNB,2/17/2021,2/18/2021,130.1587454,173.8706343,127.2560481,164.4221682,3958530059.94,22212721307.64
BNB,2/16/2021,2/17/2021,129.9557634,133.6683596,127.0658407,130.2495702,2878876006.63,20144277145.73
BNB,2/15/2021,2/16/2021,136.6188374,139.2140787,120.8798911,129.801331,3886303238.80,20221741027.10
BNB,2/14/2021,2/15/2021,133.6680027,139.0203787,129.0271407,137.243604,3211803640.19,20618517537.65
BNB,2/13/2021,2/14/2021,136.8904894,138.5487662,126.3275086,133.8620946,3801149827.33,20470494535.25
BNB,2/12/2021,2/13/2021,124.2594431,140.50468,122.3368188,136.6997194,4395331242.85,20170435103.98
BNB,2/11/2021,2/12/2021,128.7796367,129.5066681,119.5616257,124.0219251,7454808763.26,19295020679.92
BNB,2/10/2021,2/11/2021,107.7674511,148.2628827,107.7674511,128.7626682,10632976140.79,19673868769.57
BNB,2/9/2021,2/10/2021,78.90723738,114.2311958,77.63984558,107.5659565,5587654417.73,14877898489.78
BNB,2/8/2021,2/9/2021,68.54697629,78.49752983,67.81156883,78.49752983,3786752536.19,11274936857.39
BNB,2/7/2021,2/8/2021,72.67634833,74.64124982,64.54079358,68.43956544,3792952320.02,10710858511.26
BNB,2/6/2021,2/7/2021,67.742448,75.32689663,62.62248491,72.44890123,4558271762.36,10986834389.23
BNB,2/5/2021,2/6/2021,55.96810469,68.62740623,55.96810469,68.24337759,2320065241.47,9220794554.59
BNB,2/4/2021,2/5/2021,52.23315482,57.03764367,51.71213757,55.95012186,1614188436.94,8305657361.61
BNB,2/3/2021,2/4/2021,51.02915402,52.71077585,49.96875879,52.33745465,1768873294.18,7902619468.97
BNB,2/2/2021,2/3/2021,51.47300272,52.94836388,49.37955852,50.93042469,2629479305.02,7837084427.04
BNB,2/1/2021,2/2/2021,44.28748919,51.99568599,43.55799708,51.84074579,1676858776.44,7334079846.45
BNB,1/31/2021,2/1/2021,44.73800733,45.70009452,43.47453335,44.27090978,1271334220.48,6849921982.05
BNB,1/30/2021,1/31/2021,42.87921108,45.04396556,42.73848339,44.81756717,1352089225.19,6791663235.73
BNB,1/29/2021,1/30/2021,42.52008293,44.0437287,41.90478391,42.84493534,1446532456.49,6635223216.27
BNB,1/28/2021,1/29/2021,41.02853689,43.08719565,40.49163803,42.46177013,1247664881.75,6519865436.56
BNB,1/27/2021,1/28/2021,41.68164982,41.90458144,39.74128101,40.98720809,1217382620.27,6347821017.66
BNB,1/26/2021,1/27/2021,41.69492098,42.37572528,40.05344954,41.54921514,1241291846.29,6342417979.02
BNB,1/25/2021,1/26/2021,41.86766377,43.29149009,40.67187843,41.36219601,1130333630.39,6533969524.78
BNB,1/24/2021,1/25/2021,40.91092052,42.20290287,40.58139595,41.89474459,1061227468.62,6404791726.39
BNB,1/23/2021,1/24/2021,40.90049573,41.80123686,39.63652018,40.77624594,1192067997.21,6295215837.50
BNB,1/22/2021,1/23/2021,38.68147745,41.34069342,36.96445074,40.69011215,1519851817.93,6179042929.93
BNB,1/21/2021,1/22/2021,42.58340716,42.58685074,38.37479718,38.7657045,1498181288.31,6279283642.06
BNB,1/20/2021,1/21/2021,43.06974252,43.06974252,40.25661555,42.48568237,1878145203.08,6458424368.97
BNB,1/19/2021,1/20/2021,45.39578102,46.93554972,42.36234366,43.29090687,1472911958.58,6576176229.66
BNB,1/18/2021,1/19/2021,45.88731063,46.82234262,44.19755039,45.38458545,1653300801.67,6448293405.22
BNB,1/17/2021,1/18/2021,43.14129875,46.64662228,41.122695,45.73429361,1525771573.29,6186393972.42
BNB,1/16/2021,1/17/2021,40.91951063,43.98909012,40.72314887,43.24407326,1366576133.69,6037518615.02
BNB,1/15/2021,1/16/2021,41.82135153,42.43012618,38.98612031,40.95823915,1310458787.73,5850430633.09
BNB,1/14/2021,1/15/2021,40.13536357,41.88521682,39.66471177,41.7187849,1361429035.55,5832784637.89
BNB,1/13/2021,1/14/2021,38.22884703,40.40703051,37.06011285,40.1495446,1272377979.55,5496015793.40
BNB,1/12/2021,1/13/2021,38.2954934,39.83743847,37.35712238,38.05995195,1638114623.11,5533268952.89
BNB,1/11/2021,1/12/2021,42.40002997,42.40002997,35.35586318,38.4410242,1785467826.76,5572070930.24
BNB,1/10/2021,1/11/2021,43.93792902,45.08356864,40.36321123,42.504401,1451670778.43,6276945591.02
BNB,1/9/2021,1/10/2021,42.37620462,44.11940886,41.59881829,44.04054542,1387274048.03,6184902772.50
BNB,1/8/2021,1/9/2021,43.52282851,43.57222292,40.8641085,42.4178942,1683489853.89,6109412949.58
BNB,1/7/2021,1/8/2021,42.23789053,44.51408679,41.54778754,43.21533649,1699798417.79,6244331547.87
BNB,1/6/2021,1/7/2021,41.79441272,42.21381839,40.61402814,42.06026379,1435644235.39,5979271948.95
BNB,1/5/2021,1/6/2021,41.08126204,41.67218618,38.94207707,41.57223592,1607209935.19,5823155984.04
BNB,1/4/2021,1/5/2021,40.97957376,42.90402107,38.27462925,40.7529281,1924813843.47,5822110607.74
BNB,1/3/2021,1/4/2021,38.01713452,41.34394534,37.9025257,40.93110274,1353044685.85,5678544010.45
BNB,1/2/2021,1/3/2021,37.77154901,38.74135665,36.96708111,38.04476175,1006032737.75,5440829079.41
BNB,1/1/2021,1/2/2021,37.38519173,38.95096016,37.06923735,37.90054239,932544364.13,5475451228.44
BNB,12/31/2020,1/1/2021,38.16067804,38.16067804,36.80996963,37.3770629,947699544.81,5393736935.10
BNB,12/30/2020,12/31/2020,39.0072575,39.15880783,36.9427058,38.11891386,1404373045.72,5437994133.54
BNB,12/29/2020,12/30/2020,35.88440964,39.34194015,35.40375454,38.75415184,1886577784.11,5456502775.83
BNB,12/28/2020,12/29/2020,33.57620249,35.97980622,33.38155836,35.83160567,1344488652.27,5075759613.89
BNB,12/27/2020,12/28/2020,33.5687781,34.9714798,32.18262924,33.44143231,1069265702.79,4869177440.49
BNB,12/26/2020,12/27/2020,33.18219762,33.92246285,32.59852073,33.49731777,952589611.55,4813431493.33
BNB,12/25/2020,12/26/2020,32.49412616,33.43567319,31.89865107,33.17024917,912047554.81,4708853036.64
BNB,12/24/2020,12/25/2020,31.17558984,32.71031356,30.51022317,32.5404239,1152768551.65,4572090912.75
BNB,12/23/2020,12/24/2020,33.53601826,34.42689187,30.06037974,31.22923779,1194883383.59,4738876374.65
BNB,12/22/2020,12/23/2020,32.25026321,33.76380724,30.74164246,33.49433205,1179548368.63,4695331317.01
BNB,12/21/2020,12/22/2020,34.20485587,35.5896616,31.83300273,32.37132571,1464019373.66,4832809590.27
BNB,12/20/2020,12/21/2020,33.31392094,35.52848603,32.68529875,34.31444874,1248109532.66,4938641862.06
BNB,12/19/2020,12/20/2020,30.92566803,34.1355818,30.92566803,33.2996681,978513516.10,4734840794.12
BNB,12/18/2020,12/19/2020,30.21636877,31.1692907,29.71862421,30.93390725,871573419.55,4412542384.75
BNB,12/17/2020,12/18/2020,30.56885141,31.41262237,29.86263101,30.20192113,916239027.13,4441698204.24
BNB,12/16/2020,12/17/2020,29.53126545,30.61976217,29.07489174,30.53620976,592523547.61,4288698493.36
BNB,12/15/2020,12/16/2020,30.02314333,30.33652082,29.36601528,29.52825278,664443743.94,4294253643.13
BNB,12/14/2020,12/15/2020,29.1238742,30.17744459,28.71316696,29.98855037,568390516.20,4234944608.92
BNB,12/13/2020,12/14/2020,28.15951104,29.24414712,28.06632618,29.06254764,469549211.26,4153110298.74
BNB,12/12/2020,12/13/2020,27.34631471,28.23325206,27.34631471,28.15971906,477268083.41,4028348987.77
BNB,12/11/2020,12/12/2020,27.67406816,27.67406816,26.75986303,27.38000252,509321734.45,3928230428.50
BNB,12/10/2020,12/11/2020,28.14778104,28.22927073,27.44595436,27.72201106,554040401.54,4018615481.65
BNB,12/9/2020,12/10/2020,27.77630593,28.38114656,26.99556101,28.20956694,652958041.42,4024720784.92
BNB,12/8/2020,12/9/2020,29.37676746,29.46777461,27.64079431,27.76685249,532594273.62,4140554174.39
BNB,12/7/2020,12/8/2020,29.52183045,29.63146469,29.1376142,29.38039367,465547303.64,4239540001.06
BNB,12/6/2020,12/7/2020,29.74016261,30.12721759,29.09961878,29.50056116,538518005.36,4258862781.57
BNB,12/5/2020,12/6/2020,29.02755646,30.0537209,28.74581657,29.73317466,682066761.92,4249954239.95
BNB,12/4/2020,12/5/2020,30.71415204,31.05077875,28.89582723,29.18033025,666129331.05,4324760335.87
BNB,12/3/2020,12/4/2020,30.31820162,30.75445359,29.93432729,30.68733694,696732203.33,4391329712.37
BNB,12/2/2020,12/3/2020,30.1312585,30.93475079,29.80317496,30.31536286,849165635.77,4378494317.94
BNB,12/1/2020,12/2/2020,31.49071004,31.89265063,29.60965593,30.17001717,900126723.77,4462135288.56
BNB,11/30/2020,12/1/2020,30.12061714,31.52318484,29.85320469,31.38631711,768325760.08,4426410048.48
BNB,11/29/2020,11/30/2020,29.15221236,30.4561651,28.95228741,30.12124691,735638104.50,4277896347.20
BNB,11/28/2020,11/29/2020,28.47347597,29.63536506,27.97262834,29.13111594,668521448.28,4152134171.17
BNB,11/27/2020,11/28/2020,28.24056405,28.66764304,27.31752011,28.48214725,1018571599.11,4060995212.56
BNB,11/26/2020,11/27/2020,31.35199153,31.72971759,26.52585374,28.19710705,1329850914.65,4153688061.29
BNB,11/25/2020,11/26/2020,33.77547585,35.33568848,30.71975636,31.45482415,1507140228.66,4778512199.02
BNB,11/24/2020,11/25/2020,31.00037642,35.07981421,30.89316552,33.83921789,1572605180.55,4766235749.84
BNB,11/23/2020,11/24/2020,30.00995443,31.05707218,29.89602857,30.97708316,909088090.33,4401719434.03
BNB,11/22/2020,11/23/2020,30.46542404,31.118117,29.06445763,30.01991038,978594645.26,4343566524.79
BNB,11/21/2020,11/22/2020,28.95359605,30.70103325,28.42354222,30.51512458,783584850.77,4255787124.89
BNB,11/20/2020,11/21/2020,28.12624929,29.27608414,28.12624929,28.90432547,687209733.11,4136609109.51
BNB,11/19/2020,11/20/2020,28.10656231,28.33822956,27.69006675,28.06697071,695007903.06,4051834575.48
BNB,11/18/2020,11/19/2020,28.57838663,28.79707842,27.58116263,28.09742144,738476187.53,4062265220.69
BNB,11/17/2020,11/18/2020,27.98695957,28.76620525,27.98695957,28.53427311,656941087.20,4113452436.41
BNB,11/16/2020,11/17/2020,27.67977332,28.196579,27.50134905,27.99100616,544710253.72,4022734075.75
BNB,11/15/2020,11/16/2020,27.96413262,28.17501521,27.13804723,27.62533414,502481147.73,4019285506.82
BNB,11/14/2020,11/15/2020,28.21036976,28.21036976,27.43032271,28.0094781,553292761.29,4009826309.03
BNB,11/13/2020,11/14/2020,27.72531859,28.51319703,27.57885836,28.21118904,586141526.69,4045798613.89
BNB,11/12/2020,11/13/2020,28.01284349,28.16824298,27.37950558,27.58268014,587615708.58,4016043607.16
BNB,11/11/2020,11/12/2020,28.23247605,28.54085025,27.86407969,27.93249118,612224231.81,4069033507.35
BNB,11/10/2020,11/11/2020,28.05989916,28.46091912,27.71620211,28.20182926,669119715.35,4064771458.34
BNB,11/9/2020,11/10/2020,28.38277331,28.87387069,27.39444618,27.98987797,704480783.12,4074023831.76
BNB,11/8/2020,11/9/2020,27.7891469,28.69621385,27.55093457,28.32064043,772296060.10,4074297698.36
BNB,11/7/2020,11/8/2020,29.04041316,29.8185312,27.07464053,27.74079482,841655749.67,4157005265.07
BNB,11/6/2020,11/7/2020,27.72522502,29.40862649,27.72522502,29.01450508,818300259.18,4152792890.55
BNB,11/5/2020,11/6/2020,26.99794516,27.89572379,26.82521379,27.70563785,713115562.07,3966134625.46
BNB,11/4/2020,11/5/2020,26.92922148,26.9798142,25.99942592,26.95856446,598249990.32,3837753756.81
BNB,11/3/2020,11/4/2020,27.85286467,27.85286467,25.9588239,26.88744607,700493046.35,3865172066.02
BNB,11/2/2020,11/3/2020,28.54224538,29.27653404,27.8323769,27.91780643,602529348.92,4116927643.64
BNB,11/1/2020,11/2/2020,28.54523911,28.68410968,28.17201361,28.46083849,530916743.12,4096365765.49
BNB,10/31/2020,11/1/2020,28.54425142,28.9348058,28.24856346,28.44708893,631701882.90,4129924018.15
BNB,10/30/2020,10/31/2020,29.90967275,30.19699947,27.73395663,28.55443228,803081841.66,4147033256.24
BNB,10/29/2020,10/30/2020,30.36580576,30.45546674,29.62698132,29.88121415,667368300.32,4354261470.90
BNB,10/28/2020,10/29/2020,31.52098806,31.87852224,29.93385084,30.41791369,843429681.95,4463257315.56
BNB,10/27/2020,10/28/2020,31.09011669,32.31990966,31.04649004,31.6094911,861692839.68,4563901059.56
BNB,10/26/2020,10/27/2020,30.13281594,31.36175382,29.99716195,31.15467269,585933802.13,4437179056.57
BNB,10/25/2020,10/26/2020,30.60347888,30.95456799,29.93698624,30.08908293,528803166.27,4384262937.58
BNB,10/24/2020,10/25/2020,30.64612872,30.85962607,30.4749436,30.58528556,563330770.00,4425002611.67
BNB,10/23/2020,10/24/2020,30.6758128,31.17690071,30.18517279,30.63647902,709753101.52,4434451351.03
BNB,10/22/2020,10/23/2020,29.77817403,31.29776827,29.77817403,30.66204357,799136087.13,4422210925.26
BNB,10/21/2020,10/22/2020,28.80920579,30.37581524,28.71245793,29.73906927,733809657.75,4280683847.35
BNB,10/20/2020,10/21/2020,29.93217383,30.08373493,28.55588863,28.83569822,628123161.54,4232005146.58
BNB,10/19/2020,10/20/2020,30.65917168,30.65917168,29.83165808,29.92343667,613153240.08,4354039334.45
BNB,10/18/2020,10/19/2020,30.24064773,30.99040719,30.2115626,30.65031264,636846836.64,4423522112.83
BNB,10/17/2020,10/18/2020,30.01252202,30.5489311,29.71028034,30.23862892,645953399.12,4370653007.49
BNB,10/16/2020,10/17/2020,31.3041599,31.90659648,29.66549858,29.96936242,914383755.83,4401275998.21
BNB,10/15/2020,10/16/2020,30.86307065,31.62052793,30.47487157,31.30410715,737606850.09,4481187755.46
BNB,10/14/2020,10/15/2020,30.73606733,31.32132897,30.46974014,30.90562568,799477313.09,4445399447.23
BNB,10/13/2020,10/14/2020,30.72059435,31.73243467,30.28673617,30.70850128,1103724789.38,4466478799.35
BNB,10/12/2020,10/13/2020,28.53393425,31.07508866,28.47316577,30.69860351,954530807.02,4341058977.53
BNB,10/11/2020,10/12/2020,28.38986706,28.72895809,27.93904473,28.55856888,564972414.36,4093877746.12
BNB,10/10/2020,10/11/2020,28.40475488,29.22334736,28.17423959,28.32174128,691675778.75,4134382332.46
BNB,10/9/2020,10/10/2020,27.72158346,28.51491806,27.50715558,28.42570476,680143581.00,4066468269.02
BNB,10/8/2020,10/9/2020,27.71318277,27.79155406,26.61441733,27.68872866,598190713.41,3941357623.75
BNB,10/7/2020,10/8/2020,27.71349702,27.83862661,26.91868885,27.65282062,684452240.35,3965889468.80
BNB,10/6/2020,10/7/2020,28.60706647,28.95927454,27.28786567,27.69629309,628485495.17,4077999210.59
BNB,10/5/2020,10/6/2020,29.03153019,29.24492842,28.13196437,28.63358863,758663752.52,4142063811.45
BNB,10/4/2020,10/5/2020,28.2173777,29.12371767,28.05255241,28.92094241,723559809.82,4134411485.79
BNB,10/3/2020,10/4/2020,27.31020497,28.29568936,27.13153969,28.210431,728883387.82,4003592275.36
BNB,10/2/2020,10/3/2020,27.4667359,28.06444591,25.84092959,27.23577342,990534885.08,3904681061.71
BNB,10/1/2020,10/2/2020,29.33107956,29.33957689,26.30083112,27.42095139,852231699.73,4087420426.41
BNB,9/30/2020,10/1/2020,28.78391846,29.52864946,28.02301699,29.22914682,828298447.12,4135739954.18
BNB,9/29/2020,9/30/2020,26.97631548,28.96842306,26.91478872,28.80203443,842592747.52,4037490073.56
BNB,9/28/2020,9/29/2020,26.24152516,27.69208669,25.88784854,26.90430803,663298839.48,3872107324.88
BNB,9/27/2020,9/28/2020,26.2114868,26.85198414,25.7196893,26.17027755,725472443.67,3783997668.05
BNB,9/26/2020,9/27/2020,24.68659489,26.41789418,24.53438413,26.18058823,618648362.97,3649911258.59
BNB,9/25/2020,9/26/2020,24.55140719,25.05674315,23.81790462,24.65762535,642910978.84,3538128358.97
BNB,9/24/2020,9/25/2020,22.81064848,24.60043955,22.67604962,24.60043955,634559910.83,3427697058.40
BNB,9/23/2020,9/24/2020,24.0612256,24.24966383,22.67652803,22.82380484,625873265.11,3417448801.05
BNB,9/22/2020,9/23/2020,23.07378718,24.46579052,22.78485991,24.03923031,883558416.53,3435538710.54
BNB,9/21/2020,9/22/2020,26.38351663,26.65117873,22.55858615,23.34862986,837861867.20,3558139066.55
BNB,9/20/2020,9/21/2020,27.21430391,27.28655873,25.21434791,26.45982781,600030295.83,3833679444.49
BNB,9/19/2020,9/20/2020,27.67995876,27.76528677,26.71364779,27.18958625,789752573.19,3927324036.56
BNB,9/18/2020,9/19/2020,27.04347871,28.66428517,26.69498815,27.01950612,998812723.13,3976176696.21
BNB,9/17/2020,9/18/2020,27.84721784,28.75866379,26.1663515,26.75302641,1154795596.14,3900451607.69
BNB,9/16/2020,9/17/2020,27.11066461,28.37845542,25.95668624,27.85967963,1460780166.59,3947768060.94
BNB,9/15/2020,9/16/2020,31.07309451,31.07309451,26.81242765,27.17313557,2009532268.42,4136800051.08
BNB,9/14/2020,9/15/2020,31.14404144,33.32068742,29.10539196,31.20710905,1921989301.07,4471916179.36
BNB,9/13/2020,9/14/2020,28.38055224,32.19706771,28.0651051,30.98112223,1745220966.39,4383918867.73
BNB,9/12/2020,9/13/2020,25.31737604,28.39205715,25.31737604,28.33841043,1198801462.74,3892929381.80
BNB,9/11/2020,9/12/2020,24.44152082,25.54476434,23.09988553,25.31455147,786482890.55,3474540186.47
BNB,9/10/2020,9/11/2020,24.39448247,25.42983803,24.08730314,24.32953203,843490002.48,3553018631.34
BNB,9/9/2020,9/10/2020,23.13356865,24.40845581,22.4727191,24.40815294,985511841.17,3403469347.95
BNB,9/8/2020,9/9/2020,22.40095869,23.27736405,21.2884884,23.04462486,975028642.68,3233536555.89
BNB,9/7/2020,9/8/2020,22.7219023,22.9840558,20.10480225,22.25209912,1125757774.06,3154160854.31
BNB,9/6/2020,9/7/2020,19.82124992,23.12610626,19.08904463,22.70943477,1070439530.08,3078277761.49
BNB,9/5/2020,9/6/2020,20.9389976,21.31686697,18.73382187,19.32697296,805001000.47,2906949672.63
BNB,9/4/2020,9/5/2020,20.34397931,21.61547026,19.84150421,20.98442635,1082753038.03,3009802089.33
BNB,9/3/2020,9/4/2020,24.68894229,25.50426097,20.25534289,20.6199297,1098407254.77,3400367689.80
BNB,9/2/2020,9/3/2020,24.72024805,25.73811077,23.44068828,24.69531229,1126754666.23,3573107065.39
BNB,9/1/2020,9/2/2020,23.15639385,25.32052096,22.89178149,24.67892433,615695091.15,3417704038.63
BNB,8/31/2020,9/1/2020,23.64913971,23.88528837,23.02202497,23.16798025,496706617.18,3373189418.69
BNB,8/30/2020,8/31/2020,22.95918956,23.82255401,22.9398482,23.63195788,473996007.65,3362318560.81
BNB,8/29/2020,8/30/2020,23.08340255,23.47761189,22.77796418,23.02438659,430801156.16,3346479234.93
BNB,8/28/2020,8/29/2020,23.09033451,23.5131839,22.6441115,23.0735317,637026848.10,3322624566.49
BNB,8/27/2020,8/28/2020,22.21420842,23.13000036,21.89133296,23.13000036,541759867.57,3235698547.45
BNB,8/26/2020,8/27/2020,21.40964986,22.46561943,21.32674639,22.24454718,539574280.39,3198239672.95
BNB,8/25/2020,8/26/2020,22.59103369,22.62159755,21.02897692,21.46629761,438517330.74,3166857897.20
BNB,8/24/2020,8/25/2020,21.84178572,22.94795317,21.71826913,22.58072255,409301777.21,3236667093.94
BNB,8/23/2020,8/24/2020,22.23213123,22.23213123,21.58747636,21.86557496,420995304.09,3160579628.58
BNB,8/22/2020,8/23/2020,22.06782293,22.22561886,21.36416866,22.20806868,509710728.75,3170351567.30
BNB,8/21/2020,8/22/2020,23.0857964,23.30162752,21.75361414,22.07819214,544773962.79,3272495111.02
BNB,8/20/2020,8/21/2020,22.3191331,23.28828749,22.10740776,23.07910695,474637389.82,3278017202.32
BNB,8/19/2020,8/20/2020,23.01222537,23.23288319,21.91422761,22.28611805,546279569.35,3255956417.15
BNB,8/18/2020,8/19/2020,23.49279883,23.73126686,22.54589754,23.02139386,562455597.79,3362274668.22
BNB,8/17/2020,8/18/2020,23.49589265,23.90430894,23.02581124,23.51760727,590818472.72,3374144902.14
BNB,8/16/2020,8/17/2020,23.0329223,23.75936032,22.77873439,23.45976465,567004374.17,3353793663.22
BNB,8/15/2020,8/16/2020,23.09051471,23.74794037,22.85712513,22.92529999,723350122.67,3355642623.19
BNB,8/14/2020,8/15/2020,21.76135703,23.27279928,21.30968295,23.00391418,680608264.71,3225182478.62
BNB,8/13/2020,8/14/2020,21.52328891,21.83770668,20.69691367,21.75209854,432278935.10,3076385666.25
BNB,8/12/2020,8/13/2020,21.27311787,21.95993303,20.64278429,21.59767243,463515706.39,3100799526.59
BNB,8/11/2020,8/12/2020,22.61021437,22.71264884,20.78812035,21.17096541,410394842.88,3157710914.28
BNB,8/10/2020,8/11/2020,22.43850308,22.74767545,22.19788296,22.56617956,492362152.29,3251635279.76
BNB,8/9/2020,8/10/2020,22.88602503,22.88602503,22.11551987,22.38082619,505429339.81,3248489221.82
BNB,8/8/2020,8/9/2020,22.2501367,22.87084287,21.83694421,22.81988712,550836248.14,3224651075.01
BNB,8/7/2020,8/8/2020,22.71448656,22.92044256,21.59923789,22.22025268,554918344.57,3248197414.92
BNB,8/6/2020,8/7/2020,23.25287659,23.25287659,22.54775423,22.70818403,612169646.04,3310500447.52
BNB,8/5/2020,8/6/2020,22.28717313,23.43420123,22.11314514,23.24859417,672700993.29,3327871341.42
BNB,8/4/2020,8/5/2020,22.03622272,22.39938227,21.51945762,22.27524031,551919498.55,3179670100.13
BNB,8/3/2020,8/4/2020,20.95934492,22.40124706,20.78762322,21.96105354,542188406.21,3142477186.67
BNB,8/2/2020,8/3/2020,21.59602846,22.11000166,19.88289477,20.92505264,628826459.20,3010625377.81
BNB,8/1/2020,8/2/2020,20.66856008,21.70589753,20.60559763,21.5835827,471314293.11,3034432434.86
BNB,7/31/2020,8/1/2020,19.97544987,20.79369989,19.91761902,20.69258071,438596606.25,2953178615.45
BNB,7/30/2020,7/31/2020,19.8766116,20.08766515,19.57318155,19.99220618,402185806.75,2862162380.80
BNB,7/29/2020,7/30/2020,20.17595014,20.32707589,19.82769717,19.86578532,501370900.81,2897298069.17
BNB,7/28/2020,7/29/2020,19.71024738,20.58323617,19.50381478,20.15390865,640688301.70,2902836297.34
BNB,7/27/2020,7/28/2020,19.55266437,20.13279937,18.48217067,19.66160935,508204087.21,2791869340.09
BNB,7/26/2020,7/27/2020,19.80056063,20.23543473,19.35574236,19.5436203,521370798.39,2836688135.46
BNB,7/25/2020,7/26/2020,19.17824323,20.02234956,19.17234218,19.80878025,509325404.34,2842518225.28
BNB,7/24/2020,7/25/2020,18.74257472,19.50047954,18.27170979,19.17467766,412581831.47,2712609484.22
BNB,7/23/2020,7/24/2020,18.10201236,18.71015152,18.07953259,18.69898164,393457460.87,2645827037.83
BNB,7/22/2020,7/23/2020,17.70710686,18.04003388,17.49063703,18.04003388,300294026.27,2684614458.50
BNB,7/21/2020,7/22/2020,17.45245147,17.95136988,17.39898695,17.72362851,312144721.04,2748845375.77
BNB,7/20/2020,7/21/2020,17.98768187,18.27140432,17.31689728,17.46174885,295235376.54,2777783006.06
BNB,7/19/2020,7/20/2020,17.1220163,18.07338829,16.87147354,17.96412362,260595756.61,2738933030.42
BNB,7/18/2020,7/19/2020,17.06382914,17.29845145,16.83296718,17.12254965,193041049.32,2656821499.74
BNB,7/17/2020,7/18/2020,17.15203977,17.44493171,17.02687612,17.07068241,227704580.23,2681651165.84
BNB,7/16/2020,7/17/2020,17.57547914,17.69698593,16.58307486,17.1575035,253854182.73,2661243513.89
BNB,7/15/2020,7/16/2020,18.02990603,18.06123529,17.43934785,17.56668128,267229937.40,2755468366.29
BNB,7/14/2020,7/15/2020,18.3403186,18.63082731,17.84075296,18.04485419,361522304.87,2823203276.56
BNB,7/13/2020,7/14/2020,18.30201486,18.89866193,17.73139834,18.33450038,335955783.19,2846456157.71
BNB,7/12/2020,7/13/2020,17.56199008,18.57755107,17.56199008,18.26819242,331460636.67,2822051897.79
BNB,7/11/2020,7/12/2020,17.23492599,17.6015963,17.00148455,17.55050647,258933780.34,2695728934.44
BNB,7/10/2020,7/11/2020,16.81355648,17.25158946,16.46238812,17.21106348,224351355.93,2610741443.41
BNB,7/9/2020,7/10/2020,17.23491013,17.36998861,16.5142437,16.81310312,255329356.70,2627285901.63
BNB,7/8/2020,7/9/2020,16.78249366,17.37572857,16.70133409,17.17224638,289837386.51,2657971893.29
BNB,7/7/2020,7/8/2020,16.30345276,16.84701026,16.10287256,16.76836303,253381694.27,2561340806.80
BNB,7/6/2020,7/7/2020,15.58199306,16.32457998,15.52965157,16.32457998,179941697.83,2455104783.42
BNB,7/5/2020,7/6/2020,15.55661605,15.66596265,15.30697424,15.56629592,175838008.35,2408570405.32
BNB,7/4/2020,7/5/2020,15.37549063,15.62939252,15.35033864,15.54706777,168813304.78,2409571353.50
BNB,7/3/2020,7/4/2020,15.43201886,15.54277487,15.34140106,15.37511551,196066765.06,2402032814.29
BNB,7/2/2020,7/3/2020,15.87067794,15.99945711,15.25576063,15.4242346,213612381.28,2440425968.54
BNB,7/1/2020,7/2/2020,15.49430692,15.90306396,15.36149814,15.87176851,195787522.80,2437563820.73
BNB,6/30/2020,7/1/2020,15.53927287,15.59463624,15.35786073,15.50604633,205013353.39,2410700661.62
BNB,6/29/2020,6/30/2020,15.3892866,15.62830594,15.21700699,15.5508446,209553879.66,2400476811.65
BNB,6/28/2020,6/29/2020,15.21892715,15.55059897,14.89311744,15.3700036,209378357.24,2380638397.12
BNB,6/27/2020,6/28/2020,15.82806768,15.9196846,15.03991599,15.22490024,168820314.35,2435449920.79
BNB,6/26/2020,6/27/2020,15.96220996,16.03105116,15.62262852,15.81878002,180097430.58,2461566465.75
BNB,6/25/2020,6/26/2020,16.06487542,16.08610331,15.65418213,15.96810609,210353002.03,2482963309.62
BNB,6/24/2020,6/25/2020,16.40311349,16.64495074,15.99806833,16.04977775,216655373.16,2531928957.33
BNB,6/23/2020,6/24/2020,16.5209018,16.55227253,16.3173053,16.39296135,221486899.16,2553112650.33
BNB,6/22/2020,6/23/2020,15.97126061,16.51637638,15.96895889,16.51637638,195031371.35,2533648293.00
BNB,6/21/2020,6/22/2020,16.05341569,16.30087139,15.95035076,15.95851598,195432193.70,2503140991.15
BNB,6/20/2020,6/21/2020,16.00479544,16.11512961,15.81270618,16.05583585,194480713.13,2485741676.85
BNB,6/19/2020,6/20/2020,16.20450455,16.28016287,15.96417017,16.01774636,206606348.38,2505696954.23
BNB,6/18/2020,6/19/2020,16.42061586,16.51961777,15.96454771,16.20918596,225990629.60,2540599410.97
BNB,6/17/2020,6/18/2020,16.42618461,16.61976799,16.14347755,16.41779977,233280044.81,2550845896.86
BNB,6/16/2020,6/17/2020,16.39571664,16.60065132,16.22392309,16.41885005,235125000.06,2551916413.47
BNB,6/15/2020,6/16/2020,16.60618921,16.62403438,15.70260625,16.4154188,254062373.90,2521380827.98
BNB,6/14/2020,6/15/2020,16.81283342,16.83263753,16.48648372,16.60937164,262818829.11,2598507636.57
BNB,6/13/2020,6/14/2020,16.65090145,16.8136216,16.50349139,16.80765291,260006048.09,2588497617.34
BNB,6/12/2020,6/13/2020,16.29169842,16.78984926,16.18423701,16.61586116,296858194.46,2579841698.46
BNB,6/11/2020,6/12/2020,17.38510283,17.49646225,16.27963673,16.32485748,271957086.19,2652581481.59
BNB,6/10/2020,6/11/2020,17.36149343,17.48792079,17.24794939,17.37630623,238930296.69,2697512172.61
BNB,6/9/2020,6/10/2020,17.41334606,17.4653225,17.2028553,17.34849992,235759095.35,2690487176.01
BNB,6/8/2020,6/9/2020,17.38990608,17.5042759,17.26492118,17.38226449,256753745.71,2702421069.16
BNB,6/7/2020,6/8/2020,17.54559716,17.61728968,16.92379279,17.37432958,296770871.24,2701639186.99
BNB,6/6/2020,6/7/2020,17.69641021,17.78183913,17.51742186,17.54962785,325575886.67,2743325888.90
BNB,6/5/2020,6/6/2020,17.5290796,17.84958595,17.47211334,17.64659499,321210655.14,2746269991.85
BNB,6/4/2020,6/5/2020,17.55071112,17.6381128,17.14957752,17.55878506,342784639.02,2720156036.71
BNB,6/3/2020,6/4/2020,17.29252169,17.58486564,17.06952176,17.53977317,360992181.13,2697041503.53
BNB,6/2/2020,6/3/2020,17.91206589,18.16489524,16.8706258,17.27104564,472457065.46,2749134462.73
BNB,6/1/2020,6/2/2020,17.07708442,18.01342328,17.01348096,17.88838861,406799591.17,2706537392.56
BNB,5/31/2020,6/1/2020,17.73806856,18.00705986,16.93783448,17.04926286,444965963.20,2733794192.75
BNB,5/30/2020,5/31/2020,17.00735626,17.76294016,16.94640395,17.75933165,398426001.97,2700037528.42
BNB,5/29/2020,5/30/2020,17.06768122,17.14934311,16.73032781,17.01239467,388778040.04,2641281538.16
BNB,5/28/2020,5/29/2020,16.44346733,17.10674498,16.4219548,17.05460148,333794061.84,2592275153.38
BNB,5/27/2020,5/28/2020,16.23215345,16.50160015,16.19568435,16.44999007,276892608.08,2544619911.01
BNB,5/26/2020,5/27/2020,16.35771144,16.45905012,16.02542695,16.23782228,299499735.84,2530268988.95
BNB,5/25/2020,5/26/2020,16.03854226,16.40078565,16.02472399,16.38300221,289575813.13,2528263468.09
BNB,5/24/2020,5/25/2020,16.49295763,16.76519173,16.08825983,16.09953538,249225138.62,2568638811.02
BNB,5/23/2020,5/24/2020,16.61142283,16.84582254,16.37256513,16.51775826,291717846.32,2578853188.61
BNB,5/22/2020,5/23/2020,16.13107799,16.83237989,16.01854793,16.62059784,282717894.26,2560306372.86
BNB,5/21/2020,5/22/2020,16.91298392,17.03728327,15.89939344,16.13966754,286664635.51,2569530067.85
BNB,5/20/2020,5/21/2020,17.2052888,17.29436017,16.6856704,16.9198768,329870795.28,2654488766.36
BNB,5/19/2020,5/20/2020,16.63662803,17.20313799,16.35130257,17.20313799,309887809.33,2610282744.03
BNB,5/18/2020,5/19/2020,16.2964778,16.84027293,16.29520184,16.65572024,299478118.56,2575645896.66
BNB,5/17/2020,5/18/2020,16.06454051,16.45765191,16.01198084,16.29678207,292332328.50,2531284304.39
BNB,5/16/2020,5/17/2020,15.70198857,16.21043846,15.59022652,16.05453498,294668703.88,2495135162.12
BNB,5/15/2020,5/16/2020,16.3876742,16.46823833,15.63383149,15.67120832,322893636.16,2504549405.39
BNB,5/14/2020,5/15/2020,16.19259193,16.60192295,16.01705524,16.37513032,351131915.08,2535480196.25
BNB,5/13/2020,5/14/2020,15.79261435,16.28151025,15.74209214,16.18287462,354012818.60,2492853895.58
BNB,5/12/2020,5/13/2020,15.07688478,16.13580395,15.00118134,15.77058307,374078444.86,2432121570.27
BNB,5/11/2020,5/12/2020,15.34673065,15.4678091,14.21035063,15.06191157,351807447.70,2342819455.74
BNB,5/10/2020,5/11/2020,16.86568784,16.86568784,14.56513952,15.29237396,423322563.68,2369464767.57
BNB,5/9/2020,5/10/2020,17.14453577,17.44755576,16.88553496,16.90469545,334539134.67,2670721589.67
BNB,5/8/2020,5/9/2020,17.00171639,17.40024402,16.87410759,17.15442896,362702520.78,2659701409.68
BNB,5/7/2020,5/8/2020,16.47429222,17.21641261,16.25946536,17.01980109,353519053.78,2594951981.79
BNB,5/6/2020,5/7/2020,16.89769505,17.12491552,16.58160797,16.58160797,309579207.96,2627191655.77
BNB,5/5/2020,5/6/2020,17.04491068,17.273517,16.66723612,16.85605802,320527821.34,2635013734.51
BNB,5/4/2020,5/5/2020,17.12385583,17.25966279,16.39850687,17.05709958,338020880.12,2613578687.93
BNB,5/3/2020,5/4/2020,17.55807384,17.76417003,16.97692407,17.09089919,337677503.40,2697638114.42
BNB,5/2/2020,5/3/2020,17.47580714,17.58007142,17.33614533,17.55764691,361643087.57,2715166369.30
BNB,5/1/2020,5/2/2020,17.00204615,17.81650911,17.00204615,17.46855332,428154063.12,2713771189.13
BNB,4/30/2020,5/1/2020,17.38084412,18.12146813,16.66608422,16.95394027,489843326.61,2697766304.25
BNB,4/29/2020,4/30/2020,16.3593736,17.51657432,16.33977605,17.36806386,340324391.26,2619182607.40
BNB,4/28/2020,4/29/2020,16.40873563,16.45918427,16.21864152,16.36858514,313969830.86,2540600151.88
BNB,4/27/2020,4/28/2020,16.36148412,16.53104711,16.14478594,16.4041934,355886607.67,2538386028.65
BNB,4/26/2020,4/27/2020,16.2759283,16.42573165,16.13034914,16.39854334,332792809.64,2529223327.49
BNB,4/25/2020,4/26/2020,15.94158952,16.34619831,15.82879701,16.24235037,309754408.73,2512534627.58
BNB,4/24/2020,4/25/2020,16.05954401,16.27933545,15.79432085,15.93517642,379551470.35,2500960171.86
BNB,4/23/2020,4/24/2020,15.70174516,16.30481754,15.45959386,16.06461626,382884648.04,2469769273.71
BNB,4/22/2020,4/23/2020,15.10908393,15.76537047,14.95435976,15.72311111,328226464.52,2399358020.60
BNB,4/21/2020,4/22/2020,14.99585969,15.44147668,14.82287536,15.1060322,340587934.95,2359132011.95
BNB,4/20/2020,4/21/2020,16.06158831,16.38992312,14.93945444,15.02283395,342333093.94,2466033881.70
BNB,4/19/2020,4/20/2020,16.5917727,16.64324876,15.93109235,16.05334026,398875354.89,2528935078.12
BNB,4/18/2020,4/19/2020,15.64750884,16.71963779,15.64750884,16.56300996,346850568.65,2509807141.33
BNB,4/17/2020,4/18/2020,15.6735752,15.90294955,15.31378383,15.63833287,348740637.05,2427455946.34
BNB,4/16/2020,4/17/2020,14.59071339,15.69801727,14.21882482,15.65734888,399450517.78,2365299937.99
BNB,4/15/2020,4/16/2020,15.57119578,15.83666267,14.54228311,14.59459227,413900209.90,2379361470.85
BNB,4/14/2020,4/15/2020,15.00767677,15.90507011,14.8405831,15.55870034,443188376.37,2409481092.16
BNB,4/13/2020,4/14/2020,14.31435485,15.04361625,13.71301101,15.00290169,399585575.45,2228311037.30
BNB,4/12/2020,4/13/2020,13.81924582,14.79538278,13.68813444,14.36308202,329291981.52,2203172588.11
BNB,4/11/2020,4/12/2020,13.74060259,14.089205,13.57178014,13.7982629,333443697.46,2154139855.61
BNB,4/10/2020,4/11/2020,15.02730342,15.03676947,13.53544746,13.71564297,375707976.43,2196445502.18
BNB,4/9/2020,4/10/2020,15.08890277,15.17752326,14.74447121,15.03552247,346248361.91,2338262410.42
BNB,4/8/2020,4/9/2020,14.71322261,15.28769253,14.58723508,15.07863971,359931830.79,2333167188.64
BNB,4/7/2020,4/8/2020,15.14667791,15.43030357,14.31853538,14.69162968,422917033.48,2325569533.53
BNB,4/6/2020,4/7/2020,13.5694679,15.11132983,13.56946786,15.10067108,347729054.58,2223921813.74
BNB,4/5/2020,4/6/2020,13.75752243,13.93216562,13.5000597,13.56946791,303413270.68,2129655165.00
BNB,4/4/2020,4/5/2020,13.35535656,13.8861914,13.21224255,13.76140287,327437035.34,2118270356.09
BNB,4/3/2020,4/4/2020,13.02476409,13.53070866,12.93870428,13.33512222,339281329.93,2059993530.50
BNB,4/2/2020,4/3/2020,12.68360422,13.58611163,12.56918356,13.04621932,333746347.74,2006203497.30
BNB,4/1/2020,4/2/2020,12.56304436,12.68364001,12.03472916,12.6737665,325937797.51,1915824473.23
BNB,3/31/2020,4/1/2020,12.18906899,12.72260028,12.15916657,12.5788712,299824163.65,1943268833.94
BNB,3/30/2020,3/31/2020,11.33300503,12.43194774,11.29908637,12.2542756,240442503.70,1866812792.44
BNB,3/29/2020,3/30/2020,12.18865496,12.19506978,11.35974158,11.39771735,189215337.31,1841051135.26
BNB,3/28/2020,3/29/2020,12.36703023,12.36703023,11.75466437,12.18630168,200385143.87,1887311759.18
BNB,3/27/2020,3/28/2020,13.15702587,13.2872121,12.33429306,12.33429306,257718878.57,2017929050.76
BNB,3/26/2020,3/27/2020,12.3294584,13.11269103,12.23730057,13.11269103,209112189.74,1929293507.84
BNB,3/25/2020,3/26/2020,12.39450565,12.63431386,12.10510141,12.32392714,274108011.12,1912527709.72
BNB,3/24/2020,3/25/2020,12.17744785,12.49405431,11.93868283,12.38765169,298460103.28,1905068675.93
BNB,3/23/2020,3/24/2020,11.19416781,12.29767011,10.93925161,12.13501809,278408394.63,1797231619.81
BNB,3/22/2020,3/23/2020,12.03308662,12.4198423,11.12137648,11.18592691,298288946.60,1849092588.93
BNB,3/21/2020,3/22/2020,11.92118723,12.39021477,11.37565202,12.01485348,360509652.05,1850658558.13
BNB,3/20/2020,3/21/2020,12.26471241,13.6081222,10.71852217,11.83743208,394121811.83,1924653332.18
BNB,3/19/2020,3/20/2020,10.35048258,12.62558518,10.28879925,12.21812948,282438942.04,1735934743.41
BNB,3/18/2020,3/19/2020,10.29620348,10.39692647,9.734576993,10.33899394,263001288.17,1579918304.11
BNB,3/17/2020,3/18/2020,9.380200578,10.44253999,9.380200578,10.33175882,276689490.18,1573747664.01
BNB,3/16/2020,3/17/2020,10.42148145,10.42148145,8.594640921,9.399105055,315695218.83,1480352603.36
BNB,3/15/2020,3/16/2020,10.15077352,11.09432616,10.02567353,10.44059987,271429990.32,1619014416.92
BNB,3/14/2020,3/15/2020,10.9253908,11.21219293,9.982252437,10.17624182,366010013.14,1664980477.61
BNB,3/13/2020,3/14/2020,9.285273441,11.32659008,6.873510959,10.78217165,612914006.26,1537761889.18
BNB,3/12/2020,3/13/2020,16.53978954,16.5795004,9.127687981,9.259935403,362175329.93,2068698447.51
BNB,3/11/2020,3/12/2020,16.85908341,17.10032499,15.55459952,16.56804781,293469736.33,2564060919.81
BNB,3/10/2020,3/11/2020,16.60937528,17.41780595,16.40940785,16.89814318,335930907.52,2621934697.72
BNB,3/9/2020,3/10/2020,16.95414297,17.433524,15.71456988,16.5399838,384458417.57,2596524527.12
BNB,3/8/2020,3/9/2020,20.23675926,20.23876383,16.87215329,16.87215329,324326337.72,2938161410.37
BNB,3/7/2020,3/8/2020,21.33302096,21.39737085,19.812832,20.10193691,338458304.61,3232386803.35
BNB,3/6/2020,3/7/2020,20.75162938,21.66583799,20.74991337,21.33190905,376773986.94,3296205685.98
BNB,3/5/2020,3/6/2020,19.94022152,21.42409849,19.94022152,20.63798885,356548264.41,3247127966.23
BNB,3/4/2020,3/5/2020,19.66387513,20.17367957,19.39237886,19.97661872,329384976.89,3089780548.28
BNB,3/3/2020,3/4/2020,19.85800011,20.27321879,19.34938458,19.5762242,380913587.72,3062715537.34
BNB,3/2/2020,3/3/2020,18.95288548,20.09555563,18.79635374,19.89347998,369684783.85,3040849229.62
BNB,3/1/2020,3/2/2020,19.39432623,19.89650789,18.49852067,19.02452706,469997498.21,2986969733.18
BNB,2/29/2020,3/1/2020,19.15643882,19.98711705,18.83955343,19.39270587,483801997.94,3009504633.87
BNB,2/28/2020,2/29/2020,19.11451409,19.72896231,18.01331727,19.02827513,400931823.53,2936464260.43
BNB,2/27/2020,2/28/2020,18.26786819,19.6157794,17.79093666,19.05284923,399165456.61,2935984085.87
BNB,2/26/2020,2/27/2020,20.37603075,20.50712278,18.08788809,18.74017043,384519219.56,2973749798.99
BNB,2/25/2020,2/26/2020,22.0932719,22.18219591,20.19776397,20.38388984,334729908.62,3273967702.94
BNB,2/24/2020,2/25/2020,22.87560553,23.23319313,21.58480292,22.04687588,385156794.84,3482339086.23
BNB,2/23/2020,2/24/2020,21.97846756,22.91397474,21.96568588,22.79509141,347076059.77,3517406383.12
BNB,2/22/2020,2/23/2020,22.16111569,22.20003124,21.56496506,21.9366815,338477254.44,3414870235.70
BNB,2/21/2020,2/22/2020,22.09367597,22.72464183,21.81914398,22.10991397,340645292.23,3458738541.54
BNB,2/20/2020,2/21/2020,22.40888163,22.63899143,21.14850135,22.08845533,337048373.50,3423328160.96
BNB,2/19/2020,2/20/2020,24.06260071,24.20528343,22.28729234,22.28729234,349690468.16,3708105054.57
BNB,2/18/2020,2/19/2020,23.42461391,24.38877688,22.89115218,24.02243613,429320687.79,3671330975.48
BNB,2/17/2020,2/18/2020,23.42252696,23.52564832,21.74281409,23.52564832,496636578.09,3531817452.72
BNB,2/16/2020,2/17/2020,24.22736693,25.18115064,22.08871596,23.58452568,485261313.02,3728233775.89
BNB,2/15/2020,2/16/2020,26.29674953,26.38570726,23.89876716,24.09208213,489315052.09,3952688425.38
BNB,2/14/2020,2/15/2020,25.45296427,26.46815651,25.08419414,26.26303917,446408417.53,4007409424.93
BNB,2/13/2020,2/14/2020,26.38784194,27.02036028,24.78463374,25.43914411,533445753.65,4005141018.34
BNB,2/12/2020,2/13/2020,25.68370562,26.74331962,25.37547107,26.3823908,528581487.51,3999017561.36
BNB,2/11/2020,2/12/2020,25.18156371,25.70769886,24.23608339,25.70769886,632796981.00,3878858689.72
BNB,2/10/2020,2/11/2020,24.31034077,25.69793091,23.43445885,25.25839646,656205569.99,3843863473.61
BNB,2/9/2020,2/10/2020,21.79386282,24.26607416,21.79386282,24.26607416,437563419.75,3602622056.22
BNB,2/8/2020,2/9/2020,22.19021225,22.19021225,20.9552812,21.8242874,444994518.84,3381106001.30
BNB,2/7/2020,2/8/2020,20.65090915,22.34120631,20.55707788,22.12840731,474415136.46,3355719913.39
BNB,2/6/2020,2/7/2020,19.2451737,20.69142518,19.08365992,20.6389695,359930505.30,3096110834.31
BNB,2/5/2020,2/6/2020,18.16736467,19.39172679,17.98760053,19.20188151,286216094.04,2947587512.56
BNB,2/4/2020,2/5/2020,18.46876859,18.58838733,17.89915523,18.14909401,238112734.61,2835241586.84
BNB,2/3/2020,2/4/2020,18.43226195,18.77811638,18.23509618,18.47685357,274349781.76,2863557592.47
BNB,2/2/2020,2/3/2020,18.24098892,18.75369535,17.90056972,18.45290196,267060650.11,2859079867.64
BNB,2/1/2020,2/2/2020,18.20838813,18.56178897,18.05366632,18.18449984,255519591.58,2838829952.94
BNB,1/31/2020,2/1/2020,18.55483125,18.80910474,17.88723237,18.12346492,292362137.43,2843768690.56
BNB,1/30/2020,1/31/2020,17.89574778,18.66496073,17.71583773,18.56543708,246374688.31,2817001333.54
BNB,1/29/2020,1/30/2020,18.0499902,18.42014426,17.8494982,17.8494982,262160280.09,2815171278.15
BNB,1/28/2020,1/29/2020,17.65582388,18.03060799,17.48898276,18.03060799,256100016.65,2759510813.48
BNB,1/27/2020,1/28/2020,17.45697175,17.84023453,17.25613727,17.66585505,253383838.39,2730300338.89
BNB,1/26/2020,1/27/2020,16.90367643,17.45595518,16.82703182,17.44065979,224994011.61,2670186302.24
BNB,1/25/2020,1/26/2020,17.0497884,17.10432375,16.57009044,16.93215797,226795061.88,2616971624.03
BNB,1/24/2020,1/25/2020,17.04362416,17.39972404,16.46317976,17.06159164,232786066.83,2635466709.07
BNB,1/23/2020,1/24/2020,17.79923784,17.79923784,16.78281272,17.00936339,231068767.89,2669817440.48
BNB,1/22/2020,1/23/2020,18.14925838,18.35806384,17.6265445,17.77970306,295628822.80,2789945849.18
BNB,1/21/2020,1/22/2020,17.30693259,18.17241046,17.18394123,18.13710078,278345833.28,2739506641.07
BNB,1/20/2020,1/21/2020,17.38056363,17.53412915,16.84179269,17.3160105,252245860.14,2679734890.65
BNB,1/19/2020,1/20/2020,17.81258353,18.42697177,16.81275903,17.32909289,286482519.84,2730073238.43
BNB,1/18/2020,1/19/2020,18.03791611,18.25610215,17.47182685,17.82731063,297355261.72,2781280590.03
BNB,1/17/2020,1/18/2020,17.06228191,18.27002212,17.06228191,18.07084031,347782782.46,2770600227.70
BNB,1/16/2020,1/17/2020,17.61052329,17.61566623,16.44158431,17.05265789,322629240.80,2619908292.29
BNB,1/15/2020,1/16/2020,16.62342878,17.99186323,15.75947535,17.611379,1227944970.79,2671069407.81
BNB,1/14/2020,1/15/2020,15.17003728,16.84867953,15.17003728,16.66128669,267020252.85,2465165007.07
BNB,1/13/2020,1/14/2020,15.32490771,15.32490771,14.94819293,15.18620315,234243143.83,2345548416.25
BNB,1/12/2020,1/13/2020,14.95759263,15.43162975,14.83842003,15.29458326,239621110.66,2368317270.66
BNB,1/11/2020,1/12/2020,15.0365732,15.27781941,14.76253809,14.92750301,222836749.19,2329919639.16
BNB,1/10/2020,1/11/2020,14.35947097,15.0323687,14.06321927,15.0323687,174734743.95,2258119289.69
BNB,1/9/2020,1/10/2020,14.52844578,14.54800599,14.25113109,14.41531274,190607721.91,2241846284.93
BNB,1/8/2020,1/9/2020,15.01265545,15.23909364,14.22458649,14.54924611,207596968.82,2301058663.34
BNB,1/7/2020,1/8/2020,14.93482617,15.11228699,14.49350825,14.9724062,219317582.45,2310890518.24
BNB,1/6/2020,1/7/2020,14.02529245,14.96637437,14.02333115,14.93336155,225622626.26,2258851963.96
BNB,1/5/2020,1/6/2020,13.80365361,14.29512,13.80064186,14.0078727,196313694.90,2185743982.11
BNB,1/4/2020,1/5/2020,13.61830571,13.83983031,13.53568274,13.79702027,183405684.25,2130685207.82
BNB,1/3/2020,1/4/2020,13.00999636,13.736946,12.9945105,13.61452276,173270934.26,2099184655.01
BNB,1/2/2020,1/3/2020,13.70393346,13.72150068,13.00122638,13.01330848,174912372.80,2080825891.21
BNB,1/1/2020,1/2/2020,13.72427984,13.84773784,13.66753842,13.6936199,177649772.57,2141378675.10
Solana,4/30/2025,5/1/2025,146.3586,148.1724,140.9307,147.6363,7548327320.92,75584837005.87
Solana,4/29/2025,4/30/2025,147.7175,150.0379,145.462,146.6269,8060869765.74,76688592750.97
Solana,4/28/2025,4/29/2025,147.8628,153.1167,145.1815,148.0292,7726827467.22,76961597592.31
Solana,4/27/2025,4/28/2025,149.2215,150.191,145.7971,148.3635,5472277706.01,76810364122.21
Solana,4/26/2025,4/27/2025,151.5097,153.0242,148.0565,149.358,8482119828.25,77650465820.34
Solana,4/25/2025,4/26/2025,152.3708,155.8753,150.2647,151.0407,10511333073.90,78991122067.30
Solana,4/24/2025,4/25/2025,151.1676,152.6867,145.7637,152.2231,10513504779.52,77309046003.78
Solana,4/23/2025,4/24/2025,149.2421,153.6585,147.4615,150.9771,13273295880.21,78016513271.31
Solana,4/22/2025,4/23/2025,136.5942,149.7352,135.7043,148.7055,10455356539.44,73403698326.49
Solana,4/21/2025,4/22/2025,137.7435,142.5099,134.5691,136.6036,8885666716.62,71687590401.39
Solana,4/20/2025,4/21/2025,139.5322,141.8265,135.8292,137.6357,6648858142.75,71569575924.78
Solana,4/19/2025,4/20/2025,134.0915,140.0351,133.6797,139.8041,6436602684.62,71481506729.59
Solana,4/18/2025,4/19/2025,134.5699,135.5462,132.5576,134.0763,7745368972.75,69286654706.91
Solana,4/17/2025,4/18/2025,131.4001,135.7821,129.7905,134.7833,11102627891.12,68787748496.46
Solana,4/16/2025,4/17/2025,126.3597,133.3478,123.7452,131.6287,9108312454.90,65816296796.25
Solana,4/15/2025,4/16/2025,128.9825,134.307,126.2759,126.2759,8789084140.28,67195578322.96
Solana,4/14/2025,4/15/2025,128.3936,135.6234,128.3936,129.3963,10954032071.90,67925232085.76
Solana,4/13/2025,4/14/2025,132.4574,133.3794,125.8449,128.5081,10035610981.83,67015699266.59
Solana,4/12/2025,4/13/2025,121.2447,133.6692,119.7486,132.2192,9484678771.64,65241442755.79
Solana,4/11/2025,4/12/2025,112.7245,122.4868,112.2283,121.7404,9536704970.74,60929511305.46
Solana,4/10/2025,4/11/2025,118.9582,118.9582,108.8521,112.948,13743890627.01,58688842425.87
Solana,4/9/2025,4/10/2025,105.1304,120.2088,101.4294,118.9653,13871636446.58,56289286264.20
Solana,4/8/2025,4/9/2025,107.122,112.1263,103.5266,105.5511,15539307159.75,55739248452.61
Solana,4/7/2025,4/8/2025,105.8018,109.9932,96.0924,107.0479,17348069303.88,53692492387.52
Solana,4/6/2025,4/7/2025,120.3542,120.8892,104.2522,105.9277,5136152229.10,59458891206.99
Solana,4/5/2025,4/6/2025,122.4408,122.6682,117.281,120.1904,8505389985.37,61718417072.52
Solana,4/4/2025,4/5/2025,117.2895,123.7948,113.6874,122.8445,10143249857.25,60887257599.84
Solana,4/3/2025,4/4/2025,116.5428,120.7391,112.6915,117.1505,13487842768.36,59972341717.15
Solana,4/2/2025,4/3/2025,126.6791,134.5911,118.1846,118.1846,7903698991.93,64379432982.89
Solana,4/1/2025,4/2/2025,124.8846,129.6923,124.2156,126.786,7503067778.07,64560478925.28
Solana,3/31/2025,4/1/2025,125.0465,127.4858,123.518,124.8566,6410602403.26,63875275316.76
Solana,3/30/2025,3/31/2025,125.0912,127.1653,123.7879,124.7832,5181335434.66,64048190031.58
Solana,3/29/2025,3/30/2025,129.871,130.6135,123.9225,125.1945,6821621725.69,64519503088.12
Solana,3/28/2025,3/29/2025,138.2128,138.9662,128.5853,129.7178,7590523710.24,67280325094.56
Solana,3/27/2025,3/28/2025,137.4714,139.8721,136.3151,138.4278,7649725694.80,70524665382.87
Solana,3/26/2025,3/27/2025,143.6631,145.4272,136.4007,137.3198,8231404232.56,72047944824.14
Solana,3/25/2025,3/26/2025,140.7363,146.7103,138.5593,144.0399,8955478420.66,72533939459.23
Solana,3/24/2025,3/25/2025,132.5765,144.6289,132.4035,140.842,7844259150.63,71300200491.74
Solana,3/23/2025,3/24/2025,128.4065,133.72,128.4065,132.3368,3759466112.24,66818797098.26
Solana,3/22/2025,3/23/2025,128.549,131.4546,128.0159,128.5506,5108551337.89,65833708201.61
Solana,3/21/2025,3/22/2025,127.8245,130.0595,125.229,128.5673,5446463947.92,64973597061.88
Solana,3/20/2025,3/21/2025,135.9399,135.9571,127.4126,127.7546,7873862604.94,66797302579.58
Solana,3/19/2025,3/20/2025,125.3883,135.7812,124.5734,135.7812,6266201400.44,65635849337.87
Solana,3/18/2025,3/19/2025,127.9352,128.0259,122.3956,125.4862,6436271767.41,63341542775.00
Solana,3/17/2025,3/18/2025,126.6736,130.559,126.3685,128.4084,6670263421.65,65422616736.16
Solana,3/16/2025,3/17/2025,135.7657,136.244,125.8924,126.3401,5205705829.39,66909925157.98
Solana,3/15/2025,3/16/2025,133.5914,136.0642,132.6773,135.7183,6926030175.49,68320010568.40
Solana,3/14/2025,3/15/2025,123.3884,135.5226,123.351,133.4363,6767858138.00,65417843938.10
Solana,3/13/2025,3/14/2025,126.9818,127.8123,121.2782,123.4067,8018916854.52,63347627928.58
Solana,3/12/2025,3/13/2025,125.4176,130.0673,121.5595,126.7989,9908138581.73,63556294936.93
Solana,3/11/2025,3/12/2025,119.5499,128.3609,113.9466,125.5904,13802739117.70,62848589146.16
Solana,3/10/2025,3/11/2025,127.4621,130.967,116.1908,118.9577,10385049341.92,63383007466.38
Solana,3/9/2025,3/10/2025,137.1372,140.0139,126.322,126.8112,5284711489.52,68349588197.34
Solana,3/8/2025,3/9/2025,139.612,141.0669,135.8717,137.2389,9887854560.94,70429971417.10
Solana,3/7/2025,3/8/2025,144.1384,149.2945,135.8076,139.5528,11750366102.89,72149696248.62
Solana,3/6/2025,3/7/2025,148.8702,152.7608,143.2477,143.7633,10060046569.58,71956496260.77
Solana,3/5/2025,3/6/2025,145.6466,150.6797,142.7066,148.4179,15196637088.41,71039543219.78
Solana,3/4/2025,3/5/2025,144.2961,147.6505,132.2632,146.4064,20550510363.45,68084632354.86
Solana,3/3/2025,3/4/2025,176.7608,177.1455,142.6561,145.1101,27440920243.37,78233009001.03
Solana,3/2/2025,3/3/2025,144.2431,178.7846,140.4958,178.5638,12689600034.03,74800063693.37
Solana,3/1/2025,3/2/2025,147.5186,150.358,139.0053,143.6939,13321156447.01,69554254497.25
Solana,2/28/2025,3/1/2025,137.8304,148.2523,126.5592,148.1942,15202652283.21,66886448155.62
Solana,2/27/2025,2/28/2025,135.7485,142.3161,135.3823,137.8283,12429744167.32,67500927317.20
Solana,2/26/2025,2/27/2025,144.7159,145.1706,131.2822,134.9138,14418169088.55,67618232582.01
Solana,2/25/2025,2/26/2025,142.9612,146.6991,133.6174,144.3606,22807396665.85,68305304943.86
Solana,2/24/2025,2/25/2025,169.1603,170.1637,140.6335,141.9352,10565137198.86,76412219101.83
Solana,2/23/2025,2/24/2025,173.1409,173.6536,167.5141,168.8597,6264825609.05,82902026192.21
Solana,2/22/2025,2/23/2025,168.8795,175.0801,168.8795,173.0457,12754789826.09,84217220310.26
Solana,2/21/2025,2/22/2025,176.7099,180.8287,167.8116,169.7407,15459512069.87,85085827351.65
Solana,2/20/2025,2/21/2025,169.5231,176.767,168.708,176.374,15257148086.32,84333308403.77
Solana,2/19/2025,2/20/2025,169.7562,174.6181,164.3018,169.7476,24105664891.23,82674852982.71
Solana,2/18/2025,2/19/2025,177.9558,179.3252,161.9698,169.3435,23578353267.02,82661684098.59
Solana,2/17/2025,2/18/2025,189.1291,190.0776,175.6726,178.4239,11621438477.25,89242839569.36
Solana,2/16/2025,2/17/2025,195.0927,196.3055,187.4451,188.5604,7014989904.28,93673555200.66
Solana,2/15/2025,2/16/2025,199.7859,200.4901,193.3487,195.0163,13941457925.71,95417835254.52
Solana,2/14/2025,2/15/2025,195.0739,205.3902,195.0454,200.1288,17089405481.68,96885926911.85
Solana,2/13/2025,2/14/2025,196.8804,198.6125,189.6444,195.0693,21574909719.93,94471708165.44
Solana,2/12/2025,2/13/2025,198.4514,199.1424,190.1709,196.7874,17002730590.75,95123309514.43
Solana,2/11/2025,2/12/2025,200.4335,207.9954,195.7892,198.7205,17425496531.32,97964671405.26
Solana,2/10/2025,2/11/2025,202.2518,209.1766,197.2928,200.4185,17727064163.26,98849200072.40
Solana,2/9/2025,2/10/2025,200.1546,207.5876,194.846,201.0578,12145434487.70,98136504586.71
Solana,2/8/2025,2/9/2025,192.0556,200.9144,190.8412,200.1755,15724760808.57,94792597438.95
Solana,2/7/2025,2/8/2025,190.7505,203.4847,188.7472,192.6067,19732364578.12,94985299561.49
Solana,2/6/2025,2/7/2025,196.7097,204.1724,188.6523,189.6696,22345443625.14,96072584192.13
Solana,2/5/2025,2/6/2025,206.3612,208.8891,195.9136,196.8961,43095508538.25,99006534073.23
Solana,2/4/2025,2/5/2025,217.4466,219.8562,203.2282,207.5071,49688344191.40,102716931287.87
Solana,2/3/2025,2/4/2025,202.928,218.908,181.9733,216.5849,75629442741.93,98252651605.34
Solana,2/2/2025,2/3/2025,213.5132,219.4498,197.1478,203.3448,29695647107.40,102257668806.41
Solana,2/1/2025,2/2/2025,231.5545,234.3951,213.9515,214.7863,23972633082.39,110630425627.60
Solana,1/31/2025,2/1/2025,239.0591,241.7289,228.6869,232.0212,25268282615.03,114898322497.25
Solana,1/30/2025,1/31/2025,229.0844,244.5371,227.4874,239.6524,31380052732.87,116634510592.28
Solana,1/29/2025,1/30/2025,227.5902,238.6796,223.7566,228.3738,36020262891.95,112557051222.28
Solana,1/28/2025,1/29/2025,237.462,244.3392,225.5775,227.8156,59297175073.16,114897797870.92
Solana,1/27/2025,1/28/2025,241.3704,242.6101,222.2902,235.5256,73646695207.73,112705798979.80
Solana,1/26/2025,1/27/2025,256.4475,260.161,241.9217,241.9217,21718192970.15,124435118224.56
Solana,1/25/2025,1/26/2025,253.5503,260.9343,246.8692,257.3998,32525415176.62,123127709023.32
Solana,1/24/2025,1/25/2025,254.6516,269.9349,248.0006,253.7339,53168258945.78,126745558251.59
Solana,1/23/2025,1/24/2025,258.5282,258.5282,243.2749,254.333,75921707638.94,121381975731.09
Solana,1/22/2025,1/23/2025,250.2514,270.7443,249.3402,256.5093,51792792564.95,124915311133.52
Solana,1/21/2025,1/22/2025,241.9069,260.4016,232.6029,250.6036,69200560652.27,117623163324.22
Solana,1/20/2025,1/21/2025,249.7306,272.4999,233.4467,242.4846,94667228264.39,121663205433.88
Solana,1/19/2025,1/20/2025,259.6929,295.4022,239.9254,252.1453,109329196762.64,130481362289.04
Solana,1/18/2025,1/19/2025,219.7809,267.3515,217.7438,262.6223,71324745630.89,116660908439.63
Solana,1/17/2025,1/18/2025,212.2204,223.0513,210.0452,220.0239,28069992697.27,104938613711.70
Solana,1/16/2025,1/17/2025,205.8119,216.9696,199.0973,211.2978,22864090111.98,100506267598.02
Solana,1/15/2025,1/16/2025,188.0418,205.8907,186.4046,205.5923,25826170323.80,93785419036.48
Solana,1/14/2025,1/15/2025,183.0022,190.0774,182.3791,187.9755,20597598800.41,90354477022.27
Solana,1/13/2025,1/14/2025,189.0394,191.684,172.7149,183.2762,14748425170.69,87816983009.76
Solana,1/12/2025,1/13/2025,188.2366,191.1816,185.6913,188.4827,10582479236.24,91035590991.95
Solana,1/11/2025,1/12/2025,188.3974,191.9344,184.9432,188.2657,12400839996.39,90658584363.03
Solana,1/10/2025,1/11/2025,186.0779,193.3137,184.0683,188.147,16099562654.77,91670237594.93
Solana,1/9/2025,1/10/2025,197.6028,198.9821,182.7271,185.3646,15926349945.47,92486023152.84
Solana,1/8/2025,1/9/2025,202.4545,203.4705,189.5839,198.2206,18722636100.06,95437963065.72
Solana,1/7/2025,1/8/2025,218.3914,219.1047,202.7322,202.7322,17621637666.41,102686064506.20
Solana,1/6/2025,1/7/2025,213.778,222.895,211.7739,218.5371,15294914084.28,104868478803.71
Solana,1/5/2025,1/6/2025,216.8669,218.8531,211.89,213.8733,12186017395.66,103732283136.91
Solana,1/4/2025,1/5/2025,217.3175,218.1484,214.0096,216.6984,18206337668.12,104227479169.10
Solana,1/3/2025,1/4/2025,208.1983,219.6964,205.8235,217.5451,15057006184.30,101977469344.15
Solana,1/2/2025,1/3/2025,194.773,209.3825,194.0124,208.2152,14677139314.37,98376048848.52
Solana,1/1/2025,1/2/2025,190.2363,195.3376,189.0274,194.316,19362355966.73,91851815981.19
Solana,12/31/2024,1/1/2025,191.3787,198.6493,186.2447,190.3328,19179141847.00,92381214149.44
Solana,12/30/2024,12/31/2024,189.487,196.3965,186.3907,191.1632,12039172674.76,92023195654.42
Solana,12/29/2024,12/30/2024,195.2156,197.0625,188.8007,189.9956,13509310076.43,93046446504.25
Solana,12/28/2024,12/29/2024,184.6614,195.8467,184.6545,195.4619,13737812060.48,90601117918.43
Solana,12/27/2024,12/28/2024,189.0437,194.1462,182.9417,184.4914,14727297189.87,90378845571.87
Solana,12/26/2024,12/27/2024,197.996,199.0128,187.3204,188.5203,14211041136.05,91900472287.63
Solana,12/25/2024,12/26/2024,197.0929,201.8193,195.8851,197.6678,25973397178.38,95221831239.94
Solana,12/24/2024,12/25/2024,190.1585,198.8178,186.6611,197.9229,23504493073.25,92691024907.23
Solana,12/23/2024,12/24/2024,180.1081,192.9978,177.3117,190.2467,12211761884.50,88504962589.47
Solana,12/22/2024,12/23/2024,180.6624,187.8749,177.399,180.3171,10847949219.37,87584650684.34
Solana,12/21/2024,12/22/2024,194.7572,201.5359,179.2754,181.2821,15043073265.11,91057603945.62
Solana,12/20/2024,12/21/2024,193.8547,199.3906,176.6606,194.3411,19780249239.26,91206618270.66
Solana,12/19/2024,12/20/2024,206.6689,212.0831,188.3074,194.9287,15393143907.59,97892881585.54
Solana,12/18/2024,12/19/2024,223.8199,225.4288,205.0867,205.8479,13042233136.94,102795844582.37
Solana,12/17/2024,12/18/2024,215.9089,228.6258,212.3465,222.6928,11385720030.47,105044507989.80
Solana,12/16/2024,12/17/2024,224.0257,226.9955,213.8957,216.3121,8919353627.84,104547338947.64
Solana,12/15/2024,12/16/2024,220.051,225.0034,216.0531,224.8351,6508228480.06,104754513834.74
Solana,12/14/2024,12/15/2024,224.5499,227.2359,215.7114,219.8687,6879559118.60,106101138990.57
Solana,12/13/2024,12/14/2024,227.145,228.2032,221.2268,224.6771,9275102025.31,107059229837.28
Solana,12/12/2024,12/13/2024,227.0302,233.7888,225.9363,227.1529,10361600239.30,109501644574.28
Solana,12/11/2024,12/12/2024,214.4135,230.3681,212.0489,227.0686,14761871850.28,106457214970.82
Solana,12/10/2024,12/11/2024,215.1635,220.4533,203.9903,213.6833,19848741139.16,102098081319.45
Solana,12/9/2024,12/10/2024,237.086,237.086,209.6302,217.7587,9622047076.64,108174194507.47
Solana,12/8/2024,12/9/2024,238.5061,241.4888,233.6945,237.6248,8227525418.20,112897434754.65
Solana,12/7/2024,12/8/2024,237.1477,243.2877,234.6935,238.6934,9709883602.51,113537890311.83
Solana,12/6/2024,12/7/2024,235.361,245.7251,231.3579,236.7539,17286689808.04,113334474812.24
Solana,12/5/2024,12/6/2024,229.3469,244.3575,223.918,236.4866,16253124296.74,112117255289.90
Solana,12/4/2024,12/5/2024,235.3633,240.2632,225.2161,229.2846,16017850419.75,111332948528.53
Solana,12/3/2024,12/4/2024,225.9391,239.1181,215.0571,234.2756,14090402724.61,107813187199.70
Solana,12/2/2024,12/3/2024,236.862,237.5642,220.6603,225.8883,11409177196.05,108007356332.09
Solana,12/1/2024,12/2/2024,238.1414,239.5989,234.552,237.3375,7236057514.31,112659200744.58
Solana,11/30/2024,12/1/2024,242.9158,245.0635,237.8809,237.8809,8262704810.26,114577977734.49
Solana,11/29/2024,11/30/2024,237.6705,246.6964,236.736,243.3766,8459534789.14,114698635588.87
Solana,11/28/2024,11/29/2024,241.2292,244.9659,233.334,237.703,10450607195.84,112917663145.77
Solana,11/27/2024,11/28/2024,230.6776,243.0549,228.855,242.3569,12270926217.24,111944479305.18
Solana,11/26/2024,11/27/2024,234.9866,239.6342,223.4846,231.2845,14730943393.73,110381840550.48
Solana,11/25/2024,11/26/2024,252.0686,255.8874,232.325,235.135,11702939841.45,117460009669.64
Solana,11/24/2024,11/25/2024,254.8283,259.4786,242.6667,252.9534,12013832338.19,119765802341.52
Solana,11/23/2024,11/24/2024,256.3031,263.2203,253.013,254.7199,13913491931.30,122148282349.77
Solana,11/22/2024,11/23/2024,256.5317,263.5837,252.1145,256.0369,20269343363.29,122098745646.57
Solana,11/21/2024,11/22/2024,235.73,258.745,229.862,256.993,18064553757.69,116570084402.73
Solana,11/20/2024,11/21/2024,237.7457,242.1633,230.877,235.6254,14922668947.08,111963981299.61
Solana,11/19/2024,11/20/2024,239.6217,246.6906,234.549,238.1925,16167843608.28,114119489141.73
Solana,11/18/2024,11/19/2024,237.9345,248.3204,234.7584,239.9513,18258613445.80,113684322448.28
Solana,11/17/2024,11/18/2024,216.3937,240.9446,212.7386,237.4463,17040020875.24,109580924288.15
Solana,11/16/2024,11/17/2024,218.4184,221.7016,213.8677,216.2249,12279097104.78,102856867914.41
Solana,11/15/2024,11/16/2024,210.3748,220.7018,204.7541,219.356,14901550772.73,100106808278.21
Solana,11/14/2024,11/15/2024,215.7212,223.8544,206.9851,208.9224,21479569801.60,102016824084.43
Solana,11/13/2024,11/14/2024,212.6816,220.2972,201.618,215.5019,21242503481.48,99341443937.53
Solana,11/12/2024,11/13/2024,220.2472,224.8609,205.8358,212.6797,22784714745.36,100988299924.47
Solana,11/11/2024,11/12/2024,211.0126,223.8753,204.4941,223.0202,19128995227.89,100493861122.94
Solana,11/10/2024,11/11/2024,199.0191,214.7578,199.0191,210.4065,11909158525.01,96674413057.39
Solana,11/9/2024,11/10/2024,199.3781,203.0709,195.8181,200.195,9574949319.32,93588487150.01
Solana,11/8/2024,11/9/2024,197.0053,204.6877,195.9785,199.768,12200019748.82,93679146949.91
Solana,11/7/2024,11/8/2024,186.3477,197.6994,186.0256,196.2393,13140875349.20,89354649564.16
Solana,11/6/2024,11/7/2024,166.9126,189.5842,166.6366,187.0858,17261447244.97,86387266534.39
Solana,11/5/2024,11/6/2024,158.4576,169.1747,157.1647,166.6493,7086903498.99,76476654135.64
Solana,11/4/2024,11/5/2024,162.7475,164.9167,155.3722,157.5993,6561187749.02,75788952754.09
Solana,11/3/2024,11/4/2024,165.7761,166.1035,158.0677,163.2092,5387560725.05,76171461975.16
Solana,11/2/2024,11/3/2024,166.5364,168.4852,162.7608,165.7707,5927155254.26,77704566410.94
Solana,11/1/2024,11/2/2024,168.8457,173.8038,164.3402,166.3071,7194934260.66,78377818886.32
Solana,10/31/2024,11/1/2024,175.2426,176.3373,167.7253,168.7002,6442570628.17,80971862858.86
Solana,10/30/2024,10/31/2024,179.2592,181.1576,173.4684,175.2285,7983668811.42,82956817419.51
Solana,10/29/2024,10/30/2024,177.961,183.0631,176.9874,179.4965,8927749551.61,84419747611.83
Solana,10/28/2024,10/29/2024,175.8916,179.3865,172.6954,177.9982,6718295673.44,82282058924.56
Solana,10/27/2024,10/28/2024,170.0263,177.2359,169.7629,175.9437,5496412878.13,81454881744.21
Solana,10/26/2024,10/27/2024,163.9886,172.2514,162.7996,170.092,10543377826.58,78796628012.40
Solana,10/25/2024,10/26/2024,176.3043,176.7765,160.2054,163.9984,8238984159.52,80488689844.78
Solana,10/24/2024,10/25/2024,170.5289,178.0952,170.2071,176.459,9132646939.69,81651739926.47
Solana,10/23/2024,10/24/2024,167.4846,173.343,164.3324,170.8069,7581436093.67,78378227229.20
Solana,10/22/2024,10/23/2024,166.6988,170.2542,163.7364,167.243,8357030437.79,78322879702.97
Solana,10/21/2024,10/22/2024,167.2635,170.3108,161.549,166.8507,8636969165.13,78194833913.62
Solana,10/20/2024,10/21/2024,159.254,167.4672,157.2605,166.3634,4475831612.29,74831759582.96
Solana,10/19/2024,10/20/2024,154.7061,159.322,153.7938,159.2263,3693125340.52,72724429174.69
Solana,10/18/2024,10/19/2024,150.4995,156.0805,149.6726,154.7067,4790576037.74,71949210976.51
Solana,10/17/2024,10/18/2024,154.7022,155.3752,147.8277,150.3774,5153298096.91,71179546307.24
Solana,10/16/2024,10/17/2024,154.8602,157.5311,153.037,154.1884,9512788262.54,72425301420.71
Solana,10/15/2024,10/16/2024,157.2811,158.5542,150.8935,154.6473,14730063045.94,72571277398.68
Solana,10/14/2024,10/15/2024,147.7921,157.7232,147.08,157.4492,11597404328.87,71828415927.03
Solana,10/13/2024,10/14/2024,146.6672,148.6923,144.8548,147.6435,6799111371.75,68696515277.56
Solana,10/12/2024,10/13/2024,145.7969,147.3801,144.8788,146.7572,8225001373.42,68585590501.53
Solana,10/11/2024,10/12/2024,139.0135,146.3709,138.8052,145.2752,9313600426.23,66975656698.28
Solana,10/10/2024,10/11/2024,139.1972,140.6343,135.6978,138.9025,8695752300.99,65047627359.69
Solana,10/9/2024,10/10/2024,143.6727,145.0663,139.0203,139.4563,8118672126.09,66664433602.01
Solana,10/8/2024,10/9/2024,144.4584,145.4842,141.5309,143.5315,11119992953.74,67382393503.34
Solana,10/7/2024,10/8/2024,146.5359,151.6958,143.7296,144.3332,10045425619.86,69420254839.33
Solana,10/6/2024,10/7/2024,142.3183,146.7371,142.1688,146.4429,5785987092.27,67648999026.80
Solana,10/5/2024,10/6/2024,143.5484,145.0089,141.2084,142.8138,8822774071.12,67154453916.01
Solana,10/4/2024,10/5/2024,137.2388,144.3761,136.2027,143.3076,12056303863.77,65970934913.40
Solana,10/3/2024,10/4/2024,140.1271,142.9557,133.6263,137.0227,14202262954.71,64870389425.30
Solana,10/2/2024,10/3/2024,145.1701,148.8471,139.3226,140.5839,16932152910.93,68117611455.65
Solana,10/1/2024,10/2/2024,152.7364,157.4306,143.3584,145.5382,13173858930.21,71363959913.75
Solana,9/30/2024,10/1/2024,158.2484,159.6471,152.238,152.7089,12326387757.31,73217546279.90
Solana,9/29/2024,9/30/2024,157.2108,161.6007,155.314,158.7142,8169691747.17,73895393295.38
Solana,9/28/2024,9/29/2024,158.0267,159.2365,155.5303,157.1135,11796750501.23,73769603284.33
Solana,9/27/2024,9/28/2024,155.4038,161.0347,154.192,157.8371,16389897296.63,73793317548.36
Solana,9/26/2024,9/27/2024,148.4479,157.8629,147.0675,155.4636,12275836366.00,71597343407.02
Solana,9/25/2024,9/26/2024,152.4824,153.6684,147.5499,148.2415,13936169853.92,70660718478.40
Solana,9/24/2024,9/25/2024,144.8763,153.5449,143.4635,152.7931,12299087363.54,68904789570.12
Solana,9/23/2024,9/24/2024,144.2653,148.8533,142.8644,145.0503,11589511919.87,67839336655.02
Solana,9/22/2024,9/23/2024,149.6926,149.8135,141.486,144.8907,7804139826.46,68276895044.52
Solana,9/21/2024,9/22/2024,146.4294,149.7453,144.8057,149.7453,11735181201.64,68993064924.09
Solana,9/20/2024,9/21/2024,143.1919,151.8494,141.4079,146.3906,16306285720.47,69052077165.25
Solana,9/19/2024,9/20/2024,134.8436,143.9162,134.772,142.7809,14525660904.59,65650189374.18
Solana,9/18/2024,9/19/2024,131.7568,133.4222,127.5352,133.4222,9191185324.44,61113983027.01
Solana,9/17/2024,9/18/2024,131.7376,134.966,130.6534,131.7137,5639454036.89,61955584182.01
Solana,9/16/2024,9/17/2024,131.9355,132.4189,129.4513,131.7346,4414070810.86,61362180878.49
Solana,9/15/2024,9/16/2024,137.4828,137.9541,131.3322,131.7586,2646104252.62,63452634817.68
Solana,9/14/2024,9/15/2024,139.2008,139.7204,136.2222,137.3621,4249581744.71,64456045467.39
Solana,9/13/2024,9/14/2024,135.9646,139.6589,132.3026,138.8588,4078298470.23,63394261151.61
Solana,9/12/2024,9/13/2024,132.6113,136.4452,132.6113,136.2078,5149750284.68,63129994237.02
Solana,9/11/2024,9/12/2024,135.6728,135.8337,128.6536,132.6514,5424002821.13,61926918112.38
Solana,9/10/2024,9/11/2024,134.8211,137.6128,132.8117,135.7368,5762108740.32,63054527229.92
Solana,9/9/2024,9/10/2024,130.1822,136.1615,127.353,135.0363,4957224153.27,61144165986.74
Solana,9/8/2024,9/9/2024,127.7359,131.5456,126.9704,130.1587,3428274510.43,60283899176.98
Solana,9/7/2024,9/8/2024,125.3159,129.3416,124.4842,127.8168,7231369941.31,59374102699.53
Solana,9/6/2024,9/7/2024,129.6617,134.1638,121.4977,125.1225,6348420663.00,60023587291.23
Solana,9/5/2024,9/6/2024,133.734,135.0775,128.3333,129.513,5655599652.98,61553640932.23
Solana,9/4/2024,9/5/2024,127.936,134.808,123.8271,133.7999,6515704823.23,60920672244.14
Solana,9/3/2024,9/4/2024,135.2414,137.189,127.8576,127.8576,5095315480.87,62067890861.72
Solana,9/2/2024,9/3/2024,129.1255,135.4336,127.6848,135.1216,6443570371.22,61369671615.70
Solana,9/1/2024,9/2/2024,135.4699,136.0889,128.604,128.9975,3648350615.83,62018379400.50
Solana,8/31/2024,9/1/2024,138.2648,139.1214,134.8282,135.609,4937627132.05,63868872150.67
Solana,8/30/2024,8/31/2024,140.2184,141.2249,132.8715,138.3856,6076071856.03,62101462786.10
Solana,8/29/2024,8/30/2024,144.3028,147.3682,138.6215,140.2354,6457900137.16,64655080557.77
Solana,8/28/2024,8/29/2024,146.7075,148.8278,141.2511,144.1979,7667586395.49,65497991468.71
Solana,8/27/2024,8/28/2024,157.702,159.6933,145.6714,147.1069,6329428474.04,69837599438.60
Solana,8/26/2024,8/27/2024,159.8063,161.8296,156.341,157.1642,5664026107.98,71466957152.43
Solana,8/25/2024,8/26/2024,160.4861,162.0386,155.5757,158.9597,5906936653.50,71355338147.70
Solana,8/24/2024,8/25/2024,153.4701,162.171,152.2278,160.6653,6974269498.81,70694275311.91
Solana,8/23/2024,8/24/2024,143.3919,153.8112,143.3919,153.0356,4187190139.99,65841422857.31
Solana,8/22/2024,8/23/2024,143.0406,144.8482,141.2862,143.3728,4754798694.77,64300541841.15
Solana,8/21/2024,8/22/2024,142.92,144.1737,139.6516,142.6936,4760377214.75,63983773584.84
Solana,8/20/2024,8/21/2024,144.3402,148.705,141.9748,142.6647,5655747195.60,65260131191.25
Solana,8/19/2024,8/20/2024,142.4165,146.0313,141.0615,144.6059,5071076724.51,64362791627.18
Solana,8/18/2024,8/19/2024,141.9431,147.2093,141.2264,142.9031,4049334279.72,64723231895.06
Solana,8/17/2024,8/18/2024,139.1671,142.2299,138.1557,141.8499,5569666893.77,63035924703.01
Solana,8/16/2024,8/17/2024,142.8106,144.9444,136.6761,139.4401,8075992922.09,63614567660.17
Solana,8/15/2024,8/16/2024,144.1473,147.3316,138.422,143.0188,6759332348.82,64443568140.90
Solana,8/14/2024,8/15/2024,146.5885,151.6299,143.0787,144.2358,6314737386.30,65552748794.79
Solana,8/13/2024,8/14/2024,146.6025,149.5289,143.417,146.9417,7591934933.43,65735217105.15
Solana,8/12/2024,8/13/2024,142.262,150.9032,142.262,146.7517,8130032553.44,65410920061.00
Solana,8/11/2024,8/12/2024,154.1543,157.8928,141.6732,142.0042,4419224922.68,68144184941.94
Solana,8/10/2024,8/11/2024,155.7939,158.2771,153.2878,154.091,6579557499.90,69507345255.33
Solana,8/9/2024,8/10/2024,162.7062,163.1252,151.3544,156.6049,10482948117.43,70282526826.97
Solana,8/8/2024,8/9/2024,145.2473,163.2566,141.9775,163.2566,13248759591.15,69905871503.32
Solana,8/7/2024,8/8/2024,144.2231,155.1388,143.1166,145.1712,13245146947.05,67185736630.45
Solana,8/6/2024,8/7/2024,131.053,149.6276,131.053,144.2009,20025513724.66,64059669484.80
Solana,8/5/2024,8/6/2024,139.1117,139.1117,110.8635,130.3811,23777922445.01,56769048042.62
Solana,8/4/2024,8/5/2024,142.7747,146.1418,132.376,137.9824,8602714486.14,63740108369.34
Solana,8/3/2024,8/4/2024,153.5237,154.0935,140.7755,143.5252,9891988152.44,66930975609.26
Solana,8/2/2024,8/3/2024,168.0082,169.1586,150.7567,152.9542,9929616642.05,72017161206.09
Solana,8/1/2024,8/2/2024,172.5748,172.8867,158.5284,167.9781,8630496635.81,75243727906.38
Solana,7/31/2024,8/1/2024,179.1171,184.1306,172.0812,172.0812,6545574381.68,80958551081.63
Solana,7/30/2024,7/31/2024,182.6937,184.0326,176.0584,179.2581,7786665040.43,81280979277.72
Solana,7/29/2024,7/30/2024,184.9975,193.9042,182.5448,182.7568,7101863959.72,85052074433.33
Solana,7/28/2024,7/29/2024,183.4116,186.6413,181.5818,185.0145,7294286153.18,82941738179.71
Solana,7/27/2024,7/28/2024,182.9473,188.1765,179.1563,184.7889,6278536400.44,82804427251.01
Solana,7/26/2024,7/27/2024,172.0877,183.6325,172.0877,183.2362,8029474888.86,80521501040.45
Solana,7/25/2024,7/26/2024,178.2662,179.5728,166.2218,171.808,9067568843.92,76767722519.68
Solana,7/24/2024,7/25/2024,173.7915,182.4413,171.4662,178.0713,7131407887.47,79435003989.73
Solana,7/23/2024,7/24/2024,179.1941,180.734,171.7852,173.4445,6863883957.72,79057129961.05
Solana,7/22/2024,7/23/2024,184.62,184.62,177.3344,179.1587,7924558304.61,81107190896.06
Solana,7/21/2024,7/22/2024,173.9155,184.9717,171.4545,184.5372,5006688700.93,78769595906.07
Solana,7/20/2024,7/21/2024,169.3035,174.9322,167.747,174.1268,6175307483.31,76701628559.39
Solana,7/19/2024,7/20/2024,159.1207,171.0702,156.5995,169.131,6705596495.92,74070435508.12
Solana,7/18/2024,7/19/2024,156.0881,161.5352,155.69,159.2435,5088614241.28,71274218241.98
Solana,7/17/2024,7/18/2024,160.831,163.6863,155.1441,155.5558,6120555803.29,71856019215.67
Solana,7/16/2024,7/17/2024,160.0214,162.589,153.1933,160.8805,6588105231.48,71103396292.01
Solana,7/15/2024,7/16/2024,148.0763,160.0152,147.4613,160.0152,5000468983.98,69016691140.39
Solana,7/14/2024,7/15/2024,142.4694,148.7,142.4694,148.2231,4125556455.08,65394063161.25
Solana,7/13/2024,7/14/2024,139.3229,143.4019,138.4405,141.8935,3418708232.69,62863157491.25
Solana,7/12/2024,7/13/2024,136.2442,140.606,134.5061,139.7016,5444345971.78,61720739527.49
Solana,7/11/2024,7/12/2024,142.0645,145.531,136.2484,136.3409,4521715393.67,63242942615.92
Solana,7/10/2024,7/11/2024,141.5399,145.5988,139.4312,142.3293,5218736258.43,63977792644.75
Solana,7/9/2024,7/10/2024,139.3861,144.0866,137.2038,141.8511,7265899400.98,63592688750.02
Solana,7/8/2024,7/9/2024,132.2517,141.5706,128.9573,139.589,7071324663.56,61405289877.75
Solana,7/7/2024,7/8/2024,143.0442,143.0442,132.1506,132.1506,4608597306.65,62410019228.54
Solana,7/6/2024,7/7/2024,133.9883,144.097,132.8183,143.2052,6876911497.37,62487945572.81
Solana,7/5/2024,7/6/2024,127.2111,136.0464,122.1742,134.4233,10212304579.60,58497554291.28
Solana,7/4/2024,7/5/2024,141.3783,142.5448,127.9644,127.9644,7251633022.62,60640059941.59
Solana,7/3/2024,7/4/2024,154.143,154.3776,139.7768,141.0036,6123175130.96,65296404537.48
Solana,7/2/2024,7/3/2024,146.5609,154.8503,146.3073,153.8582,4234276298.25,67274727776.52
Solana,7/1/2024,7/2/2024,146.4152,148.7223,145.994,146.6008,4247688869.86,66307118899.60
Solana,6/30/2024,7/1/2024,140.15,147.2654,137.3445,146.7118,2947251793.28,63728425211.38
Solana,6/29/2024,6/30/2024,140.1574,142.9143,139.8513,140.0167,4097886971.47,63679229646.01
Solana,6/28/2024,6/29/2024,149.536,150.3308,139.4547,139.9626,6355018359.23,64780272081.28
Solana,6/27/2024,6/28/2024,136.7728,150.3496,135.5991,149.4845,4637165294.85,63999833464.37
Solana,6/26/2024,6/27/2024,136.5488,139.836,135.0822,136.6218,4255742166.41,61645535422.34
Solana,6/25/2024,6/26/2024,132.4006,139.5541,131.4285,136.6596,6582644450.02,61335595390.30
Solana,6/24/2024,6/25/2024,128.5299,132.3634,123.6409,132.2844,4953771941.19,57310852223.29
Solana,6/23/2024,6/24/2024,133.9093,135.2424,128.5047,128.7902,1893147180.08,59849364347.57
Solana,6/22/2024,6/23/2024,134.5338,136.612,133.2946,133.7432,3790160541.76,60486808921.30
Solana,6/21/2024,6/22/2024,133.84,135.3494,129.2263,134.7014,4653695911.90,59531787796.84
Solana,6/20/2024,6/21/2024,135.1723,140.7053,132.5232,133.633,4796050251.36,60860457959.76
Solana,6/19/2024,6/20/2024,137.8197,142.0139,134.8172,135.3871,6040323219.31,62076509162.84
Solana,6/18/2024,6/19/2024,143.4901,143.4901,130.9823,137.5585,7231049176.84,61226493810.76
Solana,6/17/2024,6/18/2024,151.3453,151.605,140.3282,143.382,3783287426.11,65360992458.38
Solana,6/16/2024,6/17/2024,145.2648,151.0519,143.2997,151.0519,2189576152.85,65706999613.54
Solana,6/15/2024,6/16/2024,143.2414,145.658,143.2231,145.3827,3855265324.34,64928387879.79
Solana,6/14/2024,6/15/2024,147.8874,149.0087,140.1824,143.0864,4323341964.52,65509567835.42
Solana,6/13/2024,6/14/2024,154.7473,154.9749,146.4414,147.28,5539350030.84,67585875709.18
Solana,6/12/2024,6/13/2024,149.4568,161.4772,145.9629,155.1416,5685238302.27,69128365263.24
Solana,6/11/2024,6/12/2024,159.1487,159.6495,146.0602,149.4633,4744027297.64,68601445944.47
Solana,6/10/2024,6/11/2024,162.0955,162.9948,157.4078,158.9193,2872908947.25,71991667049.70
Solana,6/9/2024,6/10/2024,158.0616,162.9034,156.9389,162.0652,2880961730.68,71943677505.90
Solana,6/8/2024,6/9/2024,163.0927,164.365,157.6033,158.342,5204829354.85,72493457369.44
Solana,6/7/2024,6/8/2024,170.4043,173.3324,157.4425,163.3037,4202125078.83,75851021470.69
Solana,6/6/2024,6/7/2024,173.7782,174.4069,168.2025,170.4532,3408966476.72,77512530887.00
Solana,6/5/2024,6/6/2024,172.0729,174.8471,171.3583,173.8305,4399170128.92,77869482899.51
Solana,6/4/2024,6/5/2024,165.7008,171.8699,164.5198,171.8699,3629719627.28,75079992390.16
Solana,6/3/2024,6/4/2024,163.1187,168.459,161.9529,165.0679,3634239564.11,74148108340.49
Solana,6/2/2024,6/3/2024,166.2096,167.0255,161.6098,163.3499,2270918814.41,74080102471.13
Solana,6/1/2024,6/2/2024,165.9936,167.8498,165.7777,166.12,3174236646.33,75066343614.29
Solana,5/31/2024,6/1/2024,166.7098,170.4229,164.0535,165.8972,4502958698.26,74933278501.68
Solana,5/30/2024,5/31/2024,168.709,171.9739,163.7914,167.1141,4953547878.10,75513075337.47
Solana,5/29/2024,5/30/2024,168.9308,173.5832,167.4538,168.2762,5404494043.74,76266528007.76
Solana,5/28/2024,5/29/2024,169.8597,172.6519,165.2353,168.9671,5436839186.73,75716286843.35
Solana,5/27/2024,5/28/2024,163.5099,171.9475,163.5099,169.7766,4375583748.78,75337087479.69
Solana,5/26/2024,5/27/2024,168.2117,168.216,161.4411,163.479,3520550845.86,73920309540.68
Solana,5/25/2024,5/26/2024,167.5602,170.248,166.3416,168.4592,4557844168.97,75642817478.66
Solana,5/24/2024,5/25/2024,175.5439,175.684,163.5165,167.8937,8492368882.40,75594099424.07
Solana,5/23/2024,5/24/2024,177.2966,180.2515,168.0011,176.0346,6699687908.79,78778723610.28
Solana,5/22/2024,5/23/2024,178.2513,182.5086,175.8324,176.9453,6583162035.22,80516845937.87
Solana,5/21/2024,5/22/2024,185.9284,188.349,174.8422,178.1388,8868578392.29,81103618520.35
Solana,5/20/2024,5/21/2024,170.3645,187.1558,168.273,186.3061,6153724180.54,79973092287.21
Solana,5/19/2024,5/20/2024,172.4283,175.1619,166.8102,170.2025,4051142524.79,77010059447.58
Solana,5/18/2024,5/19/2024,169.4007,175.9914,169.2184,172.6085,5131218759.16,77577491609.69
Solana,5/17/2024,5/18/2024,159.4632,171.2799,159.4632,169.4858,6194902869.32,74736640856.51
Solana,5/16/2024,5/17/2024,158.7798,164.2453,156.9553,159.1803,7123687093.00,72209767452.61
Solana,5/15/2024,5/16/2024,142.3634,158.5516,141.6189,158.1809,4943437559.06,66653860158.49
Solana,5/14/2024,5/15/2024,147.2124,148.9396,142.0652,142.1246,5044092508.34,65192482468.67
Solana,5/13/2024,5/14/2024,143.9827,150.0654,138.2707,147.2406,4326537460.83,65032245590.53
Solana,5/12/2024,5/13/2024,145.7461,147.5651,143.4169,143.7203,2373714563.02,65202450645.24
Solana,5/11/2024,5/12/2024,146.5288,147.4857,143.4779,145.2238,4541212602.07,65165036902.85
Solana,5/10/2024,5/11/2024,152.1553,155.438,145.1478,146.4338,5288021081.17,67664692818.60
Solana,5/9/2024,5/10/2024,142.2416,153.0267,140.9925,152.684,5094362781.42,65269675151.85
Solana,5/8/2024,5/9/2024,148.5819,149.8411,140.502,142.6117,5358276600.01,65538673884.91
Solana,5/7/2024,5/8/2024,153.7514,159.1003,148.2417,148.2417,6554100299.44,69131794366.41
Solana,5/6/2024,5/7/2024,146.229,156.5093,145.758,152.9624,4595609507.05,67849516224.25
Solana,5/5/2024,5/6/2024,146.3556,147.9937,143.8005,145.9042,3432309615.60,65286826073.20
Solana,5/4/2024,5/5/2024,143.963,148.8989,142.7311,146.3169,5079411037.77,65256343600.37
Solana,5/3/2024,5/4/2024,137.9501,144.7928,136.3911,143.7629,6332723997.33,62957548868.62
Solana,5/2/2024,5/3/2024,134.868,140.4028,128.6687,138.0045,8249474771.24,60375756271.81
Solana,5/1/2024,5/2/2024,126.8742,134.9606,119.8007,134.726,7600549685.71,56347639712.14
Solana,4/30/2024,5/1/2024,137.3719,139.7223,122.0543,127.0707,5736261404.82,58445902149.76
Solana,4/29/2024,4/30/2024,138.3652,138.9604,133.8763,137.75,3975862007.43,60804150601.95
Solana,4/28/2024,4/29/2024,141.358,144.6229,137.461,137.8346,3749075028.84,63709640407.48
Solana,4/27/2024,4/28/2024,139.9903,142.8529,134.8696,141.6924,4819667865.90,61757927573.53
Solana,4/26/2024,4/27/2024,145.0718,145.8322,139.2035,139.4176,5648074025.30,64061239284.16
Solana,4/25/2024,4/26/2024,148.0475,149.2624,142.5778,145.1106,7216917820.06,65544720972.10
Solana,4/24/2024,4/25/2024,155.5597,159.7015,146.0446,148.0038,6386952649.39,69222346002.17
Solana,4/23/2024,4/24/2024,156.7517,159.791,153.3076,154.8944,5869906379.34,69925524705.38
Solana,4/22/2024,4/23/2024,149.027,157.9723,147.2962,156.9516,5946708932.82,68478434725.30
Solana,4/21/2024,4/22/2024,150.3771,152.754,147.4644,148.7577,5513019900.87,67086663253.82
Solana,4/20/2024,4/21/2024,142.7514,152.0421,140.521,150.6434,7823794464.27,64811526520.26
Solana,4/19/2024,4/20/2024,141.2914,146.9643,130.1468,143.1888,12440496693.95,63602867790.08
Solana,4/18/2024,4/19/2024,132.7652,143.1568,128.4518,141.8702,11087162279.64,60640104634.28
Solana,4/17/2024,4/18/2024,136.2146,141.6565,128.4667,132.7335,10815713155.71,60576145889.36
Solana,4/16/2024,4/17/2024,138.4363,140.0297,127.3103,136.2733,11756394696.17,60123866145.95
Solana,4/15/2024,4/16/2024,149.8842,154.976,135.1914,138.6756,13258300658.38,65502641352.84
Solana,4/14/2024,4/15/2024,139.6724,151.4833,131.9014,150.5173,21262256843.03,62895287581.89
Solana,4/13/2024,4/14/2024,152.9253,154.0832,122.6448,140.2334,12999382837.27,65536125717.13
Solana,4/12/2024,4/13/2024,173.0366,175.6878,150.0654,153.661,6849854008.31,74499950496.18
Solana,4/11/2024,4/12/2024,172.8637,176.0544,170.5147,172.9904,7459801916.88,77286138314.06
Solana,4/10/2024,4/11/2024,172.1572,175.236,164.1298,173.2881,7052221027.56,76027791524.42
Solana,4/9/2024,4/10/2024,180.2091,180.5807,170.4951,172.77,5965575478.23,78317912353.83
Solana,4/8/2024,4/9/2024,178.6061,183.8753,176.0033,180.5745,5428330615.10,80153766186.38
Solana,4/7/2024,4/8/2024,178.3131,182.1192,177.3028,179.3911,5471577644.18,80178145690.59
Solana,4/6/2024,4/7/2024,174.2456,179.5696,173.8846,179.0086,6015238920.95,78516283624.10
Solana,4/5/2024,4/6/2024,183.3183,184.6679,169.1089,175.0379,7703262569.97,78147799633.55
Solana,4/4/2024,4/5/2024,185.1134,189.5326,181.0782,183.7231,6641843893.72,82371732935.56
Solana,4/3/2024,4/4/2024,181.2036,191.3136,178.3907,185.4166,9545843429.82,83286597929.87
Solana,4/2/2024,4/3/2024,192.0343,192.0343,177.4315,181.2036,9043196790.40,81557693939.79
Solana,4/1/2024,4/2/2024,202.4483,204.0388,187.9481,192.8238,7325107524.23,87171083653.67
Solana,3/31/2024,4/1/2024,195.0197,202.8148,194.3824,202.4097,5085081848.76,87601426910.54
Solana,3/30/2024,3/31/2024,191.5395,199.3188,191.2758,194.841,7240770668.07,86998243513.23
Solana,3/29/2024,3/30/2024,189.1803,192.6701,183.8853,191.8811,6127292684.09,83253506083.14
Solana,3/28/2024,3/29/2024,185.6602,190.5304,181.3066,189.2208,7487891722.86,82623063703.64
Solana,3/27/2024,3/28/2024,190.3191,192.2264,180.9432,186.2169,7921551683.14,82937684353.19
Solana,3/26/2024,3/27/2024,188.8687,196.121,186.8691,191.0537,8418444707.81,85244449116.92
Solana,3/25/2024,3/26/2024,183.5205,194.0132,181.6583,189.1513,7866425126.09,83728276679.64
Solana,3/24/2024,3/25/2024,174.0882,185.8435,172.1692,183.2111,5328791220.14,78115080621.58
Solana,3/23/2024,3/24/2024,173.9777,178.2593,171.6244,173.4681,8046602980.56,77705535887.47
Solana,3/22/2024,3/23/2024,179.1178,181.3523,168.5572,173.0469,10430319329.92,77550002663.23
Solana,3/21/2024,3/22/2024,190.1742,194.3096,176.5214,179.674,16243635104.50,82940087566.63
Solana,3/20/2024,3/21/2024,170.5682,192.0836,165.1314,190.69,20558049700.42,77741422732.26
Solana,3/19/2024,3/20/2024,196.9711,198.1076,167.872,171.1391,22103233200.33,80497757545.55
Solana,3/18/2024,3/19/2024,201.3316,208.7454,195.8927,196.6727,17741099137.38,89708713497.98
Solana,3/17/2024,3/18/2024,183.4066,203.2228,180.5058,202.5703,20415910447.01,84583087046.13
Solana,3/16/2024,3/17/2024,183.3194,197.1447,178.0706,181.2849,21967861943.43,83438854828.69
Solana,3/15/2024,3/16/2024,177.6689,188.0502,165.3978,183.5691,24649911614.79,79004145148.71
Solana,3/14/2024,3/15/2024,163.4243,177.0204,160.5427,175.7236,13447695511.66,74720465535.27
Solana,3/13/2024,3/14/2024,150.5041,164.9946,149.0469,163.6903,10502949776.72,68669299028.10
Solana,3/12/2024,3/13/2024,148.321,154.1499,144.1937,150.535,10030088747.17,66525309955.33
Solana,3/11/2024,3/12/2024,144.1659,149.7141,138.056,148.6751,8306731819.22,64614312127.16
Solana,3/10/2024,3/11/2024,144.2038,148.3952,140.9658,144.3929,5099806426.70,64550016534.66
Solana,3/9/2024,3/10/2024,145.2426,148.9921,144.2045,144.6302,8195215340.30,64889827521.29
Solana,3/8/2024,3/9/2024,144.5304,151.8042,142.6645,145.1075,10376514312.07,64839413469.86
Solana,3/7/2024,3/8/2024,130.9144,149.0008,130.9144,144.0417,11967775386.29,62943172656.64
Solana,3/6/2024,3/7/2024,125.7591,134.8424,120.6177,130.7684,17194700460.13,57033856463.82
Solana,3/5/2024,3/6/2024,132.5722,141.9073,118.6473,125.9925,11816922385.56,57622675130.73
Solana,3/4/2024,3/5/2024,130.9054,134.8661,127.896,133.0174,7539509475.14,57903176167.11
Solana,3/3/2024,3/4/2024,130.1136,131.7676,125.9135,130.3812,6458512623.69,57399706714.93
Solana,3/2/2024,3/3/2024,130.4864,131.1936,127.7335,129.7422,7962879161.34,57197670924.97
Solana,3/1/2024,3/2/2024,126.4416,137.0855,126.4416,130.0437,13120719656.17,58788665049.96
Solana,2/29/2024,3/1/2024,118.4486,134.2203,117.8943,125.5798,16343797821.46,56224376931.60
Solana,2/28/2024,2/29/2024,108.559,117.4907,107.5599,117.4243,7440969013.18,49283951366.83
Solana,2/27/2024,2/28/2024,110.1741,112.0777,105.8427,108.3856,7257808740.67,48506674383.62
Solana,2/26/2024,2/27/2024,103.3279,110.3399,100.6004,109.8877,3602276719.16,46276780149.59
Solana,2/25/2024,2/26/2024,104.099,104.3067,102.2683,103.4764,2526351904.54,45519548840.62
Solana,2/24/2024,2/25/2024,100.079,104.7638,98.8332,104.3578,3519592104.40,45071804079.06
Solana,2/23/2024,2/24/2024,102.2074,103.2998,99.1901,100.1682,3895451494.80,44905768523.09
Solana,2/22/2024,2/23/2024,104.6254,107.0925,101.9579,102.1345,5003840477.73,46105821955.91
Solana,2/21/2024,2/22/2024,108.3772,108.6175,100.9192,105.8153,5532102701.55,46170703482.18
Solana,2/20/2024,2/21/2024,111.8868,111.9561,105.5481,108.4411,5092622440.18,48075516399.02
Solana,2/19/2024,2/20/2024,111.8127,114.478,111.2814,111.3852,4151211535.44,49569975650.68
Solana,2/18/2024,2/19/2024,109.2551,113.7868,108.1427,112.4817,3533843602.23,48953215321.40
Solana,2/17/2024,2/18/2024,110.6313,111.0884,106.2208,109.3634,4046703476.09,47999137897.06
Solana,2/16/2024,2/17/2024,113.533,114.185,108.599,110.7946,5345773972.83,49099274575.05
Solana,2/15/2024,2/16/2024,117.0984,118.1529,111.9211,113.5726,5567308636.17,50554767046.72
Solana,2/14/2024,2/15/2024,112.3177,118.416,110.9927,116.9288,5988167593.01,50217307464.28
Solana,2/13/2024,2/14/2024,111.7872,114.5823,108.4726,112.6044,6893967585.37,49259910983.98
Solana,2/12/2024,2/13/2024,107.415,111.7915,103.6882,111.7915,4447687470.61,46899901825.59
Solana,2/11/2024,2/12/2024,108.7917,110.2795,107.2353,107.4627,3610469672.88,47535283360.76
Solana,2/10/2024,2/11/2024,106.93,110.3904,106.93,108.9224,5770836952.19,47504863263.55
Solana,2/9/2024,2/10/2024,102.9463,108.6521,102.9356,106.7064,5432765542.55,45963110934.99
Solana,2/8/2024,2/9/2024,100.9502,104.6447,100.6137,102.7791,5178402151.13,44642064397.62
Solana,2/7/2024,2/8/2024,97.0136,101.1412,94.869,100.8498,3753384802.61,42236985904.02
Solana,2/6/2024,2/7/2024,95.5664,97.7516,93.4462,96.9596,3859718565.89,41739876703.10
Solana,2/5/2024,2/6/2024,95.4736,98.3337,94.3598,95.6788,3546011228.64,41997880260.76
Solana,2/4/2024,2/5/2024,97.813,98.4398,95.2364,95.5576,2854641504.77,42382162100.29
Solana,2/3/2024,2/4/2024,100.1152,100.9926,96.8047,97.7148,4162551129.67,43046193916.17
Solana,2/2/2024,2/3/2024,97.3975,102.2959,97.3975,100.3841,5752280734.53,43549514802.77
Solana,2/1/2024,2/2/2024,97.1341,97.959,93.2415,97.6694,7608682471.54,41767116532.34
Solana,1/31/2024,2/1/2024,101.1821,102.4638,96.1906,97.1097,7609656413.40,43541939120.10
Solana,1/30/2024,1/31/2024,101.4517,106.1341,101.0659,101.2836,6565033487.18,45168255702.52
Solana,1/29/2024,1/30/2024,95.383,101.5667,95.161,101.4756,5545186644.47,42610959570.11
Solana,1/28/2024,1/29/2024,94.2784,99.0853,93.497,95.9148,4250863905.96,41660810617.87
Solana,1/27/2024,1/28/2024,92.1362,94.3891,90.8447,94.1036,4029054883.67,40065271610.46
Solana,1/26/2024,1/27/2024,86.7573,93.5644,86.1689,92.2294,4350111484.94,39012953725.50
Solana,1/25/2024,1/26/2024,88.6089,89.499,85.2266,86.9808,4672361997.97,37905850132.74
Solana,1/24/2024,1/25/2024,84.1505,89.0015,83.3637,89.0015,6594419762.16,37261776005.84
Solana,1/23/2024,1/24/2024,84.0737,85.8826,79.1284,84.1726,6858042083.37,35732744156.45
Solana,1/22/2024,1/23/2024,91.2768,91.6562,83.1186,83.5028,3800171235.77,37979094364.52
Solana,1/21/2024,1/22/2024,92.9114,93.809,90.9712,90.9712,2390143294.73,40096634803.21
Solana,1/20/2024,1/21/2024,93.2701,93.8684,90.4238,92.5936,4921040834.21,39976229292.30
Solana,1/19/2024,1/20/2024,94.5176,96.2432,87.3396,93.3781,6039891876.84,40393228847.29
Solana,1/18/2024,1/19/2024,102.5487,102.5634,92.3894,94.3288,6504259439.08,42487195275.58
Solana,1/17/2024,1/18/2024,97.824,102.4518,97.1,101.8619,5472382989.21,43221688455.70
Solana,1/16/2024,1/17/2024,94.6248,98.5546,94.4337,97.6366,3777229258.50,41806169153.33
Solana,1/15/2024,1/16/2024,94.6632,96.7518,93.1866,94.5612,5081235820.33,41215028133.96
Solana,1/14/2024,1/15/2024,95.9812,102.3034,93.8821,93.8821,4549904421.25,42135614432.57
Solana,1/13/2024,1/14/2024,92.1264,96.8325,90.1786,95.7014,5643071510.60,40151293158.98
Solana,1/12/2024,1/13/2024,99.9447,100.3953,88.2813,91.4276,6847094931.06,41918188460.82
Solana,1/11/2024,1/12/2024,101.3176,106.834,98.2925,99.9542,9970757551.97,43747512061.71
Solana,1/10/2024,1/11/2024,99.2517,105.02,92.5849,102.2632,7778746003.66,42126688359.71
Solana,1/9/2024,1/10/2024,97.8797,103.661,95.6878,99.0868,8720397595.82,43221037225.72
Solana,1/8/2024,1/9/2024,89.6727,99.3699,85.6452,97.6158,7055728568.15,40070088312.98
Solana,1/7/2024,1/8/2024,93.9365,96.5317,88.0979,89.2606,4749872637.35,40626693653.08
Solana,1/6/2024,1/7/2024,99.7323,99.9242,92.2507,93.7983,5652640634.57,41228941831.66
Solana,1/5/2024,1/6/2024,104.825,105.1974,95.8064,99.8192,6804587491.66,43202503741.77
Solana,1/4/2024,1/5/2024,98.3566,107.9012,97.114,105.1763,8955070467.86,43651420373.99
Solana,1/3/2024,1/4/2024,107.196,109.8893,89.6822,98.6002,8610595287.95,44415873224.17
Solana,1/2/2024,1/3/2024,109.3446,116.7305,106.4573,106.8016,6524784963.48,47870745413.79
Solana,1/1/2024,1/2/2024,102.3477,109.5149,101.816,109.4261,4055928354.90,45160122813.42
Solana,12/31/2023,1/1/2024,102.5052,105.1609,99.9083,101.459,3947658723.19,44289541453.15
Solana,12/30/2023,12/31/2023,106.0919,107.1061,101.0506,101.8192,6395418260.37,44478711622.80
Solana,12/29/2023,12/30/2023,102.0785,109.7617,100.1647,106.2098,9810188991.99,45484831248.30
Solana,12/28/2023,12/29/2023,107.4329,109.3014,97.5715,102.1338,9410960687.74,44163208153.42
Solana,12/27/2023,12/28/2023,113.2844,114.9011,105.6063,107.1748,11410864227.19,47209599204.40
Solana,12/26/2023,12/27/2023,120.8954,120.8954,104.0087,112.6387,13022271266.95,48714714338.06
Solana,12/25/2023,12/26/2023,112.9395,125.3934,109.0318,121.3494,11577596864.18,49446300813.69
Solana,12/24/2023,12/25/2023,108.5895,117.3198,107.8219,112.7023,13309609370.39,48342506095.06
Solana,12/23/2023,12/24/2023,98.166,109.336,93.361,107.7496,7667423936.40,41838035451.03
Solana,12/22/2023,12/23/2023,93.8658,99.3053,91.149,98.3141,11759832243.93,40915291929.33
Solana,12/21/2023,12/22/2023,81.9309,95.182,81.628,94.0013,9354364484.07,37553659172.95
Solana,12/20/2023,12/21/2023,73.2455,83.8895,73.2455,82.4289,5546245126.38,33407168145.68
Solana,12/19/2023,12/20/2023,74.2308,76.338,72.2619,73.073,4539609063.14,31907932969.28
Solana,12/18/2023,12/19/2023,71.2707,75.3914,67.4213,74.4084,4231865944.70,30302018633.03
Solana,12/17/2023,12/18/2023,73.9519,74.7287,70.8901,71.2907,3294549271.06,31286614327.34
Solana,12/16/2023,12/17/2023,73.1904,77.224,71.8316,73.4823,4937512187.39,31875979175.30
Solana,12/15/2023,12/16/2023,75.5848,79.2074,72.5804,72.5804,5899993767.41,32552597985.75
Solana,12/14/2023,12/15/2023,70.6483,76.3066,69.8186,75.7272,4881921221.61,30897341201.14
Solana,12/13/2023,12/14/2023,68.5211,72.4703,64.5065,70.9437,4901652997.51,28825851246.50
Solana,12/12/2023,12/13/2023,71.0181,72.3153,66.1364,68.7703,5997654699.60,29827617170.55
Solana,12/11/2023,12/12/2023,74.4073,74.5967,67.214,70.3263,6277621546.29,29744050011.66
Solana,12/10/2023,12/11/2023,72.6621,74.8253,70.9171,74.8253,4716649769.06,31128074883.92
Solana,12/9/2023,12/10/2023,75.3088,77.5529,72.1696,72.34,6419304670.07,31972200048.10
Solana,12/8/2023,12/9/2023,68.452,74.9796,68.452,74.754,7914141358.64,30701823346.23
Solana,12/7/2023,12/8/2023,61.7529,69.2384,61.7529,67.8705,5239261062.71,27461858189.92
Solana,12/6/2023,12/7/2023,61.5188,66.402,61.5188,61.9328,5637847858.00,27068903157.14
Solana,12/5/2023,12/6/2023,61.3008,62.3324,59.2448,60.9504,3966742696.08,25722745596.66
Solana,12/4/2023,12/5/2023,63.0468,65.1831,60.3689,61.5491,3926504995.92,26540642374.26
Solana,12/3/2023,12/4/2023,63.6384,65.2932,62.4468,63.0207,3364356951.86,26964660354.56
Solana,12/2/2023,12/3/2023,59.7817,63.5086,59.7817,63.5086,3064345136.56,26273309715.41
Solana,12/1/2023,12/2/2023,59.2525,61.6937,58.7723,59.7753,3224115523.40,25667388151.57
Solana,11/30/2023,12/1/2023,59.3217,61.602,58.9104,59.2705,3700166785.43,25383151303.72
Solana,11/29/2023,11/30/2023,58.2021,61.5351,57.8792,59.185,4024099641.64,25237615591.53
Solana,11/28/2023,11/29/2023,55.0789,58.5892,54.0966,58.156,2971410207.95,23768092619.47
Solana,11/27/2023,11/28/2023,57.4816,57.9823,53.7218,55.1094,2566031301.96,23535776956.08
Solana,11/26/2023,11/27/2023,59.0351,59.0351,56.553,57.6492,1871667859.47,24507400876.47
Solana,11/25/2023,11/26/2023,56.2237,59.6347,56.2237,58.8609,2925119867.43,24795860163.24
Solana,11/24/2023,11/25/2023,56.5323,58.7131,56.3482,56.886,2796202931.67,24332534490.77
Solana,11/23/2023,11/24/2023,57.6602,59.3613,56.2572,56.6032,4075375672.06,24342873157.75
Solana,11/22/2023,11/23/2023,52.4858,58.6263,52.4858,57.585,5473255166.34,23360329545.63
Solana,11/21/2023,11/22/2023,56.5512,57.3404,51.9007,52.1914,4746578703.33,23441888582.35
Solana,11/20/2023,11/21/2023,60.9464,61.1666,56.2075,56.4962,4199612751.61,25041166794.62
Solana,11/19/2023,11/20/2023,58.2572,61.9631,56.9036,61.5529,4253000884.29,25292754053.62
Solana,11/18/2023,11/19/2023,58.2501,59.2626,55.0956,58.5434,5370988652.03,24318664006.24
Solana,11/17/2023,11/18/2023,58.0424,60.411,54.6295,58.1607,7815585323.35,24569571048.90
Solana,11/16/2023,11/17/2023,65.255,68.0574,56.8301,57.9852,8295721432.15,26904258159.25
Solana,11/15/2023,11/16/2023,56.8719,66.7495,56.3811,65.4746,7595728111.77,25726863488.68
Solana,11/14/2023,11/15/2023,52.5112,57.5666,52.4396,56.9071,6963212975.17,23145147200.00
Solana,11/13/2023,11/14/2023,55.9716,59.3681,52.0536,52.1926,6219169113.99,23810945632.29
Solana,11/12/2023,11/13/2023,57.5928,61.7002,55.0446,55.9897,9012842569.77,24440751407.32
Solana,11/11/2023,11/12/2023,57.239,63.2363,54.0915,56.2981,9512197921.23,24093845020.36
Solana,11/10/2023,11/11/2023,45.1923,57.3392,45.1923,56.6532,7458849424.18,21058668022.80
Solana,11/9/2023,11/10/2023,43.1552,48.6217,42.6535,45.4199,4374041398.01,19008613284.55
Solana,11/8/2023,11/9/2023,42.9318,43.7895,42.4154,43.2328,3629847638.05,18177196588.94
Solana,11/7/2023,11/8/2023,41.9471,44.4907,40.3766,43.1654,3120597524.87,17653879303.43
Solana,11/6/2023,11/7/2023,41.1265,42.1849,39.8359,42.1849,2157052689.92,17045957061.05
Solana,11/5/2023,11/6/2023,42.5865,42.8409,40.5078,41.2917,2554516702.79,17445794426.08
Solana,11/4/2023,11/5/2023,39.6322,42.6351,39.218,42.294,3835897045.01,17407439756.37
Solana,11/3/2023,11/4/2023,39.9542,40.0182,38.2072,39.6313,6060132165.65,16431041360.79
Solana,11/2/2023,11/3/2023,41.6975,44.4727,39.1142,40.1625,9104262176.71,17592482698.84
Solana,11/1/2023,11/2/2023,38.1877,46.2009,37.9303,41.3477,5520823788.19,16808491298.71
Solana,10/31/2023,11/1/2023,34.9702,38.4526,34.92,38.433,3182547699.27,15235569861.86
Solana,10/30/2023,10/31/2023,32.9766,35.1828,32.4251,34.9907,2106655894.59,14300517532.63
Solana,10/29/2023,10/30/2023,31.6208,33.1178,31.4878,32.8362,1172352247.17,13570283943.44
Solana,10/28/2023,10/29/2023,31.8128,32.5335,31.5335,31.6946,1727652083.20,13427660109.78
Solana,10/27/2023,10/28/2023,32.7597,33.2791,31.5512,31.7666,2596858394.32,13540795093.45
Solana,10/26/2023,10/27/2023,32.3654,33.2078,30.8658,32.7131,3098087535.32,13436667995.43
Solana,10/25/2023,10/26/2023,30.2286,33.6875,30.0182,32.5141,3924500260.29,13434248442.22
Solana,10/24/2023,10/25/2023,31.7856,32.4595,29.6884,30.1562,4742319287.99,13029938612.25
Solana,10/23/2023,10/24/2023,29.0618,32.5008,28.8196,31.8168,3234538905.03,12499411474.56
Solana,10/22/2023,10/23/2023,29.2576,29.9614,28.2303,29.1105,3075703846.92,12086263069.90
Solana,10/21/2023,10/22/2023,27.0186,30.186,26.7131,29.4251,2993564953.61,11853619605.90
Solana,10/20/2023,10/21/2023,25.0624,27.3645,24.7829,27.0829,2883343886.62,11046962861.74
Solana,10/19/2023,10/20/2023,23.4509,25.3955,23.2088,25.0101,1413133444.06,10114999867.13
Solana,10/18/2023,10/19/2023,24.0048,24.3155,23.4944,23.4991,1361667079.56,9951707630.67
Solana,10/17/2023,10/18/2023,23.9834,24.5281,23.6698,24.0336,2113806493.26,10031552998.95
Solana,10/16/2023,10/17/2023,22.0107,24.4261,21.988,24.0509,1298075274.72,9623185976.94
Solana,10/15/2023,10/16/2023,22.0108,22.1943,21.7901,22.007,496496831.57,9151474969.78
Solana,10/14/2023,10/15/2023,21.8805,22.2526,21.8664,22.1139,835146387.78,9178553700.44
Solana,10/13/2023,10/14/2023,21.2915,22.2318,21.1662,21.9171,821583996.24,8961952835.32
Solana,10/12/2023,10/13/2023,21.986,22.0228,21.1668,21.3695,971626514.45,8950714752.55
Solana,10/11/2023,10/12/2023,22.1646,22.4137,21.7635,22.0577,998636892.30,9172721984.32
Solana,10/10/2023,10/11/2023,22.1295,22.4983,21.7841,22.184,1063905148.71,9181635575.35
Solana,10/9/2023,10/10/2023,23.2504,23.4048,21.8513,22.2106,963229516.33,9388085689.11
Solana,10/8/2023,10/9/2023,23.2938,23.6244,23.1907,23.3353,786615404.57,9704207809.20
Solana,10/7/2023,10/8/2023,23.4405,23.9713,23.2049,23.3793,1291129949.97,9743977160.26
Solana,10/6/2023,10/7/2023,22.7754,23.7614,22.7754,23.4933,1452731486.80,9641278675.98
Solana,10/5/2023,10/6/2023,23.0681,23.7196,22.6412,22.7363,1469037798.38,9552686678.69
Solana,10/4/2023,10/5/2023,23.4915,23.7329,22.7459,23.1788,2121799310.38,9594615494.08
Solana,10/3/2023,10/4/2023,23.3964,24.6617,23.3404,23.5548,2317618398.15,9865751842.79
Solana,10/2/2023,10/3/2023,23.8543,24.647,23.0289,23.4711,2463923899.48,9893931856.06
Solana,10/1/2023,10/2/2023,21.3207,24.4252,21.1733,23.9407,1533251108.09,9241476879.49
Solana,9/30/2023,10/1/2023,20.2909,21.8111,20.152,21.4624,813610607.05,8591184127.03
Solana,9/29/2023,9/30/2023,19.9508,20.4555,19.8967,20.3761,877026153.74,8356388073.94
Solana,9/28/2023,9/29/2023,19.1329,20.0509,19.1329,20.037,755828255.96,8025147689.62
Solana,9/27/2023,9/28/2023,19.0399,19.4925,18.8619,19.2102,1059528812.97,7874780634.56
Solana,9/26/2023,9/27/2023,19.3753,19.5074,18.975,19.06,1287711455.13,7965453087.10
Solana,9/25/2023,9/26/2023,19.3749,19.7264,19.2312,19.4247,1416948407.83,8045981293.49
Solana,9/24/2023,9/25/2023,19.5296,19.6669,19.3174,19.3904,942880951.99,8073630455.50
Solana,9/23/2023,9/24/2023,19.4624,19.5731,19.326,19.4927,1504337244.45,8027310059.25
Solana,9/22/2023,9/23/2023,19.4786,19.7722,19.2338,19.4444,1891972513.73,8066120896.32
Solana,9/21/2023,9/22/2023,20.248,20.2686,19.3636,19.461,2847611693.69,8143218109.10
Solana,9/20/2023,9/21/2023,20.0293,20.4684,19.8113,20.284,3465812004.75,8270571133.18
Solana,9/19/2023,9/20/2023,19.7289,20.3682,19.6094,20.0348,4131856918.84,8212620146.20
Solana,9/18/2023,9/19/2023,18.7994,20.0962,18.6073,19.6437,3507403937.42,8005548550.97
Solana,9/17/2023,9/18/2023,19.1095,19.1181,18.6996,18.7948,1209973563.63,7797862180.33
Solana,9/16/2023,9/17/2023,19.1687,19.4344,18.9188,19.1469,1838829542.29,7865498838.44
Solana,9/15/2023,9/16/2023,18.844,19.4209,18.6036,19.1686,1954708981.75,7799335894.03
Solana,9/14/2023,9/15/2023,18.4488,19.2189,18.4488,18.8283,4026478154.08,7757797207.05
Solana,9/13/2023,9/14/2023,17.92,18.492,17.7243,18.4071,3413731104.93,7454979867.41
Solana,9/12/2023,9/13/2023,17.7086,18.667,17.5799,17.9489,4430194026.64,7397212283.76
Solana,9/11/2023,9/12/2023,18.2055,18.3888,17.4114,17.724,5061218011.86,7347232918.04
Solana,9/10/2023,9/11/2023,19.4675,19.4675,17.8583,18.2502,3014623353.59,7590290794.61
Solana,9/9/2023,9/10/2023,19.604,19.6058,19.4346,19.4906,1138215882.53,8018830189.82
Solana,9/8/2023,9/9/2023,19.8882,20.2178,19.4356,19.6113,2380499235.19,8076020666.02
Solana,9/7/2023,9/8/2023,19.6262,19.9867,19.3847,19.8979,1832306089.76,8039739241.37
Solana,9/6/2023,9/7/2023,20.2666,20.3543,19.2432,19.6539,2078530159.34,8082040393.10
Solana,9/5/2023,9/6/2023,19.5053,20.5596,19.0818,20.2923,1648727978.59,8080161988.44
Solana,9/4/2023,9/5/2023,19.5874,19.9365,19.2691,19.5248,1736373823.16,8011822123.25
Solana,9/3/2023,9/4/2023,19.5121,19.6505,19.2674,19.5972,1917587239.81,7963708307.95
Solana,9/2/2023,9/3/2023,19.3221,19.6679,19.1678,19.4779,3698930627.61,7964504774.31
Solana,9/1/2023,9/2/2023,19.7775,19.9175,19.0822,19.3578,3370457296.32,7999832527.15
Solana,8/31/2023,9/1/2023,20.8168,21.0118,19.6031,19.7403,1703280411.62,8325450884.21
Solana,8/30/2023,8/31/2023,21.7736,21.8953,20.6605,20.8594,2449237748.74,8673292811.05
Solana,8/29/2023,8/30/2023,20.5867,21.9595,20.14,21.7362,2496327853.14,8516992126.43
Solana,8/28/2023,8/29/2023,20.7594,20.7594,20.1781,20.5693,2506258269.23,8344325531.24
Solana,8/27/2023,8/28/2023,20.305,20.8883,20.2644,20.8024,1599323892.61,8383004475.92
Solana,8/26/2023,8/27/2023,20.3879,20.4092,20.2102,20.304,2480098726.74,8275567868.22
Solana,8/25/2023,8/26/2023,21.0283,21.0283,20.1642,20.3914,3577012086.36,8375501546.79
Solana,8/24/2023,8/25/2023,21.7127,21.993,20.7633,21.0258,4275046907.64,8731710045.21
Solana,8/23/2023,8/24/2023,20.6303,21.7769,20.4727,21.6717,3982887077.02,8529101716.34
Solana,8/22/2023,8/23/2023,21.2058,21.2499,19.6102,20.5548,4353098779.38,8469101137.76
Solana,8/21/2023,8/22/2023,21.7472,21.7472,20.6395,21.1957,4820974903.46,8671083879.45
Solana,8/20/2023,8/21/2023,21.922,22.0319,21.6457,21.7684,982787376.66,8899475001.13
Solana,8/19/2023,8/20/2023,21.3544,22.1726,21.3544,21.9103,1369984039.89,8839032668.95
Solana,8/18/2023,8/19/2023,21.7533,22.1689,21.0836,21.3535,3741184181.13,8776683243.74
Solana,8/17/2023,8/18/2023,22.8625,23.3866,20.2419,21.7041,2905833303.34,9293089174.27
Solana,8/16/2023,8/17/2023,23.9157,23.9773,22.4098,22.8219,3543673494.90,9446755675.01
Solana,8/15/2023,8/16/2023,25.1569,25.2771,23.7452,23.8914,6783618497.13,9988095843.93
Solana,8/14/2023,8/15/2023,24.2157,25.1766,24.1554,25.1574,2152512468.36,9950552462.37
Solana,8/13/2023,8/14/2023,24.9355,24.9396,24.2625,24.2625,1139500125.06,9979803921.89
Solana,8/12/2023,8/13/2023,24.6113,25.1283,24.4077,24.9399,2463600036.43,9962254088.79
Solana,8/11/2023,8/12/2023,24.6665,24.863,24.362,24.588,4742469578.37,9935709258.28
Solana,8/10/2023,8/11/2023,24.3908,24.8183,24.1755,24.6338,1899366208.99,9892556631.17
Solana,8/9/2023,8/10/2023,24.3272,24.9641,24.2074,24.4186,2438467615.06,9908522924.25
Solana,8/8/2023,8/9/2023,23.1166,24.7407,23.0322,24.1992,1975718117.89,9540115354.00
Solana,8/7/2023,8/8/2023,23.5979,23.9575,22.4983,23.0708,2595238197.95,9365523412.87
Solana,8/6/2023,8/7/2023,23.2528,24.0936,23.215,23.5697,3094687774.25,9567997577.69
Solana,8/5/2023,8/6/2023,22.7668,23.2543,22.5185,23.2543,2498644500.17,9232669499.57
Solana,8/4/2023,8/5/2023,22.6926,23.52,22.5195,22.804,2197004093.08,9283482120.81
Solana,8/3/2023,8/4/2023,23.1164,23.3679,22.5753,22.6672,1872179796.97,9272705059.67
Solana,8/2/2023,8/3/2023,24.0608,24.2269,23.0194,23.1638,1813979788.68,9509868176.26
Solana,8/1/2023,8/2/2023,23.7657,23.9843,23.0887,23.9843,3219851633.29,9505261130.23
Solana,7/31/2023,8/1/2023,24.2197,24.7755,23.6461,23.782,2283694731.68,9819663414.62
Solana,7/30/2023,7/31/2023,25.2137,25.2395,23.9858,24.3025,1053664378.85,10059727741.76
Solana,7/29/2023,7/30/2023,24.8291,25.4153,24.8291,25.2325,1298208882.54,10135946295.17
Solana,7/28/2023,7/29/2023,25.095,25.5301,24.597,24.8791,1868510947.81,10056229045.01
Solana,7/27/2023,7/28/2023,25.1691,25.5442,24.7359,25.1358,3269873263.63,10135798390.48
Solana,7/26/2023,7/27/2023,23.3054,25.518,23.2368,25.1912,2188134033.11,9759733923.70
Solana,7/25/2023,7/26/2023,23.415,23.5735,22.9114,23.3321,1832467695.09,9377303802.70
Solana,7/24/2023,7/25/2023,24.7343,24.8547,23.0979,23.4459,1686712219.27,9624659350.94
Solana,7/23/2023,7/24/2023,24.4822,25.2341,24.3036,24.82,1801625853.46,9973014284.43
Solana,7/22/2023,7/23/2023,25.5646,25.9714,24.3325,24.5421,1764781616.82,10314894669.87
Solana,7/21/2023,7/22/2023,25.3562,25.9794,25.1289,25.6027,2515255043.54,10255955219.52
Solana,7/20/2023,7/21/2023,26.3625,27.3708,25.1888,25.3756,3132963667.80,10612639861.01
Solana,7/19/2023,7/20/2023,25.5397,26.948,25.4349,26.3998,3467496046.87,10611987786.54
Solana,7/18/2023,7/19/2023,26.7562,27.0613,24.891,25.5661,4114417962.72,10389611116.82
Solana,7/17/2023,7/18/2023,27.4113,28.459,25.8849,26.9021,3496833717.87,10957156735.70
Solana,7/16/2023,7/17/2023,27.7016,28.57,26.9409,27.4262,4075816079.89,11178621705.51
Solana,7/15/2023,7/16/2023,26.7327,29.0289,26.623,27.3652,6463678375.61,11256537901.22
Solana,7/14/2023,7/15/2023,25.9713,30.0831,25.3321,26.7565,9355394358.97,11194086666.25
Solana,7/13/2023,7/14/2023,21.9545,26.4517,21.5142,26.0046,3696321902.85,9348834472.73
Solana,7/12/2023,7/13/2023,22.0554,22.7066,21.8746,21.996,2171591701.64,8914462255.48
Solana,7/11/2023,7/12/2023,21.3247,22.2867,21.2463,22.0907,2601083738.29,8830317302.27
Solana,7/10/2023,7/11/2023,21.3358,21.761,20.6133,21.3299,2368651840.14,8465871574.17
Solana,7/9/2023,7/10/2023,21.8414,22.325,21.1095,21.3666,2977356696.11,8632885345.66
Solana,7/8/2023,7/9/2023,21.4965,22.4001,21.3519,21.9068,4887078298.62,8723107475.76
Solana,7/7/2023,7/8/2023,19.6796,21.5905,19.3611,21.4506,6410902199.02,8243413718.24
Solana,7/6/2023,7/7/2023,19.0304,20.9836,18.9885,19.9038,2970295053.86,7967491701.05
Solana,7/5/2023,7/6/2023,19.1783,19.4125,18.6244,19.1989,1631685401.82,7626745592.92
Solana,7/4/2023,7/5/2023,19.2502,20.0854,19.1745,19.3576,1386754878.16,7793090903.18
Solana,7/3/2023,7/4/2023,19.4543,19.6093,19.0574,19.4198,2044310473.82,7753632239.77
Solana,7/2/2023,7/3/2023,18.737,19.7994,18.5982,19.5604,2037694552.42,7680908472.27
Solana,7/1/2023,7/2/2023,18.9422,18.989,17.9663,18.8017,3589512408.91,7375952638.70
Solana,6/30/2023,7/1/2023,17.9908,19.9127,17.7284,18.9835,4451407673.57,7524148714.37
Solana,6/29/2023,6/30/2023,15.9768,18.2691,15.9152,18.1015,2333871254.71,6850650840.28
Solana,6/28/2023,6/29/2023,16.6079,16.6079,15.855,16.1438,2089710224.08,6494991203.21
Solana,6/27/2023,6/28/2023,16.2554,17.1378,16.2096,16.8689,1008432743.94,6686536365.67
Solana,6/26/2023,6/27/2023,16.8785,17.3564,16.3416,16.6242,780636008.52,6739158052.72
Solana,6/25/2023,6/26/2023,16.65,18.3475,16.6292,17.3313,1702236684.35,6958612742.65
Solana,6/24/2023,6/25/2023,17.1299,17.556,16.7011,17.0359,1062380191.94,6869808739.02
Solana,6/23/2023,6/24/2023,16.6886,17.7284,16.5082,17.3782,874367451.26,6788382623.46
Solana,6/22/2023,6/23/2023,17.2847,17.7331,16.8388,16.9483,1018948587.09,6905146126.43
Solana,6/21/2023,6/22/2023,16.5915,17.5901,16.5915,17.4703,1076200889.56,6805148690.60
Solana,6/20/2023,6/21/2023,16.0926,16.9305,15.9969,16.9305,884723449.34,6499589478.32
Solana,6/19/2023,6/20/2023,15.4938,16.4075,15.4646,16.4075,717048998.58,6322686872.50
Solana,6/18/2023,6/19/2023,15.668,16.2863,15.505,15.9112,693428764.25,6337196732.77
Solana,6/17/2023,6/18/2023,15.3063,16.1667,15.2333,16.0127,1025362449.68,6311502200.13
Solana,6/16/2023,6/17/2023,14.7289,15.6555,14.6646,15.6182,1087012374.52,6009625964.83
Solana,6/15/2023,6/16/2023,14.4734,15.1932,14.3747,14.975,1276551657.34,5891224350.42
Solana,6/14/2023,6/15/2023,15.0564,15.6251,14.5001,14.7661,1076181203.49,6059409269.29
Solana,6/13/2023,6/14/2023,15.2177,16.0096,14.9814,15.2539,1295051683.29,6110824842.79
Solana,6/12/2023,6/13/2023,15.5311,15.741,14.9488,15.3956,1391276267.68,6110973066.80
Solana,6/11/2023,6/12/2023,15.6072,16.261,15.2938,15.7669,2172553304.55,6231303953.61
Solana,6/10/2023,6/11/2023,17.3763,17.3763,13.7061,15.7298,2892616373.24,6096906501.48
Solana,6/9/2023,6/10/2023,18.9304,19.5522,17.4041,17.6444,855929727.86,7433960222.30
Solana,6/8/2023,6/9/2023,18.6195,19.3505,18.3627,19.2529,966455806.59,7508239948.62
Solana,6/7/2023,6/8/2023,20.3912,20.6036,18.8317,18.9443,1052435694.52,7873537840.09
Solana,6/6/2023,6/7/2023,20.0306,21.2391,19.4588,20.7042,1222025316.35,8017895781.02
Solana,6/5/2023,6/6/2023,21.833,22.0891,19.6911,20.2874,1063540070.46,8426994735.15
Solana,6/4/2023,6/5/2023,21.2997,22.6375,21.2052,22.1889,601276919.78,8754108711.57
Solana,6/3/2023,6/4/2023,21.3168,21.8711,21.2123,21.8677,536088692.22,8533848251.54
Solana,6/2/2023,6/3/2023,20.5588,21.7955,20.4828,21.7219,652145227.66,8460237574.85
Solana,6/1/2023,6/2/2023,20.8757,21.2506,20.5857,21.0139,633479377.71,8319312975.82
Solana,5/31/2023,6/1/2023,21.3066,21.3689,20.6848,21.2687,879374627.58,8314988823.46
Solana,5/30/2023,5/31/2023,20.6262,21.6431,20.5714,21.5589,842775333.10,8421596442.38
Solana,5/29/2023,5/30/2023,20.8553,21.0795,20.5844,21.0325,749215492.10,8278957395.61
Solana,5/28/2023,5/29/2023,20.9899,21.4545,20.3959,21.1711,788306519.08,8251147874.58
Solana,5/27/2023,5/28/2023,20.0242,21.0615,19.4533,20.9764,452514842.10,7957597946.39
Solana,5/26/2023,5/27/2023,19.78,20.0926,19.2887,20.0292,513054145.27,7818466306.55
Solana,5/25/2023,5/26/2023,19.5719,19.8158,18.9686,19.7813,776060749.24,7751528131.63
Solana,5/24/2023,5/25/2023,20.4777,20.4777,19.2158,19.5835,789368139.53,7775728194.55
Solana,5/23/2023,5/24/2023,20.0243,20.5242,19.5335,20.484,723034602.59,7983336608.09
Solana,5/22/2023,5/23/2023,20.1687,20.2647,19.5004,20.0306,694277089.62,7893997134.19
Solana,5/21/2023,5/22/2023,21.0697,21.0697,20.0871,20.1662,423984080.04,8134317327.18
Solana,5/20/2023,5/21/2023,21.0065,21.0666,20.3187,21.0666,436208635.10,8185906195.25
Solana,5/19/2023,5/20/2023,20.7713,21.0093,20.3663,20.9909,612424487.83,8200791894.93
Solana,5/18/2023,5/19/2023,21.4274,21.4274,20.531,20.76,745467016.23,8285318102.04
Solana,5/17/2023,5/18/2023,21.1119,21.518,20.6609,21.429,716861261.94,8318547212.48
Solana,5/16/2023,5/17/2023,21.3779,21.3779,20.8022,21.1085,714568238.00,8337416875.07
Solana,5/15/2023,5/16/2023,21.4839,21.7717,20.7553,21.3816,723662050.39,8499032431.68
Solana,5/14/2023,5/15/2023,21.2818,21.6032,20.7618,21.4799,639728090.36,8397758342.64
Solana,5/13/2023,5/14/2023,21.1825,21.4143,20.8877,21.2881,912253264.32,8354074443.82
Solana,5/12/2023,5/13/2023,20.4802,21.1902,19.984,21.1729,1026036099.34,8073659320.25
Solana,5/11/2023,5/12/2023,21.1991,21.1991,20.0097,20.5459,1219159100.30,8099904035.93
Solana,5/10/2023,5/11/2023,21.0678,21.5321,20.3913,21.2296,921857760.95,8293628215.80
Solana,5/9/2023,5/10/2023,20.9396,21.2775,20.676,21.0762,1098540720.55,8245335308.92
Solana,5/8/2023,5/9/2023,22.1115,22.1115,20.4793,20.9678,1288289393.56,8409215319.65
Solana,5/7/2023,5/8/2023,22.2371,23.0738,21.8961,22.2732,834252223.07,8844948706.81
Solana,5/6/2023,5/7/2023,23.0783,23.2481,21.8938,22.2616,1225276234.25,8874529247.54
Solana,5/5/2023,5/6/2023,22.0577,23.216,21.7618,23.0489,964574120.01,8825593238.53
Solana,5/4/2023,5/5/2023,22.4677,22.5075,21.8766,22.0378,1176226270.38,8721137864.14
Solana,5/3/2023,5/4/2023,22.6362,22.6362,21.4797,22.4603,941259708.53,8590470132.61
Solana,5/2/2023,5/3/2023,22.2244,22.7147,21.884,22.6437,910159366.07,8736816973.99
Solana,5/1/2023,5/2/2023,23.0103,23.0103,21.8334,22.2273,1235083080.54,8748242452.92
Solana,4/30/2023,5/1/2023,23.4768,24.0829,23.1106,23.2338,1006693036.52,9239362666.24
Solana,4/29/2023,4/30/2023,23.5478,23.8885,23.2676,23.4339,1321671975.73,9210499755.43
Solana,4/28/2023,4/29/2023,22.5595,23.6229,22.3041,23.543,1210753409.58,8959506211.54
Solana,4/27/2023,4/28/2023,21.4691,22.677,21.2382,22.576,1789773285.29,8649262904.59
Solana,4/26/2023,4/27/2023,22.208,23.0758,20.8724,21.4554,1190070420.35,8734663292.04
Solana,4/25/2023,4/26/2023,21.7176,22.2262,20.9657,22.2262,929536171.85,8375474365.85
Solana,4/24/2023,4/25/2023,21.7752,22.1334,21.3311,21.7227,993471512.62,8504548339.12
Solana,4/23/2023,4/24/2023,22.182,22.4115,21.303,21.7931,742176133.46,8587950398.71
Solana,4/22/2023,4/23/2023,21.4843,22.2861,21.1131,22.193,981929255.57,8493721290.52
Solana,4/21/2023,4/22/2023,22.3472,22.3933,21.348,21.4913,1359523009.43,8636217991.02
Solana,4/20/2023,4/21/2023,22.8567,23.1137,21.7659,22.364,1687513961.01,8859560445.95
Solana,4/19/2023,4/20/2023,25.0053,25.0053,22.5573,22.8519,1549538542.65,9297800037.39
Solana,4/18/2023,4/19/2023,24.7161,25.5288,24.169,25.0295,1422300225.32,9767299294.16
Solana,4/17/2023,4/18/2023,25.56635969,25.98736128,24.48792958,24.6878,1903805292.99,9861892028.72
Solana,4/16/2023,4/17/2023,24.31243011,25.63563949,23.99405925,25.53918223,911922091.20,9627469080.65
Solana,4/15/2023,4/16/2023,24.8628,24.8628,24.05895873,24.3102898,1420707801.07,9552263498.68
Solana,4/14/2023,4/15/2023,24.5604,25.5108,23.9126,24.8952,2243558796.93,9720054114.67
Solana,4/13/2023,4/14/2023,23.8712,25.1104,23.6928,24.5322,2934123909.33,9540306646.96
Solana,4/12/2023,4/13/2023,23.0974,24.3669,22.4294,23.88428536,3510522846.22,9088578668.46
Solana,4/11/2023,4/12/2023,21.3453,23.73141521,20.8666,23.1222,1617369269.00,8705969021.88
Solana,4/10/2023,4/11/2023,20.93359417,21.3841,20.25894995,21.2955,428085045.67,7992721845.42
Solana,4/9/2023,4/10/2023,20.6375,20.9921,20.0702,20.9252,468527891.29,7906864345.48
Solana,4/8/2023,4/9/2023,21.0608,21.06803901,20.3822,20.6292,410478822.56,8033335732.63
Solana,4/7/2023,4/8/2023,21.1157,21.1157,20.4909,21.0747,514236763.78,8019112515.19
Solana,4/6/2023,4/7/2023,21.3089,21.3089,20.6565,21.0923,661240466.44,8083131223.28
Solana,4/5/2023,4/6/2023,21.2744,21.4296,20.8682,21.2949,764765480.89,8181148724.13
Solana,4/4/2023,4/5/2023,20.71429134,21.3599,20.3682,21.2638,949884930.67,8062493862.38
Solana,4/3/2023,4/4/2023,20.9697,21.16121088,20.12441757,20.68910885,753052956.46,7917618884.10
Solana,4/2/2023,4/3/2023,21.51513072,21.51513072,20.7188,20.9748,539287848.33,8099098742.23
Solana,4/1/2023,4/2/2023,21.47798266,21.6182779,21.011,21.52206328,772430116.67,8152238537.47
Solana,3/31/2023,4/1/2023,20.78327179,21.71762137,20.24996604,21.47070054,911432060.00,7987577771.84
Solana,3/30/2023,3/31/2023,21.3709,21.5698,20.4198,20.79065957,1072284918.22,8007238058.32
Solana,3/29/2023,3/30/2023,20.714,21.5888,20.4814,21.3858,1027782382.89,8131253674.08
Solana,3/28/2023,3/29/2023,20.2014,20.9794,19.70394404,20.7555,950551179.78,7760688124.88
Solana,3/27/2023,3/28/2023,21.38105631,21.38105631,19.8054,20.2348,751430384.89,7866155501.46
Solana,3/26/2023,3/27/2023,20.787,21.46139663,20.3672,21.39179405,632781115.68,8073085038.04
Solana,3/25/2023,3/26/2023,20.89891039,21.1173,20.4473,20.7842,1064333241.11,7975836620.23
Solana,3/24/2023,3/25/2023,22.3916,22.3916,20.5554,20.89865901,1300655964.89,8276619029.90
Solana,3/23/2023,3/24/2023,21.6480613,22.73294519,21.2668,22.4137,1862058791.56,8379229011.38
Solana,3/22/2023,3/23/2023,22.73400631,23.1665,21.3193,21.6749,1770198516.89,8574978257.35
Solana,3/21/2023,3/22/2023,22.2916,23.2006,21.6696,22.78016623,2376374393.33,8633775342.80
Solana,3/20/2023,3/21/2023,22.0666,23.9652783,21.70861962,22.2409,2284453870.67,8735052231.25
Solana,3/19/2023,3/20/2023,21.37835979,22.54492534,21.36389048,22.0188,1403766038.67,8398123730.45
Solana,3/18/2023,3/19/2023,21.7849,22.874,21.32667174,21.32667174,2074446431.11,8514386352.37
Solana,3/17/2023,3/18/2023,19.8964,21.748,19.4887,21.748,1314968729.56,7793243053.57
Solana,3/16/2023,3/17/2023,19.44560421,20.0209,19.015,19.9198,1711492794.43,7497934895.41
Solana,3/15/2023,3/16/2023,21.0663,21.50196291,18.89789605,19.38798029,2247447024.00,7803795837.10
Solana,3/14/2023,3/15/2023,20.5769,22.09675544,19.9252,21.0583,2277934838.08,7977975344.06
Solana,3/13/2023,3/14/2023,20.44499078,21.37825983,19.0417,20.51415531,2416132317.42,7689026769.56
Solana,3/12/2023,3/13/2023,18.2488,20.5292,17.9108,20.48708845,1342141568.89,7068636144.54
Solana,3/11/2023,3/12/2023,18.29505295,18.8249,17.13386375,18.3039,2282160781.78,6855723540.84
Solana,3/10/2023,3/11/2023,17.4618,18.37967068,16.1516,18.27755797,2379335939.57,6619139219.89
Solana,3/9/2023,3/10/2023,18.5680789,18.7555,17.0513,17.4488,1636156077.49,7003318197.83
Solana,3/8/2023,3/9/2023,20.4055,20.4055,18.38216928,18.55853809,1319031532.91,7420007647.93
Solana,3/7/2023,3/8/2023,20.894,20.92149673,19.91542392,20.4165,864032782.67,7588069511.01
Solana,3/6/2023,3/7/2023,21.2675,21.3256,20.7391,20.9029,774828359.11,7611050298.75
Solana,3/5/2023,3/6/2023,21.32992708,21.6378,20.98476509,21.2979,854647605.11,7764058782.96
Solana,3/4/2023,3/5/2023,21.6527,21.6527,20.7078,21.28912177,754502557.88,7723312430.87
Solana,3/3/2023,3/4/2023,22.273,22.273,20.6342,21.62591255,1161321377.33,7750107403.59
Solana,3/2/2023,3/3/2023,22.7388,22.7388,21.8903,22.254,890019401.56,8043160885.75
Solana,3/1/2023,3/2/2023,22.12206993,22.8981,21.74866822,22.7414,996761750.89,8184473234.82
Solana,2/28/2023,3/1/2023,22.9049505,22.9049505,22.06362209,22.16245166,1062164785.56,8161222457.82
Solana,2/27/2023,2/28/2023,23.4933,23.519,22.53653598,22.89920495,1091434377.56,8340887248.65
Solana,2/26/2023,2/27/2023,22.5833,23.68157815,22.2431,23.4488,1183555579.33,8320597159.88
Solana,2/25/2023,2/26/2023,23.2264,23.3308,21.7356,22.5976,1389561404.21,8237903408.56
Solana,2/24/2023,2/25/2023,24.0338,24.1124575,22.71065625,23.213,1364568905.78,8564362965.69
Solana,2/23/2023,2/24/2023,25.2875,25.2875,23.7624,24.0399,1887951841.33,8788677650.89
Solana,2/22/2023,2/23/2023,25.7049,25.7049,24.10547316,25.3164,6593381975.11,8977462181.01
Solana,2/21/2023,2/22/2023,26.59734018,26.59734018,25.2249,25.6755,3315049220.44,9358180092.35
Solana,2/20/2023,2/21/2023,25.2952,27.163,24.32968192,26.4088,4393232992.89,9543000279.84
Solana,2/19/2023,2/20/2023,23.8794,25.9265,23.2948,25.257,1654592703.11,8807610589.47
Solana,2/18/2023,2/19/2023,23.4891,24.07421468,23.1208,23.8827,1396183827.56,8547440387.53
Solana,2/17/2023,2/18/2023,22.5276,23.7771,22.1762,23.5116,1988074467.56,8319273858.47
Solana,2/16/2023,2/17/2023,24.10963455,24.15,22.5016,22.5096,2319295661.33,8595791586.59
Solana,2/15/2023,2/16/2023,22.0794,24.13561377,21.5139,24.13561377,2118264536.45,8192388104.37
Solana,2/14/2023,2/15/2023,21.03883836,22.43206435,20.72202153,22.0686,2084026684.00,7795313393.81
Solana,2/13/2023,2/14/2023,21.7915,21.7915,19.9807,21.07510766,2121429608.44,7546125735.36
Solana,2/12/2023,2/13/2023,21.0976,22.57392877,20.70460619,21.72073746,955416274.89,7757389270.89
Solana,2/11/2023,2/12/2023,20.2536,21.1255,20.1841,21.1176,1311651539.11,7444268234.08
Solana,2/10/2023,2/11/2023,20.59081805,21.1554,19.9684,20.2727,2113027361.33,7548269626.36
Solana,2/9/2023,2/10/2023,23.3845,23.3845,20.46918853,20.55943891,1724461108.89,8182806501.72
Solana,2/8/2023,2/9/2023,23.9779,24.1424,22.9503,23.3818,1656263163.11,8574235627.66
Solana,2/7/2023,2/8/2023,22.848,24.0474,22.5963,23.9969,1346450403.56,8455375787.09
Solana,2/6/2023,2/7/2023,23.64128729,23.70726391,22.7589,22.8919,1376451778.67,8476092727.63
Solana,2/5/2023,2/6/2023,24.5584,24.5584,23.2656,23.67127878,1095666487.11,8728305160.82
Solana,2/4/2023,2/5/2023,24.795,24.9767,24.37506614,24.5521,1267666546.00,8958469313.14
Solana,2/3/2023,2/4/2023,24.3439,25.0794,24.13680569,24.7832,2123581595.11,8905872480.03
Solana,2/2/2023,2/3/2023,25.0939,26.09717871,24.3626,24.375,2918612152.89,9119921723.28
Solana,2/1/2023,2/2/2023,24.0609,25.1969,22.7382,25.0935,1730629605.33,8631144722.88
Solana,1/31/2023,2/1/2023,24.052,24.44709066,23.63578006,24.1044,2145067949.33,8721027982.26
Solana,1/30/2023,1/31/2023,26.1924,26.3128,23.58098991,24.0184,3084710879.11,8965941800.20
Solana,1/29/2023,1/30/2023,24.1662,26.6406,23.8169,26.2457,1670905178.22,9046816886.36
Solana,1/28/2023,1/29/2023,24.5513,25.0537,23.9616,24.1211,1717725699.11,8829831457.71
Solana,1/27/2023,1/28/2023,24.4659,24.8836482,23.5253,24.5253,1902610310.22,8733898605.56
Solana,1/26/2023,1/27/2023,24.61788173,25.18,24.0486,24.4368,2894638256.00,8922980148.81
Solana,1/25/2023,1/26/2023,22.91563399,25.2508,22.3699,24.6437,2528640628.00,8520026043.86
Solana,1/24/2023,1/25/2023,24.3527,25.1314,22.7874,22.92110861,1940687021.33,8878453911.74
Solana,1/23/2023,1/24/2023,24.2225,24.9052,24.0097,24.3938,2090227889.33,8876931811.14
Solana,1/22/2023,1/23/2023,24.6213,25.3976,23.7558,24.2603,2739124059.11,9040760145.68
Solana,1/21/2023,1/22/2023,25.5415,26.32750342,24.6129,24.6571,4430287665.78,9162582734.50
Solana,1/20/2023,1/21/2023,21.43092157,25.673,20.9782,25.5575,1919239323.11,7975654477.32
Solana,1/19/2023,1/20/2023,20.87209117,21.74134518,20.5883285,21.40495561,2952752303.11,7709170502.87
Solana,1/18/2023,1/19/2023,22.86712771,23.4754,20.71294144,20.85430369,2476567642.22,8132638991.74
Solana,1/17/2023,1/18/2023,23.59369362,23.87689925,22.9218527,22.9218527,2790695043.56,8492157432.76
Solana,1/16/2023,1/17/2023,22.89864156,24.6593,22.6042,23.59718927,3448337958.22,8501076844.61
Solana,1/15/2023,1/16/2023,24.2767,24.8059,22.0885,22.84240521,5139476673.78,8367915159.51
Solana,1/14/2023,1/15/2023,18.27595589,24.55165894,18.27595589,24.3714,6238121586.67,8172979776.91
Solana,1/13/2023,1/14/2023,16.596,18.53075061,16.3591,18.28499113,2134865255.11,6139901054.97
Solana,1/12/2023,1/13/2023,16.33617122,16.83152437,15.7388,16.6024,1925538881.33,5913880003.01
Solana,1/11/2023,1/12/2023,16.21370641,16.48089817,15.36643678,16.34418264,1640225961.78,5784713234.99
Solana,1/10/2023,1/11/2023,16.27488138,16.6254,15.7153,16.22722717,2935331075.56,5871205741.21
Solana,1/9/2023,1/10/2023,14.46264432,17.2994832,14.34471898,16.29539474,3440978568.00,5904807452.07
Solana,1/8/2023,1/9/2023,13.10035495,14.00771116,12.9208,14.00771116,878068059.67,4898334329.75
Solana,1/7/2023,1/8/2023,13.51263095,13.51263095,13.0521,13.1028,1014631317.11,4802693587.10
Solana,1/6/2023,1/7/2023,13.4179,13.54375965,12.75388287,13.52724858,1536653651.11,4784244704.69
Solana,1/5/2023,1/6/2023,13.42615981,13.7381,12.9666,13.4237,2159998792.44,4811852531.54
Solana,1/4/2023,1/5/2023,13.3399,14.0888,12.8734,13.42070102,4136615232.00,4899654819.76
Solana,1/3/2023,1/4/2023,11.27360397,13.47241343,11.07832595,13.35190208,2180517184.00,4407272291.11
Solana,1/2/2023,1/3/2023,9.983122002,11.35744394,9.843420614,11.25064189,1108864457.56,3910657281.70
Solana,1/1/2023,1/2/2023,9.952850129,10.05443586,9.705558643,9.954291785,738201996.44,3591890015.74
Solana,12/31/2022,1/1/2023,9.875223665,10.1411,9.670669789,9.951780323,1554625498.09,3593554774.91
Solana,12/30/2022,12/31/2022,9.614819314,10.0085047,9.02442236,9.858421227,3251107931.56,3462950186.65
Solana,12/29/2022,12/30/2022,9.754603065,9.820563677,8.115817282,9.581429352,1148370961.78,3401464266.20
Solana,12/28/2022,12/29/2022,11.09298081,11.11209487,9.522651299,9.763648316,888603445.56,3689360932.77
Solana,12/27/2022,12/28/2022,11.33460448,11.38856735,10.7491,11.08823329,389490513.22,4030429151.32
Solana,12/26/2022,12/27/2022,11.38213004,11.4468,11.1291121,11.2969392,265343397.56,4096482215.66
Solana,12/25/2022,12/26/2022,11.4386,11.52982414,11.2746,11.37920776,324351766.97,4139021472.31
Solana,12/24/2022,12/25/2022,11.78468818,11.78468818,11.2159,11.4411,395856319.67,4157362288.34
Solana,12/23/2022,12/24/2022,11.81295307,12.0915,11.73149307,11.78224025,400443953.33,4311673866.15
Solana,12/22/2022,12/23/2022,12.1367459,12.17180077,11.7123,11.79141662,298265948.89,4351924322.65
Solana,12/21/2022,12/22/2022,12.26990865,12.2779664,11.9092,12.10146712,323042459.33,4379302858.72
Solana,12/20/2022,12/21/2022,11.93791349,12.4424,11.86071101,12.27181393,459761767.33,4452039542.22
Solana,12/19/2022,12/20/2022,12.38514062,12.5690678,11.7216,11.92477123,311840613.11,4432811443.91
Solana,12/18/2022,12/19/2022,12.48855573,12.57152305,12.29151528,12.43137719,279378267.06,4507574704.66
Solana,12/17/2022,12/18/2022,12.26550879,12.5091577,11.9582,12.48729058,744583383.67,4461980775.62
Solana,12/16/2022,12/17/2022,14.04194338,14.16268428,12.0595584,12.2395,587565823.56,4877824367.62
Solana,12/15/2022,12/16/2022,14.13763249,14.4459,13.9003,14.00871318,895742381.33,5117781609.80
Solana,12/14/2022,12/15/2022,13.87966356,14.87274041,13.8286,14.16019346,713156940.67,5130979895.53
Solana,12/13/2022,12/14/2022,13.3168018,14.0382,12.8549,13.82409341,518204604.00,4871342474.92
Solana,12/12/2022,12/13/2022,13.41985742,13.461086,12.94941711,13.31640978,361397057.06,4778786898.88
Solana,12/11/2022,12/12/2022,13.57177069,13.78398993,13.39825034,13.42221183,174737563.28,4947133637.78
Solana,12/10/2022,12/11/2022,13.58376137,13.69326958,13.55480173,13.56154347,325252316.89,4943113804.43
Solana,12/9/2022,12/10/2022,13.68288755,13.9832,13.5238,13.57465018,390516511.11,4975898111.31
Solana,12/8/2022,12/9/2022,13.49848632,13.7557,13.29693425,13.69542379,403150421.74,4905800311.45
Solana,12/7/2022,12/8/2022,14.27856909,14.2999,13.48260093,13.52190301,502937838.56,4991744277.95
Solana,12/6/2022,12/7/2022,13.82533967,14.3049,13.82448347,14.27831955,609555130.00,5097536189.32
Solana,12/5/2022,12/6/2022,13.70416204,14.1244379,13.6273,13.82475526,490911206.78,5046569267.15
Solana,12/4/2022,12/5/2022,13.2918545,13.73196891,13.2918545,13.73196891,284960112.94,4892373838.82
Solana,12/3/2022,12/4/2022,13.7107,13.7329,13.25412363,13.29839171,428410325.74,4912657507.12
Solana,12/2/2022,12/3/2022,13.48846781,13.7698606,13.3298,13.7066,502467632.72,4920144175.40
Solana,12/1/2022,12/2/2022,14.14808117,14.14808117,13.4118,13.4547,647909739.67,4987064560.90
Solana,11/30/2022,12/1/2022,13.3371,14.22873728,13.2984,14.10755563,648673404.22,4956002504.00
Solana,11/29/2022,11/30/2022,13.3185,13.88449544,13.17539973,13.3534,793434388.00,4902176580.62
Solana,11/28/2022,11/29/2022,14.1026411,14.1292,12.8399,13.31921516,916253919.56,4841750456.20
Solana,11/27/2022,11/28/2022,14.14345898,14.411,14.05988709,14.05988709,563367783.80,5180217522.06
Solana,11/26/2022,11/27/2022,14.0102,14.85270308,13.98092193,14.15209364,697057637.56,5211673136.59
Solana,11/25/2022,11/26/2022,14.5734,14.5734,13.94165099,14.03623545,1001945205.11,5122118431.70
Solana,11/24/2022,11/25/2022,14.3447,14.8531,13.89571532,14.5477,1648832721.78,5196543948.45
Solana,11/23/2022,11/24/2022,12.4233,14.3841,12.413,14.3534,1401583648.89,4792810669.25
Solana,11/22/2022,11/23/2022,11.8197648,12.4546,11.0038,12.4052,992945332.89,4225485063.60
Solana,11/21/2022,11/22/2022,12.2383,12.2427,11.3171,11.82373716,980168077.56,4273082197.71
Solana,11/20/2022,11/21/2022,12.82208881,13.3602,12.1893,12.2431,724094435.33,4628415935.30
Solana,11/19/2022,11/20/2022,13.25030121,13.25030121,12.6247,12.82571538,706011873.23,4652227543.88
Solana,11/18/2022,11/19/2022,13.61966758,13.773567,12.9883,13.23221395,1250723382.41,4874173288.13
Solana,11/17/2022,11/18/2022,14.28272488,14.45347912,12.982,13.57285113,1134591556.44,5032880680.17
Solana,11/16/2022,11/17/2022,14.3055,14.5469,13.7343578,14.29177652,1204693123.78,5138707849.10
Solana,11/15/2022,11/16/2022,13.98519642,14.9881,13.8371,14.3039,1990250729.33,5101837910.76
Solana,11/14/2022,11/15/2022,13.12884944,14.88962525,12.16805854,13.99401895,2218869757.78,4854379340.67
Solana,11/13/2022,11/14/2022,14.528,14.6397,13.06175975,13.06175975,1440565282.67,4948421555.24
Solana,11/12/2022,11/13/2022,16.3933,16.3933,14.4902,14.5359,2752145504.89,5423910354.52
Solana,11/11/2022,11/12/2022,17.625,18.11517264,15.17343586,16.3573,6240026188.44,5944971086.37
Solana,11/10/2022,11/11/2022,12.46022877,18.5988,11.79728172,17.62109854,12150940512.00,5415315116.80
Solana,11/9/2022,11/10/2022,23.98476952,23.98476952,10.5657,12.31059784,10786062810.67,6066989863.20
Solana,11/8/2022,11/9/2022,29.5666,30.88843033,20.5174,23.91694754,8054860263.11,9559308192.70
Solana,11/7/2022,11/8/2022,32.7308,33.0442,28.7224,29.5717,3663771934.22,11295519127.90
Solana,11/6/2022,11/7/2022,36.819,36.8343,32.47381176,32.7563,3798388664.00,12552525007.38
Solana,11/5/2022,11/6/2022,33.7413,38.5163,33.719,36.7204,3057145529.78,12634485324.74
Solana,11/4/2022,11/5/2022,30.8688373,34.0962,30.75558991,33.8061,1702566743.11,11564189524.02
Solana,11/3/2022,11/4/2022,30.80853846,32.15693354,30.66439061,30.84111779,2069074657.33,11150345026.59
Solana,11/2/2022,11/3/2022,32.221,32.744,30.3446117,30.78426949,1335677626.00,11202512678.17
Solana,11/1/2022,11/2/2022,32.58224887,33.3202,32.1933,32.2372,1612432320.89,11593025769.55
Solana,10/31/2022,11/1/2022,32.924,34.2938,32.2767,32.64604874,1716437413.33,11735459910.85
Solana,10/30/2022,10/31/2022,32.87254379,33.4968,32.08480251,32.9035,1537138161.33,11594610759.48
Solana,10/29/2022,10/30/2022,32.05722194,33.77339549,31.8903,32.88316936,2059778680.00,11682783631.02
Solana,10/28/2022,10/29/2022,30.59657761,32.434,30.1554,32.1405,1888083673.78,11033300009.99
Solana,10/27/2022,10/28/2022,31.29152906,32.13439895,30.5445,30.64568612,2155111350.22,11142316126.83
Solana,10/26/2022,10/27/2022,30.89427542,31.93930929,30.733,31.23481765,2870722607.11,11092671005.19
Solana,10/25/2022,10/26/2022,28.3009,32.1992,28.1019,30.9851973,1490082618.89,10417965697.26
Solana,10/24/2022,10/25/2022,29.2858,29.4234,28.18915939,28.2894,1322183551.56,10163307409.14
Solana,10/23/2022,10/24/2022,28.0104,29.33504154,27.8827,29.2345,860159148.15,10072105148.46
Solana,10/22/2022,10/23/2022,28.105,28.14751883,27.5061,28.01383528,1283424148.00,9894778079.51
Solana,10/21/2022,10/22/2022,28.0319,28.2622,26.9811,28.1069,1597182644.00,9881711041.20
Solana,10/20/2022,10/21/2022,28.8651,29.4385,28.02774611,28.0731,1299903204.00,10258433416.53
Solana,10/19/2022,10/20/2022,30.153,30.2134,28.833,28.8831,1169716138.22,10588926218.77
Solana,10/18/2022,10/19/2022,31.1942,31.4261,29.8373,30.2162,1222280012.44,10885618380.95
Solana,10/17/2022,10/18/2022,30.13933679,31.2349,29.86615745,31.233,1103368774.89,10837934485.45
Solana,10/16/2022,10/17/2022,29.5903,30.47689133,29.5903,30.15398525,807312656.72,10622842979.38
Solana,10/15/2022,10/16/2022,29.9987,30.18361582,29.531,29.5408,1133054559.78,10617079588.62
Solana,10/14/2022,10/15/2022,30.5055859,31.9299,29.6806,30.0342,2041850579.56,11000574164.64
Solana,10/13/2022,10/14/2022,31.17127559,31.19410972,28.2927,30.53490026,1532903325.21,10674803578.52
Solana,10/12/2022,10/13/2022,30.8029,31.476,30.7461,31.16274586,1091789671.02,11059072121.61
Solana,10/11/2022,10/12/2022,31.93264799,31.93264799,30.5409,30.7789,1212843797.78,11156850739.02
Solana,10/10/2022,10/11/2022,32.9113,33.292,31.93885225,31.93885225,977816854.52,11604750753.20
Solana,10/9/2022,10/10/2022,32.5718,33.11441769,32.4608,32.8973,686341699.33,11637732458.33
Solana,10/8/2022,10/9/2022,33.00006216,33.04032731,32.4397,32.5799,915849512.59,11654068669.12
Solana,10/7/2022,10/8/2022,33.3463,33.738,32.55815544,32.99119287,1254554829.16,11782604612.07
Solana,10/6/2022,10/7/2022,34.0326,34.4371,33.31670991,33.33376112,1380912268.89,12054030683.39
Solana,10/5/2022,10/6/2022,34.0908,34.3265,33.24518193,34.0879,1394019214.67,12012771811.04
Solana,10/4/2022,10/5/2022,32.8764,34.348,32.8593,34.1096,1407875964.89,11939760088.10
Solana,10/3/2022,10/4/2022,32.073051,33.21500173,31.92573664,32.9515,1204898499.11,11563226598.21
Solana,10/2/2022,10/3/2022,32.442,33.0005,31.95228377,32.02935898,1010847430.67,11576566628.90
Solana,10/1/2022,10/2/2022,33.24238094,33.24238094,32.4288,32.4288,1840806430.54,11665075059.08
Solana,9/30/2022,10/1/2022,33.91553212,35.0986,32.71286409,33.22395618,2183611530.22,12080891828.98
Solana,9/29/2022,9/30/2022,33.22003485,34.3195,32.7422,33.92708094,1991830045.78,11935535101.42
Solana,9/28/2022,9/29/2022,32.74116407,33.7381,31.73407447,33.20155556,2261269994.15,11614479594.89
Solana,9/27/2022,9/28/2022,33.8708,35.2141,32.1418364,32.70232045,2241921561.33,12078162586.67
Solana,9/26/2022,9/27/2022,32.3389,33.92464569,31.9219,33.9074,1691057249.67,11661598684.22
Solana,9/25/2022,9/26/2022,33.425,33.99094495,32.03380719,32.3916,1513974521.78,11810124447.55
Solana,9/24/2022,9/25/2022,33.65920341,34.71951531,33.2406,33.49119652,2103695662.67,12000926708.80
Solana,9/23/2022,9/24/2022,32.40309382,33.88365272,31.3208,33.58570453,1762056510.22,11469778957.54
Solana,9/22/2022,9/23/2022,30.77579535,32.73685346,30.62672662,32.43028583,2335057275.56,11270202979.71
Solana,9/21/2022,9/22/2022,31.4097,33.11432757,30.15947842,30.79550747,1635236008.89,11213902407.85
Solana,9/20/2022,9/21/2022,32.65918928,32.87680528,31.3726,31.3994,1789883201.53,11362675859.09
Solana,9/19/2022,9/20/2022,31.12075091,32.99352599,30.73587191,32.7379334,1809406162.67,11235623869.22
Solana,9/18/2022,9/19/2022,33.71624965,33.9407,30.9354,31.02945015,1225840320.44,11681978018.35
Solana,9/17/2022,9/18/2022,32.25306219,33.8528,32.25306219,33.72137855,1388461455.11,11676428198.06
Solana,9/16/2022,9/17/2022,33.0771,33.2131,31.6358,32.20139934,1930131666.22,11520343080.30
Solana,9/15/2022,9/16/2022,34.1206293,34.6567,32.7238,33.0161,2253093536.00,11867652874.99
Solana,9/14/2022,9/15/2022,33.00965989,34.3259,32.80859547,34.17206186,2680254423.11,11848795472.03
Solana,9/13/2022,9/14/2022,37.4153105,38.74750964,33.02921777,33.03749567,2339520539.21,12869705754.37
Solana,9/12/2022,9/13/2022,34.99561871,38.09813777,34.48704033,37.4582777,1485571337.37,12921154645.39
Solana,9/11/2022,9/12/2022,35.0438,35.89993529,34.1453,34.9534803,871121402.89,12343658454.92
Solana,9/10/2022,9/11/2022,34.68089109,35.3555,34.3206,35.0931,1093367970.00,12272635395.39
Solana,9/9/2022,9/10/2022,33.5708,35.72700232,33.5708,34.70785475,1340382507.11,12310930086.02
Solana,9/8/2022,9/9/2022,32.68733803,33.69705874,32.09179818,33.566,1028511058.44,11614189187.37
Solana,9/7/2022,9/8/2022,30.8960036,32.86600674,30.53775204,32.72912032,1016467710.89,11052094403.88
Solana,9/6/2022,9/7/2022,32.14939181,33.7851,30.627,30.88651341,891567522.00,11356461514.86
Solana,9/5/2022,9/6/2022,32.11152603,32.42476088,31.19417391,32.21387568,491493201.11,11129472324.82
Solana,9/4/2022,9/5/2022,31.12339967,32.1423,31.0708,32.08576544,339002218.78,11050621425.89
Solana,9/3/2022,9/4/2022,31.2505,31.2569,30.8509,31.09694331,518864340.00,10878515255.97
Solana,9/2/2022,9/3/2022,31.60787613,32.3127,30.86519659,31.1857,646946770.73,11025977920.22
Solana,9/1/2022,9/2/2022,31.505,31.7211,30.5486,31.6136,799735150.44,10920604455.97
Solana,8/31/2022,9/1/2022,31.4255,32.8567,31.2382,31.4908,1023555056.22,11251890976.55
Solana,8/30/2022,8/31/2022,32.42657862,33.0177,30.794,31.3704,973793756.77,11206852621.30
Solana,8/29/2022,8/30/2022,30.3665,32.50875117,30.1713,32.4034993,792645808.61,10872016382.14
Solana,8/28/2022,8/29/2022,31.603,32.0569074,30.5454,30.5454,671293747.78,11049111445.77
Solana,8/27/2022,8/28/2022,31.81854262,32.2175,31.03236722,31.6744,1178738696.89,11088307318.77
Solana,8/26/2022,8/27/2022,35.31105482,35.55270938,31.56614752,31.74130803,1147263165.33,11911724850.79
Solana,8/25/2022,8/26/2022,34.93132648,36.43665341,34.93132648,35.28283141,1061684127.78,12484843269.76
Solana,8/24/2022,8/25/2022,35.65661399,36.2647,34.4456776,34.98022415,1104366021.78,12340165593.06
Solana,8/23/2022,8/24/2022,35.4171,36.03289959,34.36601943,35.6469278,1247375637.78,12344560257.41
Solana,8/22/2022,8/23/2022,36.48580049,36.48580049,34.07636058,35.4605,1280663278.89,12248883707.05
Solana,8/21/2022,8/22/2022,35.33952041,36.95295723,34.67750619,36.49946941,1253833893.56,12514848329.55
Solana,8/20/2022,8/21/2022,36.04206734,37.25553446,34.55977027,35.32919322,1582520150.52,12668014323.79
Solana,8/19/2022,8/20/2022,39.5589,39.5589,35.83710773,36.04821842,1621381588.22,12968197225.22
Solana,8/18/2022,8/19/2022,40.56839928,41.6154,39.6206,39.6206,1289566904.44,14273110490.17
Solana,8/17/2022,8/18/2022,43.18836672,44.59001235,40.34204434,40.41470763,1178611885.27,14799275433.51
Solana,8/16/2022,8/17/2022,43.8072,44.204207,42.8542,43.23368773,1223350085.33,15146710669.41
Solana,8/15/2022,8/16/2022,44.90836018,47.0598,43.1031,43.9209,1292611672.22,15570951300.83
Solana,8/14/2022,8/15/2022,46.48154042,47.9543,44.68149614,44.98666809,1089358631.78,16128264645.42
Solana,8/13/2022,8/14/2022,45.3739,48.12757862,45.2851,46.50245621,1526029132.44,16330016241.02
Solana,8/12/2022,8/13/2022,42.7371,45.3072,42.23473162,45.3072,1194072272.00,15124449132.85
Solana,8/11/2022,8/12/2022,42.41529391,44.97693046,42.31664539,42.764,1557733151.56,15231572569.22
Solana,8/10/2022,8/11/2022,40.32418096,42.38375841,39.2706,42.29522632,1738866675.56,14209770010.73
Solana,8/9/2022,8/10/2022,42.1912,42.7214,39.9045,40.37807212,1848850253.94,14373304188.72
Solana,8/8/2022,8/9/2022,40.60752402,43.5876617,40.60717423,42.0826,1681408140.89,14712435234.24
Solana,8/7/2022,8/8/2022,40.0166,41.48850586,39.3252,40.58785698,1208998636.00,13963100922.75
Solana,8/6/2022,8/7/2022,40.5690304,40.80908584,40.01143974,40.0892,1660406835.11,14015941492.03
Solana,8/5/2022,8/6/2022,38.81659207,41.13860019,38.81659207,40.46660934,2151997452.00,13862202329.87
Solana,8/4/2022,8/5/2022,38.57015998,39.7413,38.146,38.8783691,2832282653.33,13486487950.52
Solana,8/3/2022,8/4/2022,39.88570935,40.7224,37.80758087,38.5599,3700559458.12,13666996523.58
Solana,8/2/2022,8/3/2022,41.76113333,42.34549715,39.90857788,39.90857788,2016055241.33,14163702861.23
Solana,8/1/2022,8/2/2022,42.4029,43.1361,40.74277324,41.76791479,1893128913.33,14619980709.64
Solana,7/31/2022,8/1/2022,43.83719366,44.99648913,42.3451,42.3451,2486336708.44,15158455800.54
Solana,7/30/2022,7/31/2022,41.9843,46.49503945,41.63130128,43.77604479,2795340715.56,15050887365.16
Solana,7/29/2022,7/30/2022,42.89635574,44.08720192,41.3209,41.9831,3387718956.44,14747792743.08
Solana,7/28/2022,7/29/2022,40.20475958,43.83251694,39.04246558,42.77052071,3453133745.78,14099947985.75
Solana,7/27/2022,7/28/2022,36.32916905,40.29155073,35.72790961,40.24524509,2382023744.67,12891382743.65
Solana,7/26/2022,7/27/2022,36.6963,36.7608,34.8608,36.17535934,2518836706.56,12373852077.00
Solana,7/25/2022,7/26/2022,40.97958486,41.05962357,36.7758,36.7758,2302744224.44,13364505500.79
Solana,7/24/2022,7/25/2022,40.02416909,42.00461555,39.57310912,41.00317637,2160210840.08,14066651393.33
Solana,7/23/2022,7/24/2022,40.5704,41.8189,38.72137406,40.10896746,2377864384.00,13991666486.77
Solana,7/22/2022,7/23/2022,43.1789,44.10866662,40.17081293,40.6372,2877308915.51,14671030602.80
Solana,7/21/2022,7/22/2022,42.0905,43.95210609,39.89254885,43.2478,3547235697.78,14482965509.96
Solana,7/20/2022,7/21/2022,44.9153,45.9621,41.7697,42.1001,3477874826.26,15375456814.11
Solana,7/19/2022,7/20/2022,43.73179633,47.05478847,42.7239,44.9126,4069303727.11,15514855815.13
Solana,7/18/2022,7/19/2022,38.57797695,43.5549852,38.57797695,43.5549852,2548846090.56,14202824232.38
Solana,7/17/2022,7/18/2022,39.55755707,40.899067,38.5346,38.56223917,2457658035.56,13656853106.45
Solana,7/16/2022,7/17/2022,37.35171512,40.2965,36.3874,39.56675581,2151947805.78,13059927891.55
Solana,7/15/2022,7/16/2022,37.0577,38.8229,36.6019,37.35117638,2563383567.16,12982665369.87
Solana,7/14/2022,7/15/2022,34.8744,37.1319,33.6517,37.1234,2581238880.00,12082725349.03
Solana,7/13/2022,7/14/2022,32.6974,34.8677,31.97199135,34.8203,2189244404.00,11543834338.12
Solana,7/12/2022,7/13/2022,33.459114,34.46466416,32.7156324,32.7156324,1932874425.33,11635661736.72
Solana,7/11/2022,7/12/2022,36.68476316,36.68476316,33.36103877,33.52291855,1639440256.00,12176851743.08
Solana,7/10/2022,7/11/2022,38.03769619,38.03769619,36.352,36.67260879,1418307915.56,12814058414.07
Solana,7/9/2022,7/10/2022,38.0800043,38.7701,37.85910893,38.03333702,2299869359.56,13236606470.17
Solana,7/8/2022,7/9/2022,38.47805052,39.28061553,36.5387121,38.43854187,2706568739.68,13087093148.76
Solana,7/7/2022,7/8/2022,37.00130292,39.11301694,36.3939,38.45994456,2491554096.89,12895236771.13
Solana,7/6/2022,7/7/2022,35.39409212,37.3421,34.8913,37.04114203,2970342750.02,12354717831.01
Solana,7/5/2022,7/6/2022,36.6325,36.7918,33.19262045,35.31023799,2625849540.92,12027891303.97
Solana,7/4/2022,7/5/2022,33.3453,36.7471,32.4979,36.7471,1658416007.11,11652945991.85
Solana,7/3/2022,7/4/2022,33.31764778,33.5663,32.1815,33.3517,1512254531.56,11286399747.20
Solana,7/2/2022,7/3/2022,32.7715192,33.93023866,31.94693975,33.33379281,2116710941.78,11264542309.45
Solana,7/1/2022,7/2/2022,33.70097041,35.2171,32.0102,32.87665608,3357457366.22,11359545748.44
Solana,6/30/2022,7/1/2022,34.0659,34.1879,31.19260758,33.56887945,2918825335.11,11045104144.20
Solana,6/29/2022,6/30/2022,35.3291,35.98908166,33.25813655,33.9182,2908537659.76,11937414090.89
Solana,6/28/2022,6/29/2022,38.4466153,39.7372054,35.1856,35.3404,2603699865.42,12903434324.85
Solana,6/27/2022,6/28/2022,39.3825,41.1406,38.06094445,38.4696,2616899447.11,13556021331.95
Solana,6/26/2022,6/27/2022,42.21036737,42.3699,39.3497,39.4474,2704128538.67,14035665404.99
Solana,6/25/2022,6/26/2022,41.86947763,42.50119229,39.7897,42.29754907,3575195290.67,14132097977.39
Solana,6/24/2022,6/25/2022,38.0936,42.82202743,37.7767,42.21059536,4255747177.78,13604617407.27
Solana,6/23/2022,6/24/2022,34.09865113,38.3429,34.09865113,38.1855,3856522683.56,12504909102.04
Solana,6/22/2022,6/23/2022,36.25953962,36.68293285,33.67922131,34.13306086,4015643405.33,11983525134.88
Solana,6/21/2022,6/22/2022,35.2023,38.7492,34.26780868,36.16108256,4711848846.43,12578619835.72
Solana,6/20/2022,6/21/2022,34.1859,36.5848,31.79938393,35.4502,4698972967.11,11659110063.52
Solana,6/19/2022,6/20/2022,31.9214,34.99369546,28.8870825,34.2477,4904523288.89,10852025370.86
Solana,6/18/2022,6/19/2022,30.7092,31.8876,27.43025176,31.8876,2920648737.78,10177952352.79
Solana,6/17/2022,6/18/2022,30.0771,32.061,29.39931523,30.836,4003289830.22,10676120016.82
Solana,6/16/2022,6/17/2022,34.52174616,35.54490873,29.669,29.9836,5682014664.50,11043816094.17
Solana,6/15/2022,6/16/2022,29.6335,34.48381921,26.86932173,34.12335303,4631945013.33,10102346959.37
Solana,6/14/2022,6/15/2022,28.44461724,31.8995,26.0668286,29.7257,6026618475.79,10002495930.59
Solana,6/13/2022,6/14/2022,30.60160584,31.08591757,26.2198,27.6996837,4822875918.32,9612110665.06
Solana,6/12/2022,6/13/2022,33.9654,34.3004,30.63935085,30.63935085,3346866432.89,11195256394.05
Solana,6/11/2022,6/12/2022,37.14041619,37.8947,33.51565155,33.9633,2638871287.11,12259201374.02
Solana,6/10/2022,6/11/2022,39.93203096,40.7902,37.0677,37.08312735,2831278453.33,13288549555.00
Solana,6/9/2022,6/10/2022,38.95264356,41.60837782,38.53277173,39.93007713,2600263175.21,13647681265.26
Solana,6/8/2022,6/9/2022,39.2982,40.64328624,38.4461,38.88858724,3798016504.79,13414583014.49
Solana,6/7/2022,6/8/2022,42.399,42.399,37.6382,39.3653,4569874251.56,13409355247.68
Solana,6/6/2022,6/7/2022,38.56271842,44.47781317,38.4537526,42.3659006,3682050379.56,14403564573.12
Solana,6/5/2022,6/6/2022,38.99621459,39.9546,37.9351,38.43047065,2417509080.89,13283049383.10
Solana,6/4/2022,6/5/2022,38.30842262,39.12908234,36.0517,39.00730694,2914979919.11,12749269879.36
Solana,6/3/2022,6/4/2022,40.95851522,41.42494005,37.829,38.31010499,3043216367.11,13344057733.87
Solana,6/2/2022,6/3/2022,40.20405819,41.35851348,38.2829,40.92810924,3555173957.33,13657109204.48
Solana,6/1/2022,6/2/2022,45.69089102,45.9788,40.09519552,40.312007,2498716742.96,14849042244.26
Solana,5/31/2022,6/1/2022,47.1861,48.05614168,44.76136451,45.8746124,3089384337.78,15747159359.30
Solana,5/30/2022,5/31/2022,44.9575,47.80955773,44.293927,47.1395,2779854775.50,15662092457.82
Solana,5/29/2022,5/30/2022,44.30382122,45.3972,41.97091191,44.8179,2444996303.11,14858545773.50
Solana,5/28/2022,5/29/2022,41.04221767,44.59027089,40.4514,44.41872725,3132020069.33,14363707900.84
Solana,5/27/2022,5/28/2022,43.4305,43.76022227,40.0736,40.89120135,4441943872.89,14185585894.22
Solana,5/26/2022,5/27/2022,47.9352,48.5633,41.95279106,43.57392974,2978130483.56,15451396008.72
Solana,5/25/2022,5/26/2022,49.6577,50.39350909,47.67008685,47.90732339,2580858019.56,16563006011.28
Solana,5/24/2022,5/25/2022,49.06343807,50.47777491,47.4854,49.6721,2965948909.33,16762932860.53
Solana,5/23/2022,5/24/2022,52.52837481,54.5359,48.63538853,49.06696856,2384953257.48,17805815306.12
Solana,5/22/2022,5/23/2022,50.29852859,53.00093629,49.68925474,52.7833436,1716740175.56,17361798456.25
Solana,5/21/2022,5/22/2022,49.45096257,51.0505,48.5455,50.21584041,2749003145.33,16917077290.35
Solana,5/20/2022,5/21/2022,52.26720004,53.51004843,47.9406609,49.57496041,3548355967.11,17339150550.21
Solana,5/19/2022,5/20/2022,49.8456,53.7286403,48.60448123,52.3516592,3547859138.24,17290251376.82
Solana,5/18/2022,5/19/2022,57.08769529,57.65621985,49.7284,49.8652,3220589201.01,18014059929.38
Solana,5/17/2022,5/18/2022,53.45883427,58.0814,53.45883427,57.3061054,3124783676.44,18818816094.07
Solana,5/16/2022,5/17/2022,58.48831729,58.48831729,52.2341,53.53696945,3083354215.11,18405609220.77
Solana,5/15/2022,5/16/2022,52.1017,58.77996607,49.70435551,58.77996607,2705982344.89,17852154041.22
Solana,5/14/2022,5/15/2022,48.6928,52.72123576,46.15094729,52.3534,3381385696.89,16786312583.19
Solana,5/13/2022,5/14/2022,44.5517,55.6896,43.9335,48.3294,5443258575.11,17144300864.93
Solana,5/12/2022,5/13/2022,50.5335,53.8599,38.2896,44.7119,7148815475.56,15167690830.44
Solana,5/11/2022,5/12/2022,66.8901,68.2703,43.68724694,49.9957,5150712517.13,19730159484.31
Solana,5/10/2022,5/11/2022,62.38418224,73.9172,60.79442097,67.0372,6169869623.11,23053383313.04
Solana,5/9/2022,5/10/2022,75.50131168,77.0683,63.3084,63.95951297,2918280318.20,24050050048.15
Solana,5/8/2022,5/9/2022,78.9406,79.26215595,74.3392,74.97714353,2157243911.56,25942694094.64
Solana,5/7/2022,5/8/2022,81.9125,82.26695227,77.624,79.1325,2017830492.44,27166835562.30
Solana,5/6/2022,5/7/2022,84.5739,84.5739,80.50878351,81.9598,2946383160.00,27612495108.52
Solana,5/5/2022,5/6/2022,92.6471,94.82982774,81.87041302,84.6366,2533214325.74,29955012806.50
Solana,5/4/2022,5/5/2022,85.9128725,92.78716413,85.64268776,92.68864172,1682872728.23,29433778611.92
Solana,5/3/2022,5/4/2022,87.53082797,88.71873132,84.98599631,85.92044165,1694629058.22,29177938710.40
Solana,5/2/2022,5/3/2022,89.6273,90.66822715,85.3615,87.52314193,2006939707.80,29533968504.45
Solana,5/1/2022,5/2/2022,85.36061198,92.22040606,84.81451639,89.6599,2599735819.47,29537428157.38
Solana,4/30/2022,5/1/2022,93.99221979,94.9398,83.1111,85.49475107,1683630757.33,30960224196.51
Solana,4/29/2022,4/30/2022,98.2191,98.567,92.5769,93.94271076,1976798720.00,32103758132.74
Solana,4/28/2022,4/29/2022,98.4269,100.443,96.6461,98.129,2054008071.16,33001420545.32
Solana,4/27/2022,4/28/2022,95.72,100.3286,95.3522,98.30965252,2334520667.56,32713354732.79
Solana,4/26/2022,4/27/2022,101.0041078,101.6560364,94.8388915,95.45770489,2185852202.67,33100718444.20
Solana,4/25/2022,4/26/2022,99.29508866,101.4254,94.8137,101.2565032,2101448147.85,32631396613.82
Solana,4/24/2022,4/25/2022,100.6282,102.2054,98.9119,99.22419914,1245760108.89,33628015745.27
Solana,4/23/2022,4/24/2022,100.6622,102.737,98.769,100.6329,1768725753.33,33796754233.55
Solana,4/22/2022,4/23/2022,101.8629,103.5485,99.69223276,100.7281,2768260876.98,33929543966.92
Solana,4/21/2022,4/22/2022,105.4858922,109.8874,100.522217,101.8636,2653313504.89,35438684280.13
Solana,4/20/2022,4/21/2022,108.5695,110.4850513,104.5103147,105.4772659,2900991548.66,35833365994.76
Solana,4/19/2022,4/20/2022,102.3121,108.4219,101.2362882,108.4217,2787376963.79,34735479537.20
Solana,4/18/2022,4/19/2022,100.3066,102.4515,95.27047624,102.2794,2674388788.89,33033791451.58
Solana,4/17/2022,4/18/2022,102.1203,105.2538,99.9088,100.3029,1360454577.33,34196829838.26
Solana,4/16/2022,4/17/2022,101.4068,103.1474,100.9513,102.123,1429049665.78,33903596083.21
Solana,4/15/2022,4/16/2022,100.7807852,102.8625,100.1270851,101.3964,2267678373.33,33705393922.18
Solana,4/14/2022,4/15/2022,104.7968,107.1682815,99.2616,100.6465214,2762096909.13,33965413417.00
Solana,4/13/2022,4/14/2022,103.4958841,105.6762902,100.3558,104.8295,3362322636.98,34010893337.15
Solana,4/12/2022,4/13/2022,100.0324871,108.9337,98.97610276,103.6583687,3822596852.12,33971213829.01
Solana,4/11/2022,4/12/2022,111.0701,111.7512,98.9991,99.65766756,2834260283.67,34734453378.30
Solana,4/10/2022,4/11/2022,112.9893966,112.9893966,112.9893966,112.9893966,1873845248.00,37021471251.68
Solana,4/9/2022,4/10/2022,109.9298,113.1309067,108.7261351,113.1309067,2951543042.22,36210898016.46
Solana,4/8/2022,4/9/2022,118.7184572,122.0517777,108.6054,109.7555,3572972769.67,38186601588.43
Solana,4/7/2022,4/8/2022,113.0569862,119.8595,111.8099274,118.9148489,4636533997.33,37819207023.47
Solana,4/6/2022,4/7/2022,127.0057091,127.3559,112.9301238,112.9301238,4354816668.10,39657349233.36
Solana,4/5/2022,4/6/2022,132.2025456,136.2091324,126.6580283,126.6580283,3926432898.23,43015284661.54
Solana,4/4/2022,4/5/2022,136.8002314,137.9684062,126.5404699,132.5123643,3772952816.00,43437922773.23
Solana,4/3/2022,4/4/2022,131.9645859,140.229,131.1907945,136.8467445,4892773316.44,44517427978.73
Solana,4/2/2022,4/3/2022,133.9639,142.0514518,132.0396119,132.0396119,5804349104.00,44391708100.42
Solana,4/1/2022,4/2/2022,122.5331225,136.8913,118.7429167,133.8288535,6783690641.39,41660423056.55
Solana,3/31/2022,4/1/2022,120.2966166,128.5933564,119.8312692,122.4975671,5910328532.29,40161847816.25
Solana,3/30/2022,3/31/2022,111.7400048,123.8219183,107.448632,120.2681266,4879497393.78,37448984012.09
Solana,3/29/2022,3/30/2022,105.9829336,115.4559,105.9829336,111.8021626,4305544045.33,36152048639.37
Solana,3/28/2022,3/29/2022,106.9623245,113.431,105.3199712,105.6318162,3440579599.11,35583879436.54
Solana,3/27/2022,3/28/2022,101.8300871,107.2906035,99.1456448,107.1064739,1781452762.67,33181406053.02
Solana,3/26/2022,3/27/2022,98.63087748,103.2483,97.84280119,101.8503772,2466659556.00,32743516083.92
Solana,3/25/2022,3/26/2022,102.3385032,104.6564,97.21849899,98.76050729,3827302912.89,32832819442.18
Solana,3/24/2022,3/25/2022,94.97890047,103.4874,94.07253643,102.2618397,3520549959.11,31972355075.08
Solana,3/23/2022,3/24/2022,90.50209659,96.06437581,89.63725943,95.10271747,2120785514.15,29565455874.11
Solana,3/22/2022,3/23/2022,88.76828652,93.6675,88.18192702,90.61246786,2128751696.00,29287239164.76
Solana,3/21/2022,3/22/2022,88.5311152,91.13557769,87.11693859,88.77027251,1694114116.89,28492018845.14
Solana,3/20/2022,3/21/2022,92.41423112,92.41423112,88.12168924,88.68228512,1820085676.89,28892725506.50
Solana,3/19/2022,3/20/2022,89.79708454,94.4389807,89.40810039,92.38590253,2720763160.89,29273330959.02
Solana,3/18/2022,3/19/2022,87.86484895,91.80459198,84.68272579,89.70616555,2850402360.89,28029758700.11
Solana,3/17/2022,3/18/2022,87.79717202,90.67972583,86.7509,87.80915917,2509483485.33,28428192384.92
Solana,3/16/2022,3/17/2022,82.87006735,87.73100446,81.6792568,87.73100446,2256502411.11,27007670994.41
Solana,3/15/2022,3/16/2022,81.18682207,85.12167638,79.09240615,82.92012245,1689243390.67,26144035642.20
Solana,3/14/2022,3/15/2022,78.84523086,81.9841,78.133,81.04704493,1749547248.00,25874063027.45
Solana,3/13/2022,3/14/2022,81.41346298,82.8118,78.0948828,78.91477174,1078182421.78,26192244135.12
Solana,3/12/2022,3/13/2022,80.6744332,82.66853723,80.6744332,81.63673414,1587612035.33,26253787450.07
Solana,3/11/2022,3/12/2022,82.9448432,84.01884034,80.18037498,80.76296928,2044308961.33,26304138111.08
Solana,3/10/2022,3/11/2022,88.1272481,88.47249264,81.29093475,83.03559979,2562888472.00,26774361237.08
Solana,3/9/2022,3/10/2022,82.31040008,89.54092344,82.11409011,88.15197001,2731266129.78,28070513784.55
Solana,3/8/2022,3/9/2022,81.89723403,84.7837,81.51666999,82.15255981,2458506776.89,26615411061.33
Solana,3/7/2022,3/8/2022,84.56732717,86.36024543,80.12620349,82.08508347,2092166047.11,26617141243.00
Solana,3/6/2022,3/7/2022,89.6555,89.8392,84.2452,84.68727056,1384062527.56,27931952985.65
Solana,3/5/2022,3/6/2022,88.3070026,90.86876134,86.44727409,89.72294837,2336508166.42,28344610657.60
Solana,3/4/2022,3/5/2022,95.62905333,95.72187723,87.60698664,88.26304552,2693458846.99,29216722712.41
Solana,3/3/2022,3/4/2022,100.7561116,101.3975,94.4063,95.52928654,3165948792.42,31385728898.41
Solana,3/2/2022,3/3/2022,98.6509,106.0666627,97.3582,100.8434022,4033866579.56,32664436030.57
Solana,3/1/2022,3/2/2022,99.7028,101.4325,95.2683,98.7167,4330380869.33,31312192564.18
Solana,2/28/2022,3/1/2022,85.6163012,100.5127458,84.50683176,99.3948,3154952568.89,29276835155.05
Solana,2/27/2022,2/28/2022,90.1557,92.00304453,84.4939,85.57516594,1979593038.22,28237390761.32
Solana,2/26/2022,2/27/2022,92.79094753,94.52325202,89.7532,90.0602,3078715981.33,29299090607.07
Solana,2/25/2022,2/26/2022,89.41292019,94.838,87.24748903,92.51287263,4989542736.00,28716274906.70
Solana,2/24/2022,2/25/2022,84.52587769,92.2653,76.83669514,89.03824057,4819389407.11,26754612259.66
Solana,2/23/2022,2/24/2022,86.4195,93.0273,84.84895868,84.84895868,2634973096.89,28454602914.96
Solana,2/22/2022,2/23/2022,83.10050789,87.1683,81.26787973,86.5429,3551169882.67,26960793760.67
Solana,2/21/2022,2/22/2022,90.65453541,95.9496,83.17106515,83.17106515,3275306999.08,29072919715.22
Solana,2/20/2022,2/21/2022,91.3583504,93.2168,85.9971612,90.81787925,1824342996.44,28643724522.83
Solana,2/19/2022,2/20/2022,90.01603168,92.54163477,88.97773754,91.5062964,1736312814.67,29039073072.29
Solana,2/18/2022,2/19/2022,93.5676,96.2271,89.6631,90.05442382,2149474394.98,29779345563.99
Solana,2/17/2022,2/18/2022,101.858,102.5703,92.81882449,93.3053,2255059366.67,31338631950.50
Solana,2/16/2022,2/17/2022,104.92,104.9222,98.4114,102.0772,2286229159.69,32589965956.69
Solana,2/15/2022,2/16/2022,96.44124258,105.1233344,96.44124258,104.8396,2579095326.22,32445757754.90
Solana,2/14/2022,2/15/2022,92.9127,97.71883827,91.17191916,96.45598381,1829526793.88,30122046368.11
Solana,2/13/2022,2/14/2022,95.843,97.1567,91.8678584,93.4134,1729564520.44,30267391479.31
Solana,2/12/2022,2/13/2022,96.4837,99.50834925,93.5561,95.6361,2578326103.11,30567948125.65
Solana,2/11/2022,2/12/2022,106.1413714,107.9471966,95.6433,96.4211,2876844601.78,33036777638.46
Solana,2/10/2022,2/11/2022,114.0601,114.8532,106.0438168,106.2761066,2517984792.00,35354838664.98
Solana,2/9/2022,2/10/2022,113.3621833,116.346,109.9608582,114.1851,2926951904.89,35964084704.94
Solana,2/8/2022,2/9/2022,117.539936,119.8457008,110.4388468,113.5542614,3454459864.00,36320465573.14
Solana,2/7/2022,2/8/2022,115.3501205,121.4774,113.0992973,117.6853056,2660391175.56,37441691374.43
Solana,2/6/2022,2/7/2022,113.9427,115.8570511,112.2441,115.215403,2445793896.00,35952980804.32
Solana,2/5/2022,2/6/2022,112.3306739,118.4500387,110.5341,113.6063,4326342728.89,36081414026.68
Solana,2/4/2022,2/5/2022,101.6452,112.3831477,100.5311,112.3831477,4242291038.22,33434571381.90
Solana,2/3/2022,2/4/2022,102.1187,102.7302,94.8193598,101.0464,5269047514.67,30996712212.19
Solana,2/2/2022,2/3/2022,110.0358,112.0803279,97.83728302,101.6326,4715100317.33,34000159904.12
Solana,2/1/2022,2/2/2022,99.59381896,113.2101968,99.59381896,110.295,4071585968.89,33774552638.83
Solana,1/31/2022,2/1/2022,93.3202,100.6929956,89.5609,99.6535557,1781243945.33,29439886915.91
Solana,1/30/2022,1/31/2022,96.20169273,97.26242064,91.7770691,93.4379,1835484785.78,29877796636.64
Solana,1/29/2022,1/30/2022,91.3571,98.3688,91.065,96.2559,2667541655.11,29949538944.17
Solana,1/28/2022,1/29/2022,89.36378397,93.3967,87.41670551,91.1762,3313492781.33,28565473223.98
Solana,1/27/2022,1/28/2022,92.15043177,94.21428766,86.15970382,89.69647409,4320319565.33,28332821106.16
Solana,1/26/2022,1/27/2022,94.70732654,103.5559,90.28752835,92.2110816,3719005061.33,30194992476.98
Solana,1/25/2022,1/26/2022,91.6137,99.5118,87.77670402,95.05657136,5118615073.00,29004596542.43
Solana,1/24/2022,1/25/2022,99.6677,99.6677,81.29445863,91.8445,4713336684.44,27896178922.45
Solana,1/23/2022,1/24/2022,94.23212946,104.4143854,93.51747769,99.3393,4914005257.78,30908440765.51
Solana,1/22/2022,1/23/2022,112.3464,112.9962187,89.1914,94.16915537,5748163827.47,31604234988.50
Solana,1/21/2022,1/22/2022,127.8005276,128.3916011,107.6603,111.2622,3744282782.67,38429537791.53
Solana,1/20/2022,1/21/2022,135.4354763,143.6871097,127.183843,127.183843,1651862554.22,43263214504.21
Solana,1/19/2022,1/20/2022,141.4575,142.2549625,133.3394,135.3528602,1911475934.10,43094510138.50
Solana,1/18/2022,1/19/2022,139.9170885,141.8557,135.1756,141.3346,1840787666.22,43494344318.40
Solana,1/17/2022,1/18/2022,147.905911,148.1360059,137.5128966,139.9004888,1752488297.33,44732210243.09
Solana,1/16/2022,1/17/2022,147.7297076,151.7695,146.2875833,147.8923207,1469219195.56,46648905183.14
Solana,1/15/2022,1/16/2022,146.2148174,149.3593997,144.492538,147.7722751,1848766664.00,46043226353.81
Solana,1/14/2022,1/15/2022,145.835,150.4357368,142.2961,146.2876098,2880094543.11,46015199573.99
Solana,1/13/2022,1/14/2022,151.5256,157.3150769,145.8665069,146.1437,2907038328.89,47031579676.27
Solana,1/12/2022,1/13/2022,140.2279,152.9423648,138.4877955,151.6441,2327959956.89,45154528036.24
Solana,1/11/2022,1/12/2022,135.8829,143.0968545,134.0668529,140.0026,2504107060.63,42975725878.23
Solana,1/10/2022,1/11/2022,140.7023695,143.5649139,130.5771814,135.8408,2212884764.89,42987942464.48
Solana,1/9/2022,1/10/2022,142.1114539,145.2098124,138.2455338,140.8695259,3426625859.56,44108261109.31
Solana,1/8/2022,1/9/2022,136.202,147.8404059,133.7727,142.6471004,3072788758.22,44183443793.09
Solana,1/7/2022,1/8/2022,150.4091583,150.4091583,134.8104183,136.3547,3366760194.67,43598562372.19
Solana,1/6/2022,1/7/2022,154.4733,154.5278,146.7764195,150.4974848,3159910652.44,46560905158.98
Solana,1/5/2022,1/6/2022,167.9258437,171.1638,145.824,155.144,1741075375.56,51365138784.60
Solana,1/4/2022,1/5/2022,170.3394,173.7737,166.7674417,168.0187061,1829126638.22,52404188370.20
Solana,1/3/2022,1/4/2022,176.5189,176.5189,167.1087711,170.3803,1269216517.78,53402446744.01
Solana,1/2/2022,1/3/2022,178.6942,179.3228,174.7322,176.4474,1322319492.89,54579938622.05
Solana,1/1/2022,1/2/2022,170.0646317,178.7605784,170.0646317,177.9595,1608896641.33,53798973668.58
Solana,12/31/2021,1/1/2022,172.5548,177.3247,168.0590588,170.5522368,1723805669.78,53509645644.09
Solana,12/30/2021,12/31/2021,170.565653,175.5509084,168.7205697,172.586,2531993569.78,53494867898.10
Solana,12/29/2021,12/30/2021,177.3768,180.5379258,170.5771066,170.8940771,3004570812.44,54445369660.47
Solana,12/28/2021,12/29/2021,195.7276286,195.7276286,177.3343579,178.1742,3030510626.67,57831046266.57
Solana,12/27/2021,12/28/2021,198.0239401,204.338,195.5965799,195.5965799,2220041161.33,61792337964.31
Solana,12/26/2021,12/27/2021,193.3022211,199.9197,191.2173,198.1020112,2190881748.89,60606019898.62
Solana,12/25/2021,12/26/2021,190.2624,194.8597,189.6534,194.3161999,2533943400.89,59416213985.22
Solana,12/24/2021,12/25/2021,190.2214567,197.0826179,186.1251093,190.2602,2877585568.00,58868916450.94
Solana,12/23/2021,12/24/2021,178.496,193.3483429,176.3199734,190.4149289,2323269410.67,56270318950.20
Solana,12/22/2021,12/23/2021,179.9044,187.2861,177.969231,178.6415195,2227257734.67,56313529402.58
Solana,12/21/2021,12/22/2021,173.8373857,182.2775823,170.5604235,180.1013,2449339318.67,54901422374.94
Solana,12/20/2021,12/21/2021,180.1668106,181.0292325,169.2630461,174.0579768,2224474955.56,53886300778.33
Solana,12/19/2021,12/20/2021,182.8824166,188.355274,179.1268077,179.7937,2013713148.42,56628618594.47
Solana,12/18/2021,12/19/2021,175.5064213,184.0397,171.7904575,182.8463726,3005389005.97,55042349772.88
Solana,12/17/2021,12/18/2021,176.8608,182.029341,168.7565252,175.9584984,3547047426.67,54546118311.07
Solana,12/16/2021,12/17/2021,178.2492,188.723191,174.8393,177.3525,4762256766.22,55845297345.97
Solana,12/15/2021,12/16/2021,161.2649296,181.2028565,158.2447,178.0805,3296436118.22,51179474992.57
Solana,12/14/2021,12/15/2021,155.3298,162.1963648,150.0032,161.190991,3472294476.71,48048432342.08
Solana,12/13/2021,12/14/2021,173.3835,173.3835,149.7356,155.5458,2170064930.37,50112776586.58
Solana,12/12/2021,12/13/2021,171.7333365,176.6337031,168.0947629,174.0629988,1731164958.22,52690858520.77
Solana,12/11/2021,12/12/2021,167.9701,173.6332911,162.3042,172.0419719,3063470030.22,52266617381.37
Solana,12/10/2021,12/11/2021,181.4538549,184.0604738,170.0428,170.0428,2783401389.05,54418793449.72
Solana,12/9/2021,12/10/2021,194.6093589,196.472141,179.3678,182.2988714,2692582865.78,57604827224.14
Solana,12/8/2021,12/9/2021,190.3770066,195.9678444,184.7744,194.524783,3168763214.22,58566797653.61
Solana,12/7/2021,12/8/2021,194.2020187,203.6676,188.6834,190.1069564,4301289845.33,60333604952.96
Solana,12/6/2021,12/7/2021,196.424,197.3900329,177.3631,193.5299148,4901914606.22,57553434918.69
Solana,12/5/2021,12/6/2021,201.2961822,203.2426498,183.0407,196.5901,5604537304.00,59465303200.72
Solana,12/4/2021,12/5/2021,211.1643,211.7144,176.383,200.5117632,8550450442.67,60807737258.26
Solana,12/3/2021,12/4/2021,233.8379765,238.8238881,208.8010427,212.4651,5715807473.78,69526185548.15
Solana,12/2/2021,12/3/2021,229.8954,242.8836992,221.567034,232.2758612,5711497888.00,70001903807.34
Solana,12/1/2021,12/2/2021,208.9585193,231.7400067,208.8554926,229.7919,4466716161.78,67698691224.32
Solana,11/30/2021,12/1/2021,204.4420151,217.631,200.322066,209.4338844,3309286423.11,63344187145.29
Solana,11/29/2021,11/30/2021,200.8606311,212.4454955,200.3363439,204.9744578,3008227309.33,62404154053.41
Solana,11/28/2021,11/29/2021,193.0520757,201.5720898,183.3502,200.751462,2181793162.22,57766718762.90
Solana,11/27/2021,11/28/2021,191.8807493,199.2731744,191.2447386,192.5231836,3337996656.00,59583254516.56
Solana,11/26/2021,11/27/2021,210.0996499,210.3859925,183.7922485,192.0525756,3835055813.33,60058545528.46
Solana,11/25/2021,11/26/2021,205.9071,216.1009,202.7426607,210.0978935,3464433984.89,63795430255.00
Solana,11/24/2021,11/25/2021,221.8810265,222.4524066,200.8905578,205.2073,3013224311.11,64700544499.78
Solana,11/23/2021,11/24/2021,216.0026888,225.7957263,211.457,222.3052027,3837727257.78,66310970666.55
Solana,11/22/2021,11/23/2021,231.6200523,231.6200523,212.8865283,216.5642,4719564957.54,66981124964.29
Solana,11/21/2021,11/22/2021,218.0658587,235.0435,211.0617165,230.0314223,2616478325.33,66226510933.30
Solana,11/20/2021,11/21/2021,215.4836419,220.950673,207.1692,218.2771163,3624830462.22,65340465831.37
Solana,11/19/2021,11/20/2021,195.4870279,218.8421,190.2282,214.9602228,5630805706.67,62561802223.03
Solana,11/18/2021,11/19/2021,218.7655,222.5850587,189.2526,194.4231,4058569776.89,62865384999.76
Solana,11/17/2021,11/18/2021,219.1765738,221.1193616,210.6205203,218.8295,4263635746.67,65460544265.04
Solana,11/16/2021,11/17/2021,238.0876,238.0876,216.605,219.3822,4538443643.56,68541140434.57
Solana,11/15/2021,11/16/2021,238.3895705,245.7677096,235.7537502,238.1113748,2998682646.38,73123874102.56
Solana,11/14/2021,11/15/2021,241.1312,241.1312,230.9529273,238.0447894,2788588714.37,71644419918.09
Solana,11/13/2021,11/14/2021,228.9389858,241.7979,225.324592,240.7922834,3383374718.66,70145195931.93
Solana,11/12/2021,11/13/2021,233.8522239,238.6009,221.8636605,229.0232478,3769476895.11,69639064309.98
Solana,11/11/2021,11/12/2021,233.6800528,246.4173335,230.220918,234.5849251,5749053546.67,72475543294.47
Solana,11/10/2021,11/11/2021,239.1726107,247.8623064,219.2459,232.6225051,3681142604.44,72477269606.15
Solana,11/9/2021,11/10/2021,248.695022,252.4471659,238.6362612,239.1709,3899375293.99,74059498337.36
Solana,11/8/2021,11/9/2021,249.6873418,253.1571,241.4632,249.2478175,4179704531.24,74528139317.54
Solana,11/7/2021,11/8/2021,258.6728678,258.6728678,246.3765402,249.8023063,4991307972.44,76202282167.37
Solana,11/6/2021,11/7/2021,236.4715873,259.5182,235.5124824,258.6380164,4591489965.33,74433275251.80
Solana,11/5/2021,11/6/2021,247.5017188,248.0464632,231.5124,236.8216033,5584136916.44,71981187481.66
Solana,11/4/2021,11/5/2021,243.1116984,249.9133788,236.1303191,247.6926063,7646717160.89,72773671864.73
Solana,11/3/2021,11/4/2021,220.1544861,246.2113,216.7785511,240.2415045,7162920846.22,69355869156.67
Solana,11/2/2021,11/3/2021,203.6019064,221.8774888,201.3236744,221.8774888,3485961080.42,62473959963.57
Solana,11/1/2021,11/2/2021,202.5646314,211.2127679,198.7075589,203.7019143,4724554888.00,61536804546.36
Solana,10/31/2021,11/1/2021,195.1972011,204.9732578,186.4172,202.469053,2789878957.33,58322366682.73
Solana,10/30/2021,10/31/2021,200.2550106,200.393821,188.8824674,193.8213232,2703953584.00,58862753264.33
Solana,10/29/2021,10/30/2021,194.8094344,204.7002434,194.8094344,200.0611653,4345289766.22,60234443987.77
Solana,10/28/2021,10/29/2021,184.4951,200.1092,182.4549,194.4745486,6126345297.78,58307566773.05
Solana,10/27/2021,10/28/2021,199.8553,205.2627071,182.5771551,184.6728,6292665324.44,58274684088.86
Solana,10/26/2021,10/27/2021,210.2675954,213.9695033,198.5153,200.144,6289226750.22,62367947122.58
Solana,10/25/2021,10/26/2021,202.2590446,218.4117,198.5874837,209.9488164,7388983176.89,62772844915.83
Solana,10/24/2021,10/25/2021,197.6072,204.1107992,185.8363959,201.679875,4589256324.44,58363126825.25
Solana,10/23/2021,10/24/2021,196.2742504,205.2519576,193.1032286,197.3057,9665771580.44,59871062053.76
Solana,10/22/2021,10/23/2021,190.4623418,213.6269175,188.6510544,196.7739196,12339268373.33,60927141659.74
Solana,10/21/2021,10/22/2021,176.4623196,193.4130629,176.4623196,189.7902915,10384649479.11,55855646077.41
Solana,10/20/2021,10/21/2021,156.0524,175.0161177,155.5705,175.0161177,2936255355.11,49034129527.31
Solana,10/19/2021,10/20/2021,157.2666,159.423,153.5861769,156.2192,2117936615.30,47117423910.80
Solana,10/18/2021,10/19/2021,159.8744276,162.7930328,155.3446375,156.9973,3141748324.25,47610037559.53
Solana,10/17/2021,10/18/2021,157.5692545,167.1736248,155.1093824,159.6183847,3020903578.51,48516073012.07
Solana,10/16/2021,10/17/2021,162.8210057,164.6683,156.9546,157.9888469,4121105718.28,47944085387.18
Solana,10/15/2021,10/16/2021,149.8538463,164.8054,147.2771815,162.7954018,4870726372.15,47431969347.86
Solana,10/14/2021,10/15/2021,148.1995,155.4569,147.5178,149.9141265,3024524845.97,45301825884.04
Solana,10/13/2021,10/14/2021,152.7515769,154.7029229,144.7351747,148.3009,4460915837.74,44252280031.95
Solana,10/12/2021,10/13/2021,144.5535107,152.6841311,138.3835,152.6841311,3610022211.22,43516918588.01
Solana,10/11/2021,10/12/2021,147.9142,153.9538878,140.9225,144.5535107,2885472002.71,44462600567.31
Solana,10/10/2021,10/11/2021,156.9797675,157.8296636,147.7521,147.7521,2267754398.67,46165740959.29
Solana,10/9/2021,10/10/2021,158.8979,161.2424853,155.1263102,157.2163985,3631688742.22,47442036749.74
Solana,10/8/2021,10/9/2021,154.2612251,168.4334966,152.9652,158.5259,4269959027.56,48011699206.11
Solana,10/7/2021,10/8/2021,154.0390558,160.4474638,150.7816408,154.1652634,4799475872.56,46417372885.26
Solana,10/6/2021,10/7/2021,164.6542136,165.1742066,150.8838547,154.2040651,4826951023.11,47016654765.25
Solana,10/5/2021,10/6/2021,167.4498,169.7431935,160.8085206,164.2239873,4797771276.44,49415004993.27
Solana,10/4/2021,10/5/2021,172.6932,172.6932,163.607398,167.4461,5646804924.44,50144316357.89
Solana,10/3/2021,10/4/2021,169.1877089,177.2027571,167.0856845,172.3314,6089911107.56,51284380347.14
Solana,10/2/2021,10/3/2021,161.7180713,174.8007,156.5444294,169.4033,6713333032.89,48942425505.16
Solana,10/1/2021,10/2/2021,141.0307309,164.5475,138.5779901,161.3086626,5031126938.67,44798685643.70
Solana,9/30/2021,10/1/2021,135.2805,142.2869,134.4524977,141.0784659,3765317400.00,41170368149.67
Solana,9/29/2021,9/30/2021,131.6088,139.8952,131.6088,135.1236,4392905773.81,40599883220.19
Solana,9/28/2021,9/29/2021,136.096407,138.9919,128.6958,131.042,4840941136.64,39920677377.46
Solana,9/27/2021,9/28/2021,136.0262,148.055,134.3523,136.7463192,5075460795.01,42214523878.90
Solana,9/26/2021,9/27/2021,136.2198674,139.192,126.6727,135.8722,4103029276.69,39858936401.82
Solana,9/25/2021,9/26/2021,139.3898,143.69174,134.1953458,136.7410682,5487367373.16,41325170007.29
Solana,9/24/2021,9/25/2021,149.9598,150.5053,129.6161,139.3743,6602106559.55,41866383037.38
Solana,9/23/2021,9/24/2021,148.0486266,152.1224831,143.4278196,149.918,8194202147.68,43948025178.73
Solana,9/22/2021,9/23/2021,123.94,150.3683,122.3642,148.034131,9773130574.22,40349726531.49
Solana,9/21/2021,9/22/2021,132.3791,143.925,117.8889343,123.0982,10463883488.00,40228310465.92
Solana,9/20/2021,9/21/2021,152.843,152.843,131.422,133.655,7815031647.44,42241596736.25
Solana,9/19/2021,9/20/2021,169.4789,170.574,151.3881,152.7933,8172104474.67,47622659402.82
Solana,9/18/2021,9/19/2021,147.49,170.8915,144.717,169.9447,9184003221.85,46726952673.96
Solana,9/17/2021,9/18/2021,152.4572,153.3986,135.456,147.7036,7018371717.33,42837301077.46
Solana,9/16/2021,9/17/2021,159.1614,162.6055,147.8373,152.1697,5820156151.97,46349716756.26
Solana,9/15/2021,9/16/2021,158.381,166.1549,154.6738794,158.9041,10800680421.24,47403496847.33
Solana,9/14/2021,9/15/2021,169.6143716,170.4668104,143.9903,158.4591,8731380507.65,47868484288.52
Solana,9/13/2021,9/14/2021,174.6853,174.6853,151.3925099,169.31549,8338291685.24,47372866568.46
Solana,9/12/2021,9/13/2021,178.6578,181.1775763,171.4191,174.7455,6552845561.76,52041299582.54
Solana,9/11/2021,9/12/2021,179.5162,191.9843323,176.0437,177.5419,12050393755.21,53711953033.14
Solana,9/10/2021,9/11/2021,188.173,195.9525975,169.8725314,178.2436,15180429768.31,53396963055.28
Solana,9/9/2021,9/10/2021,191.0319,213.9422,183.1677,187.4374,25349094648.89,58955555821.32
Solana,9/8/2021,9/9/2021,172.865,196.6891758,147.818,188.2778,26835579050.67,50195668118.32
Solana,9/7/2021,9/8/2021,164.3335,194.0821528,139.7067,172.4473,22987979491.56,51675838445.91
Solana,9/6/2021,9/7/2021,142.1029,165.6350514,139.1824,164.375,6717611011.63,43452610826.20
Solana,9/5/2021,9/6/2021,139.1842057,144.9561371,135.4799,142.2485,5571833277.99,40773543430.30
Solana,9/4/2021,9/5/2021,146.4493599,150.2724,137.1802,139.8179454,10286880067.56,41905993753.76
Solana,9/3/2021,9/4/2021,128.4032,148.4709,128.4032,146.0080424,13409291038.43,40757116217.52
Solana,9/2/2021,9/3/2021,111.0507,131.56,110.0753,128.5771,6686381671.83,34552385589.28
Solana,9/1/2021,9/2/2021,108.5273,119.2843,106.8278,111.2503,11165725515.19,32811137839.44
Solana,8/31/2021,9/1/2021,110.3012,129.4881,103.8229917,108.8281,11442961589.97,33686648333.30
Solana,8/30/2021,8/31/2021,94.3229,115.9153665,93.97201692,109.8693,5048867580.43,29961458710.33
Solana,8/29/2021,8/30/2021,96.6951,97.7188,91.004,94.3016,4184413448.98,27272244712.06
Solana,8/28/2021,8/29/2021,88.1053,97.67404316,85.7904409,97.2368,4298713765.86,26570632651.19
Solana,8/27/2021,8/28/2021,74.9795,88.76610082,73.321,87.908,5991577248.56,24098036197.92
Solana,8/26/2021,8/27/2021,71.9428,77.8991,66.46630352,75.9092,3106109332.59,20939159348.16
Solana,8/25/2021,8/26/2021,70.6881,72.68939607,66.6488,71.7688,2875253644.53,20427277448.15
Solana,8/24/2021,8/25/2021,75.7637,79.19188288,69.46382571,70.5741,3070086656.00,21778694200.34
Solana,8/23/2021,8/24/2021,73.13874768,76.47875576,71.9347,75.89,1904251821.94,21071695740.86
Solana,8/22/2021,8/23/2021,73.91531481,77.425,71.6621,73.13874768,2009985914.20,21404501073.81
Solana,8/21/2021,8/22/2021,78.67867577,81.38980606,72.84623703,74.3356,3443000262.02,22029864894.29
Solana,8/20/2021,8/21/2021,72.8677,79.90663639,71.105,78.85945503,3312778126.22,21174252738.50
Solana,8/19/2021,8/20/2021,72.6945,75.0006,68.8627,73.0034,6606063200.00,20632013168.40
Solana,8/18/2021,8/19/2021,64.2287,80.0355,60.5362,73.552,8230446065.78,20559203675.53
Solana,8/17/2021,8/18/2021,62.3661,74.3411497,60.6095,63.455,7972356347.51,19679894196.20
Solana,8/16/2021,8/17/2021,53.7446,68.77137137,52.5482,61.9729,5311581231.28,17882560550.88
Solana,8/15/2021,8/16/2021,44.1358,54.4743,43.5707,53.8604,966377503.89,13620565205.53
Solana,8/14/2021,8/15/2021,44.88763216,44.88763216,43.16622827,44.142,637683667.56,12584219149.86
Solana,8/13/2021,8/14/2021,41.1144,44.89519798,40.7587,44.89519798,719411890.00,12343082453.84
Solana,8/12/2021,8/13/2021,41.7737,43.3525,39.5563,41.1665,749622524.22,11722536663.46
Solana,8/11/2021,8/12/2021,40.67038134,43.52238029,40.67038134,41.8936,757367004.00,11669144634.37
Solana,8/10/2021,8/11/2021,38.75385925,41.60322846,38.2551,40.59948811,755204378.00,10946424230.67
Solana,8/9/2021,8/10/2021,37.69761047,40.0049,36.58554179,38.75509727,598196045.00,10498681762.47
Solana,8/8/2021,8/9/2021,39.46,39.54165682,36.9708979,37.70344758,731065549.56,10439678666.17
Solana,8/7/2021,8/8/2021,39.4705599,40.49198058,37.71,39.55085481,887418543.22,10708323266.48
Solana,8/6/2021,8/7/2021,37.38660044,40.37,35.75821583,39.47449211,938042405.78,10338352935.34
Solana,8/5/2021,8/6/2021,35.77893835,38.13241463,35.56645628,37.44279539,826407339.26,10049280016.70
Solana,8/4/2021,8/5/2021,34.1,36.58494783,33.3,35.80015173,717319120.22,9489641578.32
Solana,8/3/2021,8/4/2021,33.2180033,35.6223991,32.5,34.2,681171732.52,9275964619.85
Solana,8/2/2021,8/3/2021,34.26011092,35.89,33.09,33.18136116,727176924.32,9336348058.82
Solana,8/1/2021,8/2/2021,36.95164614,36.95164614,33.67754232,34.3901191,922638558.10,9651001177.61
Solana,7/31/2021,8/1/2021,32.41,36.49531292,31.9,36.49531292,956494293.41,9198012921.10
Solana,7/30/2021,7/31/2021,31.28,33.03,30.19359455,32.32,985849606.22,8591941529.09
Solana,7/29/2021,7/30/2021,27.86,31.82,27.38751353,31.31,455779244.89,7916863174.60
Solana,7/28/2021,7/29/2021,28.08,28.72,27.4469084,27.83,515405772.49,7646299924.02
Solana,7/27/2021,7/28/2021,28.25,28.93,27.0619695,28,710346592.33,7602888969.39
Solana,7/26/2021,7/27/2021,28.18,30.94138522,27.98632543,28.18,788062320.28,8115177955.56
Solana,7/25/2021,7/26/2021,28.68414631,28.84,26.57751946,28.1,447342974.88,7596623739.90
Solana,7/24/2021,7/25/2021,28.51391797,29.46,28.12245275,28.63,518518232.20,7826672348.03
Solana,7/23/2021,7/24/2021,27.7,28.61,26.46190387,28.49150834,480969144.08,7508258847.43
Solana,7/22/2021,7/23/2021,26.64,28.10465812,25.97,27.73,636276512.89,7396566212.76
Solana,7/21/2021,7/22/2021,23.49,27.34214167,22.92,26.67,662499273.14,6969557007.64
Solana,7/20/2021,7/21/2021,24.45,24.92,22.19,23.47,592936292.35,6357680568.37
Solana,7/19/2021,7/20/2021,26.74,26.74,24.0629652,24.58,391024146.33,6849887455.42
Solana,7/18/2021,7/19/2021,26.76,27.68,26.4,26.85,371776239.61,7372441459.57
Solana,7/17/2021,7/18/2021,26.34,27.57,26.06,26.81,516093036.22,7249458452.85
Solana,7/16/2021,7/17/2021,28.35427649,29.38,26.26,26.26,546260568.00,7614275225.97
Solana,7/15/2021,7/16/2021,31.34132529,31.47,28.04,28.33190912,624690858.37,8067746681.75
Solana,7/14/2021,7/15/2021,29.13323844,31.39,27.53,31.21964278,545455684.00,8035499867.12
Solana,7/13/2021,7/14/2021,30.85068775,31.04429482,28.98,29.02272734,434634244.78,8204092050.45
Solana,7/12/2021,7/13/2021,32.1694746,32.63,30.17,30.91493132,398460071.00,8583863578.37
Solana,7/11/2021,7/12/2021,31.77821282,32.49,31.41,32.12490553,496507527.14,8718686339.93
Solana,7/10/2021,7/11/2021,33.30563586,34.11537549,31.39,31.67679647,536427875.22,8926987939.77
Solana,7/9/2021,7/10/2021,33.17184459,34.33285337,32.04,33.39744123,717162024.00,9042826543.89
Solana,7/8/2021,7/9/2021,36.71966963,36.8518205,32.8,33.17289306,1049869895.78,9459694580.05
Solana,7/7/2021,7/8/2021,34.24717832,37.99,33.89717003,36.59720208,755357086.55,9825091194.59
Solana,7/6/2021,7/7/2021,32.9224939,34.97,32.9224939,34.18965796,612049031.78,9197976443.46
Solana,7/5/2021,7/6/2021,34.34089158,34.45,32.47,33.02953548,554232311.22,9151686208.05
Solana,7/4/2021,7/5/2021,34.48964362,35.45,33.69100613,34.33830046,554703772.67,9482665271.35
Solana,7/3/2021,7/4/2021,33.99216863,35.35,33.31,34.47003239,760478831.22,9396016853.41
Solana,7/2/2021,7/3/2021,33.32,33.95,31.57810628,33.90759649,907892014.89,8893534164.28
Solana,7/1/2021,7/2/2021,35.52417682,35.52417682,32.41047723,33.54,1103381595.75,9209687547.59
Solana,6/30/2021,7/1/2021,33.85866364,35.92634562,31.81,35.72301356,977620196.35,9053680528.45
Solana,6/29/2021,6/30/2021,32.97,35.74,32.75,33.91138604,953278744.08,9334579073.17
Solana,6/28/2021,6/29/2021,31.87,34.12,31.07,33,963511720.11,8794207978.37
Solana,6/27/2021,6/28/2021,29.69,31.79,29.4,31.79,1104494107.49,8269454750.62
Solana,6/26/2021,6/27/2021,29.04456504,29.94997026,26.74168161,29.27,1297023510.18,7752778270.21
Solana,6/25/2021,6/26/2021,31.34854935,32.85,28.04481273,29.04456504,1273964839.97,8285374103.65
Solana,6/24/2021,6/25/2021,30.85,32.9011391,28.54,31.34854935,1611701713.18,8297923620.65
Solana,6/23/2021,6/24/2021,26.77,32.56,25.8,30.96,2529754368.00,8218275926.63
Solana,6/22/2021,6/23/2021,26.66,28.42,20.73,26.68,1838247469.94,7046208099.74
Solana,6/21/2021,6/22/2021,35.30068349,35.34676746,26.06,26.59,1197409398.43,8327244306.52
Solana,6/20/2021,6/21/2021,35.26,35.82,31.42256726,35.29739276,679500236.22,9399841019.14
Solana,6/19/2021,6/20/2021,36.59,37.29,35.11,35.36,788644078.67,9825307543.25
Solana,6/18/2021,6/19/2021,39.23,39.35,35.11819741,36.53,810347888.89,10253921813.67
Solana,6/17/2021,6/18/2021,39.61502792,41.16,38.34032393,39.24,1142606970.43,10893786829.06
Solana,6/16/2021,6/17/2021,39.53,41.37,37.58,39.56901309,911117781.85,10663966426.92
Solana,6/15/2021,6/16/2021,39.71,41.63008116,39.41535945,39.5,1069797730.89,11014600144.48
Solana,6/14/2021,6/15/2021,38.77,40.38,36.84501412,39.55,1042937457.78,10471736181.54
Solana,6/13/2021,6/14/2021,36.42,39.31965432,34.76,38.65,864815035.78,9975385642.06
Solana,6/12/2021,6/13/2021,36.14,37.49,34.36,36.57,1232840393.33,9886617945.74
Solana,6/11/2021,6/12/2021,41.05,41.05,35.41,35.93,1083287432.44,10537569017.17
Solana,6/10/2021,6/11/2021,41.98974025,42.88,39.75,41.3,1667584764.43,11282427956.74
Solana,6/9/2021,6/10/2021,41.3423557,43.83884168,39.36,41.99659518,2919698201.78,11472367060.92
Solana,6/8/2021,6/9/2021,38.31,42.40234052,34,41.21396416,2320945892.70,10307909508.79
Solana,6/7/2021,6/8/2021,42.28,43.93232388,38.41171505,38.41171505,1582959767.56,11598146878.15
Solana,6/6/2021,6/7/2021,39.71,43.26,39.06,42.29,1629581467.97,11221304730.51
Solana,6/5/2021,6/6/2021,37.43,42.49251165,37.36,39.5,1809106536.89,11018374674.54
Solana,6/4/2021,6/5/2021,39.47,39.47,34.58,37.64,1800541819.11,10214386608.38
Solana,6/3/2021,6/4/2021,34.02,40.92032143,33.81,39.47,1199716207.78,10242606396.05
Solana,6/2/2021,6/3/2021,31,34.70444275,30.49,34.13,728490832.22,8890562060.88
Solana,6/1/2021,6/2/2021,32.78720796,33.15,30.02,30.97,863081442.34,8589634201.64
Solana,5/31/2021,6/1/2021,28.58,32.93,27.62,32.64929411,737704115.29,8358891329.67
Solana,5/30/2021,5/31/2021,27.35,29.53,25.69417029,28.52348688,665696708.92,7704797913.65
Solana,5/29/2021,5/30/2021,29.03,29.97145177,25.85,27.42,772938096.44,7642505007.14
Solana,5/28/2021,5/29/2021,33.67312655,34.45401002,28.14,29.05,905841475.12,8451219459.93
Solana,5/27/2021,5/28/2021,35.47249692,35.47249692,31.28,33.71949629,1227392813.11,9208502571.63
Solana,5/26/2021,5/27/2021,30.05033778,37.17622952,29.15950924,35.51106255,1517260896.00,9216227107.36
Solana,5/25/2021,5/26/2021,31.31665964,32.92575577,26.34959972,29.98877097,1664279551.11,7949868878.60
Solana,5/24/2021,5/25/2021,24.81092642,31.99,24.78332466,31.09133325,2635419293.09,7859016613.96
Solana,5/23/2021,5/24/2021,31.34,32.36,19.56,24.78182616,1969364876.89,7019655272.63
Solana,5/22/2021,5/23/2021,38.81663654,39.90398704,31.24862275,31.49,1943408915.62,9734782163.84
Solana,5/21/2021,5/22/2021,44.45,47.31626655,34.06,38.53808655,2822305244.77,11330723211.86
Solana,5/20/2021,5/21/2021,35.14037714,49.20491458,32.47570751,44.41504057,3429503995.17,11472620913.27
Solana,5/19/2021,5/20/2021,55.95561295,57.53659488,31.89203019,35.59416122,3575923802.27,12460423697.36
Solana,5/18/2021,5/19/2021,46.77876912,58.11,46.37651778,56.18796941,2840457382.71,14241096542.16
Solana,5/17/2021,5/18/2021,47.09,51.68489146,43.83,46.97423052,3215489997.02,13142671238.51
Solana,5/16/2021,5/17/2021,43.53,52.13667844,42.21396977,47.17,1617465265.62,12732942689.85
Solana,5/15/2021,5/16/2021,42.80824795,45.22,39.50820791,43.63,733993180.09,11371352923.26
Solana,5/14/2021,5/15/2021,41.01513315,44.79027879,40.17873682,42.82,1121807787.37,11523747015.43
Solana,5/13/2021,5/14/2021,43.27387418,45.3223184,37.99099877,41.05126165,1966892553.30,11460222071.99
Solana,5/12/2021,5/13/2021,44.6457575,49.0306146,43.00176869,44.18659297,1003942090.96,12404458611.72
Solana,5/11/2021,5/12/2021,42.92341653,45.11688223,39.86,44.80974232,834438162.19,11416470424.15
Solana,5/10/2021,5/11/2021,44.37975603,45.88,39.98296588,42.82191614,719637404.54,12052790788.26
Solana,5/9/2021,5/10/2021,45.68015519,47.01857154,43.40875606,44.37124413,910292988.93,12228781762.69
Solana,5/8/2021,5/9/2021,43.22,46.42756157,42.57,45.7077507,806192588.98,12033818960.82
Solana,5/7/2021,5/8/2021,43.55,46.07601675,41.57618657,43.02,726431106.02,11758926530.58
Solana,5/6/2021,5/7/2021,45.01,45.01,42.70238451,43.57,706493226.04,11950216416.37
Solana,5/5/2021,5/6/2021,42.69305809,45.91320158,42.69305809,44.93,960346469.86,12162725623.96
Solana,5/4/2021,5/5/2021,45.97999191,47.53987954,42.76841,42.76841,1148267574.23,12330000920.60
Solana,5/3/2021,5/4/2021,46.93,49.02,45.19021588,46.16698481,896179671.44,12980107086.00
Solana,5/2/2021,5/3/2021,49.53252278,49.90003646,46.05893208,46.96,1352624131.18,12920324198.98
Solana,5/1/2021,5/2/2021,43.00037534,49.8495013,42.14700478,49.8495013,980969054.80,12251596970.57
Solana,4/30/2021,5/1/2021,42.54,44.24612876,41.33,43.02282382,1005729302.04,11623279368.16
Solana,4/29/2021,4/30/2021,44.91132417,45.92692893,41.1,42.64346306,1385037113.69,11716316886.12
Solana,4/28/2021,4/29/2021,43.32329247,46.87888096,40.92827826,45.0625355,1529088526.20,11947799138.18
Solana,4/27/2021,4/28/2021,43.9210309,46.49760445,42.72771667,43.21110363,1672599295.81,12036156191.67
Solana,4/26/2021,4/27/2021,47.4964724,48.15979256,43.69126795,44.42383074,2644157521.71,12484868599.94
Solana,4/25/2021,4/26/2021,40.9106691,48.42378483,40.78,47.63696144,2132114268.46,11721830658.70
Solana,4/24/2021,4/25/2021,36.9791273,43.25765848,34.94486729,40.83646123,1659282256.48,10187653610.13
Solana,4/23/2021,4/24/2021,39.06440498,41.10140349,31.9,36.96481909,2880981873.65,9603033186.88
Solana,4/22/2021,4/23/2021,32.49,40.68,31.88443306,39.05733984,1729827169.95,10006439069.97
Solana,4/21/2021,4/22/2021,31.82,34.91,30.25391024,32.51,1097170970.95,8769938581.68
Solana,4/20/2021,4/21/2021,31.67438956,32.4250757,29.14587339,31.81,1673288817.97,8293721235.69
Solana,4/19/2021,4/20/2021,32.36728838,35.93162369,29.99078922,31.73426822,1895401727.84,8716021555.93
Solana,4/18/2021,4/19/2021,24.87,32.93617597,20.81099601,32.36162236,1002123697.43,7272084366.98
Solana,4/17/2021,4/18/2021,25.3524042,26.7602778,24.98,24.98,416401085.87,6984909703.97
Solana,4/16/2021,4/17/2021,27.83,28.21322298,25.13780272,25.40204947,439985809.87,7148680975.01
Solana,4/15/2021,4/16/2021,26.43049081,28.23,25.57069815,27.84,494443365.10,7246791138.01
Solana,4/14/2021,4/15/2021,27.47,27.47,24.88186666,26.43739813,508306357.43,7076864679.66
Solana,4/13/2021,4/14/2021,28.54,28.8,26.51645977,27.52,460819059.92,7434848839.36
Solana,4/12/2021,4/13/2021,27.908911,29.75157182,26.86978656,28.6,531247690.50,7621631099.01
Solana,4/11/2021,4/12/2021,26.83218869,28.6273042,25.62275938,27.86331989,401814392.60,7269439975.26
Solana,4/10/2021,4/11/2021,27.65,28.12650759,26.08,26.84362833,497541469.39,7328059386.35
Solana,4/9/2021,4/10/2021,26.99,28.93,26.81,27.79,597022206.16,7553179096.45
Solana,4/8/2021,4/9/2021,26.45,27.94,25.71,26.99,943466064.15,7159048819.30
Solana,4/7/2021,4/8/2021,24.98,27.39734214,23.11,26.68,857446318.44,6886316830.66
Solana,4/6/2021,4/7/2021,22.97,25.24,21.9,25.05,446180522.19,6262089064.52
Solana,4/5/2021,4/6/2021,23.89,24.68,22.87,23.02,555115002.34,6360682590.85
Solana,4/4/2021,4/5/2021,22.45919681,25.42,22.32,24.06,865506864.55,6417255708.10
Solana,4/3/2021,4/4/2021,19.78,23.74,19.78,22.53,452849189.08,5796570755.30
Solana,4/2/2021,4/3/2021,19.06,19.79,18.57,19.78,263963706.03,5143097394.12
Solana,4/1/2021,4/2/2021,19.42,20.34,18.81,19.06,341299086.35,5221924802.84
Solana,3/31/2021,4/1/2021,19.1,19.8,18.23,19.5,407268206.64,5141759857.94
Solana,3/30/2021,3/31/2021,18.89,20.85,18.89,19.2,483121889.95,5322852920.67
Solana,3/29/2021,3/30/2021,18.02350362,19.01,17.72,18.93,639732511.72,4937424285.98
Solana,3/28/2021,3/29/2021,16.5,19.32658435,16.36,18.03,571128773.33,4821853709.20
Solana,3/27/2021,3/28/2021,14.75,16.77,14.75,16.54,351907486.90,4194939574.07
Solana,3/26/2021,3/27/2021,12.99,14.75,12.36,14.75,266446952.36,3691719563.22
Solana,3/25/2021,3/26/2021,13.61,13.66,12.59,13.01,275217917.57,3517082547.86
Solana,3/24/2021,3/25/2021,14.18,15.33,13.65,13.68,211323704.00,3884162205.70
Solana,3/23/2021,3/24/2021,14.89,15.2,14.11,14.24145075,358091892.87,3897145552.12
Solana,3/22/2021,3/23/2021,14.34,16.57,14.2,14.88,352647838.45,4159007825.31
Solana,3/21/2021,3/22/2021,14.17,14.36,13.65,14.29,166833833.12,3751260605.73
Solana,3/20/2021,3/21/2021,14.17,14.93,14.14,14.22,154928091.13,3883266779.71
Solana,3/19/2021,3/20/2021,14.21,14.48,13.95,14.14,178506348.18,3793871001.67
Solana,3/18/2021,3/19/2021,14.22,14.73,14,14.21,205623125.58,3808873296.75
Solana,3/17/2021,3/18/2021,13.63,14.27,13.14,14.15,194890253.32,3648135367.60
Solana,3/16/2021,3/17/2021,14.19300975,14.3002112,13.26148599,13.63,211014919.38,3656646808.37
Solana,3/15/2021,3/16/2021,14.50309959,14.80326671,13.76871186,14.19954136,213051175.56,3811566038.20
Solana,3/14/2021,3/15/2021,15.31625442,15.36613703,14.38291601,14.60836293,230551546.35,3937165505.20
Solana,3/13/2021,3/14/2021,14.57225432,15.40266469,13.95775699,15.32860472,312492158.07,3931133717.12
Solana,3/12/2021,3/13/2021,16.00840544,16.44406044,14.18669771,14.58674268,413525483.79,4139892215.16
Solana,3/11/2021,3/12/2021,14.25444495,16.24489031,13.69820265,16.00836347,271638816.62,3905365619.28
Solana,3/10/2021,3/11/2021,14.87525588,15.19235213,14.10578817,14.21657256,256684804.04,3882370613.02
Solana,3/9/2021,3/10/2021,13.61854638,14.99539248,13.34751934,14.86323887,235229808.68,3786778628.39
Solana,3/8/2021,3/9/2021,13.85020472,13.88188768,13.09556081,13.61854638,227257730.75,3541451645.86
Solana,3/7/2021,3/8/2021,13.04030095,14.00941451,12.73676257,13.92542619,239590077.05,3507796098.71
Solana,3/6/2021,3/7/2021,12.61179989,13.26641963,11.90707049,13.06657207,169834490.27,3275066338.29
Solana,3/5/2021,3/6/2021,13.10340759,13.10340759,12.19032311,12.58661472,203567371.52,3284003332.99
Solana,3/4/2021,3/5/2021,14.1180538,14.25194184,12.81190183,13.09748096,261486615.39,3538973199.33
Solana,3/3/2021,3/4/2021,13.97554856,14.72063107,13.79232961,14.146417,305002713.99,3731682680.77
Solana,3/2/2021,3/3/2021,14.96081782,15.20871749,13.53436823,13.97554856,372377613.05,3773979910.22
Solana,3/1/2021,3/2/2021,13.11071412,15.48897774,13.11071412,14.99145242,560337445.23,3827649651.51
Solana,2/28/2021,3/1/2021,13.19978454,13.76228606,11.51584492,13.05423473,411079206.85,3266268573.58
Solana,2/27/2021,2/28/2021,13.6049085,14.59952757,13.10879802,13.26615373,512760929.90,3627857955.30
Solana,2/26/2021,2/27/2021,13.88036149,15.46978347,13.14394566,13.56754108,599455279.99,3695447867.50
Solana,2/25/2021,2/26/2021,17.37884197,17.76862926,13.8690231,13.90825618,761734733.34,4202372181.92
Solana,2/24/2021,2/25/2021,15.20130467,18.15639542,14.90059821,17.50658836,1166531454.63,4301223050.37
Solana,2/23/2021,2/24/2021,14.42443072,15.71730086,11.73519886,15.07015366,1336550599.41,3702212286.60
Solana,2/22/2021,2/23/2021,11.08471866,14.46636668,9.137109795,14.46636668,438795382.73,2913851932.33
Solana,2/21/2021,2/22/2021,10.02077863,11.62110222,9.90096921,11.06396107,261468842.57,2779328404.23
Solana,2/20/2021,2/21/2021,11.47025599,11.78757923,9.820738883,9.995212665,368911552.05,2820082146.37
Solana,2/19/2021,2/20/2021,8.989523529,11.73428051,8.570536575,11.44862055,298362738.49,2649857867.23
Solana,2/18/2021,2/19/2021,8.243111215,9.261239368,8.243111215,9.032116725,159177089.91,2282971691.49
Solana,2/17/2021,2/18/2021,8.29850989,8.44191744,7.552424111,8.239563868,160773092.95,2118983372.90
Solana,2/16/2021,2/17/2021,8.870936174,8.982152565,8.002621864,8.308119548,174712092.64,2233398045.67
Solana,2/15/2021,2/16/2021,8.744816491,9.333646579,7.902221738,8.863170321,182627268.41,2259073005.16
Solana,2/14/2021,2/15/2021,8.749633097,9.236626792,8.587312285,8.751515416,193467697.50,2306570689.62
Solana,2/13/2021,2/14/2021,9.242462594,9.525114032,8.703686617,8.749056961,180336329.03,2384280216.96
Solana,2/12/2021,2/13/2021,9.225420127,9.924795328,9.104566858,9.257031487,227860793.36,2481753155.19
Solana,2/11/2021,2/12/2021,9.08459973,9.66923075,8.773885958,9.164049864,270451250.04,2410524494.27
Solana,2/10/2021,2/11/2021,7.827910552,9.034812991,7.674184275,9.034004145,203087205.24,2158130404.85
Solana,2/9/2021,2/10/2021,7.886797451,8.447860866,7.618443404,7.873897529,251644330.58,2076531075.98
Solana,2/8/2021,2/9/2021,6.700144253,8.063981169,6.49452724,7.930734648,240565923.42,1946428699.38
Solana,2/7/2021,2/8/2021,6.113910854,6.873899417,5.769232289,6.681040661,177237356.11,1659988925.05
Solana,2/6/2021,2/7/2021,6.684321346,6.80266049,5.717658816,6.11238116,184192361.87,1600754494.15
Solana,2/5/2021,2/6/2021,6.441018327,7.118219968,6.435755452,6.684321346,193556102.62,1774648838.25
Solana,2/4/2021,2/5/2021,5.734102341,6.536571854,5.6329714,6.446743909,162520066.74,1549165822.43
Solana,2/3/2021,2/4/2021,5.264674238,5.783217067,5.079112334,5.734042835,153993403.17,1398347352.11
Solana,2/2/2021,2/3/2021,4.613307386,5.39095839,4.484223667,5.270184661,165192412.76,1322309371.83
Solana,2/1/2021,2/2/2021,4.267265181,4.609795313,4.121570253,4.609795313,119411397.74,1122942839.31
Solana,1/31/2021,2/1/2021,4.226602106,4.794205649,4.180418642,4.257847389,166572385.92,1151442316.23
Solana,1/30/2021,1/31/2021,3.846063354,4.311803832,3.774600077,4.263461306,93301542.36,1035451255.87
Solana,1/29/2021,1/30/2021,3.823738906,3.900080728,3.637842418,3.900080728,89388722.64,987942272.42
Solana,1/28/2021,1/29/2021,3.693175703,3.936221297,3.612790941,3.829965458,83838892.47,995819746.60
Solana,1/27/2021,1/28/2021,4.053359004,4.053359004,3.531241623,3.692405892,138614808.98,984763368.71
Solana,1/26/2021,1/27/2021,3.697997199,4.095198427,3.694568342,4.039658896,186165455.68,1016368138.34
Solana,1/25/2021,1/26/2021,3.635621644,3.972998019,3.459708043,3.713464092,108210294.64,953732518.46
Solana,1/24/2021,1/25/2021,3.506885232,3.790984781,3.497694715,3.63751894,79112247.74,951293222.98
Solana,1/23/2021,1/24/2021,3.338460991,3.593346518,3.317719292,3.505548351,100955003.40,912655754.62
Solana,1/22/2021,1/23/2021,2.98229721,3.494038231,2.529501608,3.3405474,162379313.58,841427851.23
Solana,1/21/2021,1/22/2021,3.72026786,3.725471213,2.981779954,2.985540581,107192243.27,892509794.45
Solana,1/20/2021,1/21/2021,3.638790029,3.73326262,3.34420806,3.73326262,117210933.00,941062200.93
Solana,1/19/2021,1/20/2021,3.794323699,4.008541436,3.616270816,3.677719282,150744804.01,1001158838.89
Solana,1/18/2021,1/19/2021,3.825611442,4.144430776,3.672954968,3.781503981,224843986.75,1018135547.39
Solana,1/17/2021,1/18/2021,3.442682673,3.964905997,3.332752163,3.832773457,211130139.49,946785985.65
Solana,1/16/2021,1/17/2021,3.251733278,3.684530291,3.251733278,3.45698287,131696917.53,899061720.69
Solana,1/15/2021,1/16/2021,3.283026252,3.432140385,2.982403134,3.247881775,144509339.44,860542839.82
Solana,1/14/2021,1/15/2021,3.525345476,3.544466247,3.186327358,3.282606361,133278838.46,884234330.34
Solana,1/13/2021,1/14/2021,3.626565284,3.626565284,3.278352647,3.517649652,193543629.50,902653403.33
Solana,1/12/2021,1/13/2021,3.106442394,3.844004348,3.067493043,3.592722445,178082273.59,891223859.96
Solana,1/11/2021,1/12/2021,3.455071358,3.494398556,2.612954301,3.107934731,191415509.25,791112716.67
Solana,1/10/2021,1/11/2021,3.383861219,3.73025705,3.190233084,3.470556126,237155648.30,903476863.90
Solana,1/9/2021,1/10/2021,3.222104743,3.672225124,2.952921478,3.383114074,367585690.55,850427161.76
Solana,1/8/2021,1/9/2021,2.36703428,3.713918343,2.190586841,3.224765825,486584542.37,753674529.58
Solana,1/7/2021,1/8/2021,1.895824891,2.58330146,1.887832539,2.372057503,378310095.81,308371602.34
Solana,1/6/2021,1/7/2021,2.145471232,2.154975588,1.823917339,1.888909655,159021111.89,93444947.22
Solana,1/5/2021,1/6/2021,2.490545349,2.500469745,2.075472577,2.151382441,159833851.36,105395226.53
Solana,1/4/2021,1/5/2021,2.174927212,2.452241589,1.884155722,2.450935268,174982334.11,103176791.52
Solana,1/3/2021,1/4/2021,1.789786621,2.342064083,1.789786621,2.117642894,122587848.47,94870067.26
Solana,1/2/2021,1/3/2021,1.836459368,1.973781409,1.722825071,1.787784394,89516717.07,84025969.21
Solana,1/1/2021,1/2/2021,1.506006501,1.850775958,1.497772311,1.838092278,49754951.50,76727820.24
Solana,12/31/2020,1/1/2021,1.533060513,1.548184938,1.430291675,1.51435567,38162268.59,69852523.62
Solana,12/30/2020,12/31/2020,1.668885783,1.671363258,1.52939558,1.535850717,62624369.85,73995267.70
Solana,12/29/2020,12/30/2020,1.515191778,1.725452191,1.436647698,1.663872314,59001699.92,72549890.77
Solana,12/28/2020,12/29/2020,1.301907186,1.518126498,1.291316226,1.515129736,32883236.34,64419077.03
Solana,12/27/2020,12/28/2020,1.322380392,1.40415064,1.270651666,1.303695896,27238752.97,61586618.84
Solana,12/26/2020,12/27/2020,1.445229609,1.445229609,1.314125381,1.324155236,23110084.27,64264304.36
Solana,12/25/2020,12/26/2020,1.361701017,1.451457957,1.348751945,1.445198443,27931090.54,65610374.86
Solana,12/24/2020,12/25/2020,1.199764808,1.385124371,1.173375154,1.363652259,44460299.00,59964229.28
Solana,12/23/2020,12/24/2020,1.490897693,1.510064953,1.098579736,1.205314985,33506962.64,63078805.33
Solana,12/22/2020,12/23/2020,1.53657151,1.57078693,1.476232615,1.490632232,24996720.79,70940807.64
Solana,12/21/2020,12/22/2020,1.564133001,1.616884376,1.500356826,1.542034951,26509301.53,72392770.62
Solana,12/20/2020,12/21/2020,1.66882614,1.685192173,1.52715609,1.567922206,26276267.35,76022021.30
Solana,12/19/2020,12/20/2020,1.698552011,1.762616406,1.665772721,1.669798951,28674152.84,79766528.43
Solana,12/18/2020,12/19/2020,1.679341675,1.70695645,1.638768321,1.698552011,33898207.31,77867982.19
Solana,12/17/2020,12/18/2020,1.784830286,1.802493665,1.663104029,1.678343611,52314033.18,80112574.95
Solana,12/16/2020,12/17/2020,1.756598035,1.791908554,1.607676073,1.783560276,50160019.90,78354348.84
Solana,12/15/2020,12/16/2020,1.590221915,1.796751816,1.589338246,1.745987209,47112885.74,79763870.66
Solana,12/14/2020,12/15/2020,1.564536442,1.618499252,1.523843329,1.590221915,30491406.76,72651969.09
Solana,12/13/2020,12/14/2020,1.489769426,1.640424486,1.458621377,1.564880445,27185233.09,71353599.39
Solana,12/12/2020,12/13/2020,1.439723979,1.535043809,1.439723979,1.48849072,25214523.83,69442216.10
Solana,12/11/2020,12/12/2020,1.569091201,1.569091201,1.440848057,1.447090316,24738365.50,68809553.63
Solana,12/10/2020,12/11/2020,1.658271235,1.665187066,1.543163204,1.578710835,29267861.52,74107768.80
Solana,12/9/2020,12/10/2020,1.663054055,1.67301993,1.50272895,1.669201052,33203289.68,75303891.90
Solana,12/8/2020,12/9/2020,1.830507378,1.830507378,1.656715414,1.662808823,30907016.98,80556480.51
Solana,12/7/2020,12/8/2020,1.852950495,1.895647418,1.811431884,1.831989554,26350315.22,85514678.68
Solana,12/6/2020,12/7/2020,1.978471017,1.988150608,1.816263905,1.852639065,24719233.12,87107520.44
Solana,12/5/2020,12/6/2020,1.851514918,1.977514019,1.827408868,1.977439676,30759947.77,88491502.87
Solana,12/4/2020,12/5/2020,2.098405027,2.110675019,1.841710522,1.856668374,39598882.33,92329122.07
Solana,12/3/2020,12/4/2020,2.114955071,2.215764082,2.08078451,2.098405027,52401069.57,99008752.21
Solana,12/2/2020,12/3/2020,1.971592823,2.17215964,1.95897137,2.112354851,41135042.98,96057528.03
Solana,12/1/2020,12/2/2020,1.962367496,2.124008589,1.932500649,1.977515961,36604762.80,93177297.87
Solana,11/30/2020,12/1/2020,1.913667811,2.010410743,1.9067849,1.961915703,26320904.80,90361156.65
Solana,11/29/2020,11/30/2020,1.887352786,1.941933312,1.85361295,1.912454924,26983342.74,87328528.22
Solana,11/28/2020,11/29/2020,1.860794656,1.937686947,1.80498651,1.884945095,34018707.72,86170907.59
Solana,11/27/2020,11/28/2020,1.903112861,1.96453021,1.780000602,1.854279996,51608093.39,86184622.43
Solana,11/26/2020,11/27/2020,2.268046306,2.293890862,1.741826576,1.894973751,83970665.20,87380368.04
Solana,11/25/2020,11/26/2020,2.280085129,2.476185533,2.190463187,2.272860181,66177958.86,106706488.61
Solana,11/24/2020,11/25/2020,2.280398498,2.47027991,2.136079706,2.265109214,69266076.20,105070278.76
Solana,11/23/2020,11/24/2020,2.149172807,2.350386657,2.116759325,2.278458573,49988409.74,103692431.02
Solana,11/22/2020,11/23/2020,2.393134723,2.417555585,2.044662248,2.151096715,66770642.18,101113384.24
Solana,11/21/2020,11/22/2020,2.103940797,2.506352256,2.042313729,2.404439499,49463343.96,102804388.99
Solana,11/20/2020,11/21/2020,2.079363962,2.233496574,2.056821704,2.099489249,38449097.44,98398538.21
Solana,11/19/2020,11/20/2020,2.115563687,2.177422991,2.018170201,2.076067654,37846060.12,96188370.82
Solana,11/18/2020,11/19/2020,2.203844135,2.216761526,2.020874785,2.122414892,50630666.07,97121026.79
Solana,11/17/2020,11/18/2020,2.267048742,2.324744962,2.134962595,2.212119042,51652613.41,102701377.99
Solana,11/16/2020,11/17/2020,2.044008937,2.353848261,1.995899496,2.264782444,63009977.42,102891928.19
Solana,11/15/2020,11/16/2020,1.919944684,2.216607233,1.91686045,2.038674342,39872654.77,94677731.26
Solana,11/14/2020,11/15/2020,2.020015349,2.021814609,1.879412386,1.921024543,33045744.04,89335003.00
Solana,11/13/2020,11/14/2020,1.905373124,2.0625616,1.904116199,2.01930463,34872650.21,91213145.85
Solana,11/12/2020,11/13/2020,2.003505184,2.055062034,1.832091417,1.896564738,39804292.59,89780518.63
Solana,11/11/2020,11/12/2020,2.264158499,2.294857034,1.975555163,2.006215808,45551283.15,98692560.38
Solana,11/10/2020,11/11/2020,2.030985249,2.319061032,2.011926907,2.254108297,52604021.87,99987084.16
Solana,11/9/2020,11/10/2020,2.161570797,2.191374418,1.956226517,2.034291871,68469951.92,95187880.10
Solana,11/8/2020,11/9/2020,2.030269664,2.272598381,1.971501013,2.154581675,117231234.07,96566259.46
Solana,11/7/2020,11/8/2020,1.904880162,2.472813684,1.843556707,2.051560718,124977084.52,98691390.58
Solana,11/6/2020,11/7/2020,1.402299515,1.937197201,1.399195889,1.916112352,45798640.48,77381809.62
Solana,11/5/2020,11/6/2020,1.393217246,1.485401506,1.304706808,1.4058558,28491583.04,64159712.43
Solana,11/4/2020,11/5/2020,1.412150225,1.415013421,1.284585386,1.393339077,25038404.89,62698539.31
Solana,11/3/2020,11/4/2020,1.476564559,1.482489192,1.413109558,1.413109558,21089603.62,66193440.75
Solana,11/2/2020,11/3/2020,1.60663457,1.632934252,1.469912929,1.477660813,23718862.98,70026567.92
Solana,11/1/2020,11/2/2020,1.547691387,1.644294737,1.516189897,1.602906117,24219319.74,71623587.58
Solana,10/31/2020,11/1/2020,1.439808276,1.552572249,1.430288095,1.542816268,25627971.78,68620876.56
Solana,10/30/2020,10/31/2020,1.432492584,1.466575457,1.346324061,1.442346966,28153782.33,64769334.35
Solana,10/29/2020,10/30/2020,1.518222838,1.57075581,1.415994466,1.433146414,32540592.95,69009791.70
Solana,10/28/2020,10/29/2020,1.713740166,1.723680361,1.460267605,1.504808584,36409873.42,71699268.52
Solana,10/27/2020,10/28/2020,1.682563171,1.747680796,1.603619791,1.718404176,32824801.18,76757222.65
Solana,10/26/2020,10/27/2020,1.793378692,1.865777602,1.627865219,1.687520258,25881870.84,79996054.67
Solana,10/25/2020,10/26/2020,1.917203074,1.924113208,1.767557334,1.793116028,22610483.74,83442627.41
Solana,10/24/2020,10/25/2020,1.962494216,1.962494216,1.887997981,1.91741558,23670928.65,85987194.52
Solana,10/23/2020,10/24/2020,1.961008354,1.986135773,1.85948709,1.962326175,27355482.87,86260657.16
Solana,10/22/2020,10/23/2020,1.892644666,2.084617625,1.892644666,1.957602469,49637785.48,88089636.04
Solana,10/21/2020,10/22/2020,1.88971939,2.068732482,1.86322862,1.892890129,34296674.07,84575110.12
Solana,10/20/2020,10/21/2020,2.059028528,2.098093259,1.85414587,1.890092101,29176966.02,85097906.43
Solana,10/19/2020,10/20/2020,2.214762619,2.214762619,2.054047056,2.058224407,24050806.10,91509676.20
Solana,10/18/2020,10/19/2020,2.204193922,2.25422508,2.180873014,2.214762619,20828442.42,96652571.64
Solana,10/17/2020,10/18/2020,2.142718721,2.238862003,2.134337062,2.204685819,30187868.39,95477448.93
Solana,10/16/2020,10/17/2020,2.266659829,2.266659829,2.123099586,2.152978544,28341484.17,94921361.10
Solana,10/15/2020,10/16/2020,2.31327068,2.33942527,2.202628039,2.266659829,27087283.60,98689953.05
Solana,10/14/2020,10/15/2020,2.406264889,2.438535018,2.246744682,2.315158996,32078339.59,101847290.97
Solana,10/13/2020,10/14/2020,2.584608808,2.584608808,2.347389091,2.406264889,40324290.31,104793797.41
Solana,10/12/2020,10/13/2020,2.425392858,2.700139091,2.418209865,2.589222809,31113968.81,108154200.74
Solana,10/11/2020,10/12/2020,2.405493055,2.457427434,2.346662216,2.428042616,28126427.78,102179642.52
Solana,10/10/2020,10/11/2020,2.538027064,2.596942593,2.404416926,2.412139389,33216308.52,106443845.95
Solana,10/9/2020,10/10/2020,2.372342982,2.6245941,2.316907624,2.543712201,43543177.70,105419316.35
Solana,10/8/2020,10/9/2020,2.30323239,2.433911669,2.028466798,2.367301117,38554779.46,95445990.26
Solana,10/7/2020,10/8/2020,2.175204341,2.393616326,2.09705482,2.292870016,34135267.39,93560109.00
Solana,10/6/2020,10/7/2020,2.65155151,2.654735456,2.146264886,2.170426613,25605272.26,101936849.42
Solana,10/5/2020,10/6/2020,2.525754175,2.668022496,2.463403837,2.657570165,24948956.90,106521017.14
Solana,10/4/2020,10/5/2020,2.548941406,2.588037336,2.430100185,2.515988468,22746005.33,103616323.32
Solana,10/3/2020,10/4/2020,2.62480243,2.667758829,2.542185702,2.547077139,29357195.60,107717618.55
Solana,10/2/2020,10/3/2020,2.869527088,2.880400402,2.455952237,2.626352043,35940620.79,108141750.12
Solana,10/1/2020,10/2/2020,2.899604559,2.987566811,2.659315257,2.867388549,26447115.46,116908508.61
Solana,9/30/2020,10/1/2020,2.949291053,2.980322681,2.838268292,2.896297466,26438917.41,116177336.25
Solana,9/29/2020,9/30/2020,2.95641351,3.01747618,2.896900822,2.947777982,29156430.78,117324623.50
Solana,9/28/2020,9/29/2020,3.162252719,3.208200793,2.936758361,2.956983628,31721905.05,120147653.60
Solana,9/27/2020,9/28/2020,3.131368271,3.180238599,3.003655302,3.153305271,30141172.93,120484374.08
Solana,9/26/2020,9/27/2020,3.189990489,3.204689669,3.043906627,3.136561321,38007238.02,119862140.11
Solana,9/25/2020,9/26/2020,3.142057131,3.261330709,2.910131732,3.186103154,48565816.63,117209347.63
Solana,9/24/2020,9/25/2020,2.834161651,3.244318145,2.787812889,3.132382839,44134560.31,114362032.68
Solana,9/23/2020,9/24/2020,2.918259767,3.069595402,2.733511688,2.825476567,52895603.69,109498375.76
Solana,9/22/2020,9/23/2020,2.765686712,2.998538706,2.669380467,2.946537583,53439416.58,108514342.37
Solana,9/21/2020,9/22/2020,2.866562095,3.022417819,2.504329729,2.770892326,38336846.75,103890487.76
Solana,9/20/2020,9/21/2020,3.022998921,3.022998921,2.708989986,2.865485152,30288777.80,107671147.58
Solana,9/19/2020,9/20/2020,3.110184605,3.24038653,2.977216356,3.014355158,46514857.00,114695762.64
Solana,9/18/2020,9/19/2020,2.887583252,3.144895917,2.740418441,3.085892464,53963757.77,110291308.92
Solana,9/17/2020,9/18/2020,2.540611549,2.932146231,2.384637227,2.90874156,49808858.37,96608593.45
Solana,9/16/2020,9/17/2020,2.933167592,2.933167592,2.465617888,2.547685216,43406319.71,95981301.95
Solana,9/15/2020,9/16/2020,3.264474759,3.314750426,2.919559723,2.932084569,42756088.77,115229656.08
Solana,9/14/2020,9/15/2020,3.248587653,3.477703886,3.091662868,3.264518276,36258292.87,115718570.57
Solana,9/13/2020,9/14/2020,3.325882717,3.456526795,3.00964652,3.205066889,24841000.76,112858792.26
Solana,9/12/2020,9/13/2020,3.41472764,3.447461328,3.148702815,3.325949222,25056890.83,116333714.83
Solana,9/11/2020,9/12/2020,3.459310777,3.487795665,3.039126793,3.427988609,38359463.89,114070565.06
Solana,9/10/2020,9/11/2020,3.576810255,3.83110257,3.299922068,3.422656109,70522063.71,121292578.72
Solana,9/9/2020,9/10/2020,2.46370712,3.597278824,2.374110122,3.559705787,38270124.12,99388146.24
Solana,9/8/2020,9/9/2020,2.922948558,2.929793274,2.400255965,2.464856692,28113991.49,88000306.65
Solana,9/7/2020,9/8/2020,3.06946263,3.159964815,2.386600232,2.914896649,31534894.26,94555793.94
Solana,9/6/2020,9/7/2020,2.598465637,3.139931747,2.296782384,3.065549341,44401870.06,93095030.40
Solana,9/5/2020,9/6/2020,3.531161275,3.639929165,2.25670826,2.582948363,36002831.46,98988618.80
Solana,9/4/2020,9/5/2020,3.499437349,3.815325808,3.173152261,3.533382207,47176869.68,118771797.65
Solana,9/3/2020,9/4/2020,4.167922195,4.412143331,3.48596673,3.529061994,46161319.62,130971562.33
Solana,9/2/2020,9/3/2020,4.328349998,4.347949438,3.712969266,4.170209125,37370214.36,134875567.42
Solana,9/1/2020,9/2/2020,4.773523286,4.938232821,4.317433544,4.317433544,42347447.16,149883041.40
Solana,8/31/2020,9/1/2020,4.430312455,4.847235602,4.105841701,4.83724953,37612319.69,142529729.31
Solana,8/30/2020,8/31/2020,3.9637199,4.675472012,3.908669504,4.429945457,35711355.28,140941135.62
Solana,8/29/2020,8/30/2020,4.011507087,4.091210439,3.785141069,3.967941754,40308273.76,127976798.62
Solana,8/28/2020,8/29/2020,3.445835785,4.281920147,3.445835785,4.010626146,41811677.80,124223708.61
Solana,8/27/2020,8/28/2020,3.558654879,3.831309154,3.30925596,3.434597938,40764838.84,112330992.63
Solana,8/26/2020,8/27/2020,3.253383019,3.777452597,3.193480096,3.559844409,34019786.92,110709233.61
Solana,8/25/2020,8/26/2020,3.341497727,3.353071272,3.03500906,3.262797241,29722211.48,100593434.46
Solana,8/24/2020,8/25/2020,3.277012268,3.613156161,3.226624267,3.33692907,31870534.22,106966239.20
Solana,8/23/2020,8/24/2020,3.02284909,3.401257566,3.020187298,3.322689104,26761751.36,99607285.03
Solana,8/22/2020,8/23/2020,2.938839044,3.190960199,2.771861434,3.025590792,26851736.57,92641868.17
Solana,8/21/2020,8/22/2020,3.20603719,3.216974394,2.914337986,2.944110182,29673479.89,96980100.07
Solana,8/20/2020,8/21/2020,2.89761963,3.433390794,2.89761963,3.208569684,27060860.56,98963696.06
Solana,8/19/2020,8/20/2020,3.333770654,3.472737111,2.852564102,2.89776295,42417164.52,95605235.85
Solana,8/18/2020,8/19/2020,3.109969141,3.644445882,2.88955835,3.329845454,34714848.20,106444049.06
Solana,8/17/2020,8/18/2020,3.378260226,3.378939151,3.100148721,3.110166571,21947179.43,94757810.52
Solana,8/16/2020,8/17/2020,3.174345287,3.459712344,3.142458744,3.376537124,24455255.19,98102863.34
Solana,8/15/2020,8/16/2020,3.412321489,3.707579812,3.162423774,3.173492664,33865698.36,99543862.27
Solana,8/14/2020,8/15/2020,3.725351161,3.750340685,3.332662439,3.41097455,43311328.46,75491915.83
Solana,8/13/2020,8/14/2020,3.747163068,4.104909129,3.573513305,3.730398281,47917479.17,65742730.08
Solana,8/12/2020,8/13/2020,3.293828178,3.896538568,3.104209123,3.74758018,54500105.51,61001035.12
Solana,8/11/2020,8/12/2020,3.137726742,3.411739326,2.769067737,3.271875134,42261005.79,53263479.11
Solana,8/10/2020,8/11/2020,2.66099837,3.35381838,2.524484438,3.139499933,30864693.81,51357500.61
Solana,8/9/2020,8/10/2020,2.472619293,2.696206356,2.30190153,2.659388359,20026721.60,42297637.05
Solana,8/8/2020,8/9/2020,2.082084764,2.558423765,2.024971497,2.472419579,15059892.42,37956213.94
Solana,8/7/2020,8/8/2020,2.200882145,2.200882145,1.893768947,2.082183614,17306407.41,35630893.48
Solana,8/6/2020,8/7/2020,1.750722043,2.224267396,1.743964193,2.210443309,15925155.91,34286384.19
Solana,8/5/2020,8/6/2020,1.876242544,1.886170873,1.721113869,1.754375709,12437206.63,30963967.18
Solana,8/4/2020,8/5/2020,1.801851645,1.949434169,1.800052535,1.895241985,12481004.68,32251103.05
Solana,8/3/2020,8/4/2020,1.738201817,1.826266437,1.673622188,1.798557825,11743697.66,30424820.84
Solana,8/2/2020,8/3/2020,1.536249665,1.746096989,1.408991382,1.746096989,9400053.06,27685371.78
Solana,8/1/2020,8/2/2020,1.533308183,1.659622363,1.505541925,1.534146093,9769039.70,27202993.85
Solana,7/31/2020,8/1/2020,1.685618419,1.686758946,1.507957593,1.538420299,8330280.14,28013996.01
Solana,7/30/2020,7/31/2020,1.654667516,1.791480258,1.632905174,1.687367521,12136123.54,29065384.57
Solana,7/29/2020,7/30/2020,1.785375604,2.086146044,1.591675386,1.655274474,15539669.23,30014700.92
Solana,7/28/2020,7/29/2020,1.785090953,1.858278035,1.625042521,1.782323023,27447694.78,30251172.11
Solana,7/27/2020,7/28/2020,1.565394508,2.038772811,1.565394508,1.768917522,32414418.87,31094122.00
Solana,7/26/2020,7/27/2020,1.251319347,1.626700887,1.243530459,1.581433715,13246842.30,24479521.49
Solana,7/25/2020,7/26/2020,0.997548134,1.433846266,0.997548134,1.251658827,7161436.13,20712003.61
Solana,7/24/2020,7/25/2020,1.052133713,1.054047098,0.975407667,0.997029277,3996785.68,17325805.61
Solana,7/23/2020,7/24/2020,1.044770661,1.100225298,1.00035344,1.056216718,5638022.23,18282532.42
Solana,7/22/2020,7/23/2020,0.977954328,1.099141902,0.975534376,1.044711455,7459998.19,18284302.57
Solana,7/21/2020,7/22/2020,0.875984655,0.999274057,0.863072336,0.976405134,4439413.64,16238260.22
Solana,7/20/2020,7/21/2020,0.921746398,0.921746398,0.853442004,0.874044224,2716432.41,15233695.75
Solana,7/19/2020,7/20/2020,0.971867946,0.971867946,0.902905997,0.92174197,2469535.91,16083924.85
Solana,7/18/2020,7/19/2020,0.979613447,0.996031384,0.936836799,0.96931023,4150766.59,16651847.06
Solana,7/17/2020,7/18/2020,0.864930422,1.043701191,0.804090927,0.981280035,15028963.40,16884331.09
Solana,7/16/2020,7/17/2020,1.284023529,1.36977832,0.875810183,0.888657595,4533858.33,22113124.70
Solana,7/15/2020,7/16/2020,1.149519191,1.393389035,1.142617472,1.290812358,3214160.91,21663290.21
Solana,7/14/2020,7/15/2020,1.174538427,1.238662204,1.122441702,1.150955455,3917903.45,19936927.07
Solana,7/13/2020,7/14/2020,1.016570328,1.284413126,1.011465084,1.17743248,4568004.50,19580519.09
Solana,7/12/2020,7/13/2020,0.922822769,1.131244289,0.9142382,1.014880199,3739430.25,17435400.91
Solana,7/11/2020,7/12/2020,0.91322549,0.927786775,0.858475964,0.92303692,1840265.97,15558032.55
Solana,7/10/2020,7/11/2020,0.850850366,0.937084274,0.841280742,0.913364909,2758954.52,15508723.48
Solana,7/9/2020,7/10/2020,0.795458996,0.86999464,0.758130389,0.850850366,2347745.76,14398308.80
Solana,7/8/2020,7/9/2020,0.753005461,0.82737276,0.743521448,0.795563788,2429218.34,13565048.67
Solana,7/7/2020,7/8/2020,0.708874892,0.779837803,0.704611777,0.752405649,1400672.70,12588200.97
Solana,7/6/2020,7/7/2020,0.69345797,0.719389706,0.688692865,0.708500974,1576098.38,12118981.53
Solana,7/5/2020,7/6/2020,0.780847495,0.783021317,0.656890923,0.692198339,3580571.93,12095555.94
Solana,7/4/2020,7/5/2020,0.767993778,0.823946418,0.763356797,0.780986098,1451072.58,13521586.61
Solana,7/3/2020,7/4/2020,0.776093327,0.782274699,0.755477344,0.767112857,1391310.10,13255795.38
Solana,7/2/2020,7/3/2020,0.832548917,0.837427897,0.754073295,0.774979879,1882383.81,13660348.89
Solana,7/1/2020,7/2/2020,0.861682764,0.901017809,0.821479644,0.835453007,2707537.54,14862850.28
Solana,6/30/2020,7/1/2020,0.854330455,1.027675497,0.850478883,0.866916858,3548601.63,15709588.28
Solana,6/29/2020,6/30/2020,0.798520399,0.885214206,0.770757773,0.853622969,3065832.54,14400620.36
Solana,6/28/2020,6/29/2020,0.712502181,0.842891797,0.686012679,0.795735736,2650475.90,13142391.54
Solana,6/27/2020,6/28/2020,0.740308033,0.746613863,0.683900316,0.71300049,1478388.14,12407996.99
Solana,6/26/2020,6/27/2020,0.712474232,0.748468867,0.681183693,0.742338479,1478216.97,12373035.47
Solana,6/25/2020,6/26/2020,0.737140205,0.756302709,0.699120515,0.713186233,2851991.15,12387183.35
Solana,6/24/2020,6/25/2020,0.707376243,0.790817323,0.694806986,0.737880377,1813559.17,12580760.65
Solana,6/23/2020,6/24/2020,0.728843477,0.759685204,0.700891604,0.706993686,1566160.76,12540691.85
Solana,6/22/2020,6/23/2020,0.672462841,0.746474291,0.64820174,0.727086487,2029510.07,11966161.76
Solana,6/21/2020,6/22/2020,0.647239283,0.744859617,0.637228994,0.672096269,1636691.82,11446840.80
Solana,6/20/2020,6/21/2020,0.687333613,0.688489484,0.626747076,0.644290143,3643668.88,11143911.57
Solana,6/19/2020,6/20/2020,0.620923309,0.828488976,0.61952886,0.690054465,5307930.59,11972282.58
Solana,6/18/2020,6/19/2020,0.581643639,0.648332739,0.578970197,0.621018047,971600.33,10447606.72
Solana,6/17/2020,6/18/2020,0.585270292,0.58946191,0.565033979,0.582373453,633923.62,10006621.36
Solana,6/16/2020,6/17/2020,0.568934477,0.589004084,0.56766619,0.58393766,854752.00,9990056.29
Solana,6/15/2020,6/16/2020,0.586067701,0.588084225,0.54875365,0.569065773,959889.63,9780966.41
Solana,6/14/2020,6/15/2020,0.610267717,0.616724241,0.579661927,0.584665962,869748.95,10306247.77
Solana,6/13/2020,6/14/2020,0.5928935,0.609665215,0.585046064,0.608497891,858550.85,10276411.25
Solana,6/12/2020,6/13/2020,0.572192798,0.604408828,0.570138865,0.593278538,1109503.53,10149064.70
Solana,6/11/2020,6/12/2020,0.645319755,0.649526462,0.570475156,0.571105896,1241101.25,10705247.71
Solana,6/10/2020,6/11/2020,0.655752213,0.669951172,0.63676231,0.649556531,901452.06,11297007.94
Solana,6/9/2020,6/10/2020,0.668068173,0.668068173,0.627495717,0.654294069,1359619.73,11151568.84
Solana,6/8/2020,6/9/2020,0.61764406,0.67314063,0.614075144,0.668143637,1036780.46,11031124.71
Solana,6/7/2020,6/8/2020,0.624829102,0.625338114,0.596112825,0.617022232,1018080.65,10582044.46
Solana,6/6/2020,6/7/2020,0.660543862,0.660543862,0.61292068,0.623901721,3701341.19,10862877.15
Solana,6/5/2020,6/6/2020,0.588171793,0.690566744,0.578600522,0.659688793,1997061.84,10671470.34
Solana,6/4/2020,6/5/2020,0.586663307,0.59097446,0.565145059,0.587136488,864363.95,10027841.55
Solana,6/3/2020,6/4/2020,0.566859163,0.5909744,0.566240378,0.58699586,1029135.09,9968458.95
Solana,6/2/2020,6/3/2020,0.577398967,0.588084037,0.553349408,0.568060996,2077250.04,9760382.62
Solana,6/1/2020,6/2/2020,0.574089242,0.589618793,0.568745096,0.575360035,1915681.04,0.00
Solana,5/31/2020,6/1/2020,0.584504414,0.592472319,0.569874073,0.572402463,2239583.28,0.00
Solana,5/30/2020,5/31/2020,0.580249485,0.601021009,0.568531805,0.584893997,2099182.62,0.00
Solana,5/29/2020,5/30/2020,0.574780842,0.593106706,0.566031132,0.575468846,2389947.74,0.00
Solana,5/28/2020,5/29/2020,0.590858372,0.590858372,0.563939077,0.572280764,2624285.27,0.00
Solana,5/27/2020,5/28/2020,0.573037849,0.609229849,0.571376977,0.590767439,2433903.81,0.00
Solana,5/26/2020,5/27/2020,0.597569134,0.612068353,0.567111596,0.574694133,3856002.16,0.00
Solana,5/25/2020,5/26/2020,0.552348141,0.633691721,0.542860196,0.601747949,3593130.30,0.00
Solana,5/24/2020,5/25/2020,0.609893031,0.609893031,0.549895014,0.550902867,2698978.24,0.00
Solana,5/23/2020,5/24/2020,0.636041866,0.638648036,0.59008897,0.604944079,3158239.78,0.00
Solana,5/22/2020,5/23/2020,0.604085216,0.666871722,0.579648537,0.637402333,2877548.18,0.00
Solana,5/21/2020,5/22/2020,0.580340488,0.61278277,0.544665738,0.603785655,2255409.67,0.00
Solana,5/20/2020,5/21/2020,0.624621961,0.626660646,0.575710205,0.579693114,2358546.24,0.00
Solana,5/19/2020,5/20/2020,0.653566347,0.653566347,0.611206313,0.624794882,2774343.12,0.00
Solana,5/18/2020,5/19/2020,0.613549403,0.67339206,0.610879991,0.651734347,3268845.15,0.00
Solana,5/17/2020,5/18/2020,0.595929736,0.639124148,0.591108485,0.611899023,2547155.17,0.00
Solana,5/16/2020,5/17/2020,0.557346543,0.606827602,0.553282376,0.599306014,2152732.80,0.00
Solana,5/15/2020,5/16/2020,0.57038751,0.576769724,0.546392854,0.554984346,1907665.52,0.00
Solana,5/14/2020,5/15/2020,0.553827909,0.580196265,0.552394069,0.574358604,2322706.24,0.00
Solana,5/13/2020,5/14/2020,0.538124922,0.56289825,0.518963976,0.553578184,2127181.80,0.00
Solana,5/12/2020,5/13/2020,0.513735397,0.559638592,0.505497883,0.53786295,2222639.01,0.00
Solana,5/11/2020,5/12/2020,0.536523902,0.570684676,0.503700654,0.521743591,2118907.97,0.00
Solana,5/10/2020,5/11/2020,0.601660674,0.605843776,0.513183219,0.53700151,2320719.01,0.00
Solana,5/9/2020,5/10/2020,0.602268379,0.624094744,0.59127384,0.602428196,2398483.59,0.00
Solana,5/8/2020,5/9/2020,0.605443364,0.633976724,0.589114805,0.607790285,2883767.73,0.00
Solana,5/7/2020,5/8/2020,0.615559183,0.633133478,0.571386542,0.599580682,3032455.23,0.00
Solana,5/6/2020,5/7/2020,0.643223216,0.668982206,0.618070632,0.618070632,2708976.44,0.00
Solana,5/5/2020,5/6/2020,0.665092371,0.67989166,0.624841617,0.647651297,3370808.69,0.00
Solana,5/4/2020,5/5/2020,0.683976378,0.701830077,0.615509871,0.664034359,3055335.26,0.00
Solana,5/3/2020,5/4/2020,0.713219344,0.727188286,0.655671621,0.680586265,3221877.05,0.00
Solana,5/2/2020,5/3/2020,0.725576686,0.744337534,0.703967321,0.708921727,3916179.77,0.00
Solana,5/1/2020,5/2/2020,0.687189593,0.733256653,0.685266846,0.722026932,4274244.60,0.00
Solana,4/30/2020,5/1/2020,0.742506347,0.801741163,0.684341857,0.684341857,7245148.51,0.00
Solana,4/29/2020,4/30/2020,0.657920804,0.779131833,0.652148004,0.739942783,8938398.38,0.00
Solana,4/28/2020,4/29/2020,0.572693252,0.694038593,0.567500279,0.657276554,6704952.43,0.00
Solana,4/27/2020,4/28/2020,0.637959067,0.656527493,0.56045022,0.567725424,8239886.33,0.00
Solana,4/26/2020,4/27/2020,0.64459576,0.686144643,0.629594615,0.64195028,8700374.46,0.00
Solana,4/25/2020,4/26/2020,0.623710283,0.666586002,0.615041571,0.654777605,7645100.24,0.00
Solana,4/24/2020,4/25/2020,0.632380916,0.665927718,0.612979682,0.623450246,10356309.88,0.00
Solana,4/23/2020,4/24/2020,0.684312844,0.697518922,0.604986709,0.618788031,17431913.90,0.00
Solana,4/22/2020,4/23/2020,0.574513844,0.699509441,0.571206318,0.682634747,13925364.83,0.00
Solana,4/21/2020,4/22/2020,0.538977776,0.602115141,0.507988437,0.573963707,8407788.55,0.00
Solana,4/20/2020,4/21/2020,0.608309735,0.636288263,0.522787345,0.539100427,8982139.06,0.00
Solana,4/19/2020,4/20/2020,0.674509548,0.682019364,0.596405204,0.603444982,10263900.83,0.00
Solana,4/18/2020,4/19/2020,0.656815898,0.720086909,0.656780291,0.679662929,9926508.31,0.00
Solana,4/17/2020,4/18/2020,0.692535329,0.712330267,0.660750808,0.669178101,15090112.02,0.00
Solana,4/16/2020,4/17/2020,0.642947333,0.770136271,0.623893777,0.695207797,20101247.95,0.00
Solana,4/15/2020,4/16/2020,0.669732467,0.704085706,0.62432148,0.640061485,16763606.16,0.00
Solana,4/14/2020,4/15/2020,0.779905013,0.794760946,0.631786936,0.667401038,17248681.99,0.00
Solana,4/13/2020,4/14/2020,0.87970593,0.87970593,0.776556801,0.776556801,28375420.40,0.00
Solana,4/12/2020,4/13/2020,0.785998514,0.959297308,0.763816238,0.896544504,42350947.88,0.00
Solana,4/11/2020,4/12/2020,0.947323334,1.049920341,0.768842439,0.777010064,80719663.91,0.00
Solana,4/10/2020,4/11/2020,0.687633864,1.299801204,0.609707381,0.946813204,39815492.52,0.00
Solana,4/9/2020,4/10/2020,0.663251536,0.744465092,0.587101852,0.689381485,1313219.50,0.00
XRP,4/30/2025,5/1/2025,2.242662634,2.264377367,2.139803679,2.19836498,6359886321.00,129652832178.26
XRP,4/29/2025,4/30/2025,2.296591305,2.312801799,2.231153052,2.24910342,6546093950.00,133732227425.92
XRP,4/28/2025,4/29/2025,2.249213897,2.352500863,2.231913029,2.299164464,8948286888.00,133968732004.51
XRP,4/27/2025,4/28/2025,2.194501732,2.293823975,2.169197253,2.258953867,5411825676.00,129398334448.80
XRP,4/26/2025,4/27/2025,2.190128702,2.243873182,2.185613536,2.197407436,5757031305.00,128656640729.64
XRP,4/25/2025,4/26/2025,2.204174499,2.218715488,2.171951546,2.187561331,7298762043.00,128227524288.96
XRP,4/24/2025,4/25/2025,2.220137573,2.228360179,2.125787948,2.20571031,8433650082.00,127850370407.10
XRP,4/23/2025,4/24/2025,2.22232397,2.29949755,2.199509567,2.217981101,10196032114.00,130817041895.47
XRP,4/22/2025,4/23/2025,2.089273796,2.238045532,2.075393272,2.219787886,5815038508.00,124219817833.36
XRP,4/21/2025,4/22/2025,2.084083099,2.143665325,2.075800483,2.08947093,4964418579.00,123324155709.64
XRP,4/20/2025,4/21/2025,2.092554058,2.098668818,2.046948637,2.081830271,3158363773.00,121142057172.79
XRP,4/19/2025,4/20/2025,2.070165333,2.102242901,2.067470643,2.095418741,3414525360.00,121952316776.40
XRP,4/18/2025,4/19/2025,2.070538068,2.092968654,2.053544744,2.070154377,4507857725.00,121094821070.28
XRP,4/17/2025,4/18/2025,2.0944684,2.118899064,2.063865882,2.07425331,5899876275.00,121978816365.51
XRP,4/16/2025,4/17/2025,2.095787273,2.123114976,2.047726132,2.089862489,6421734939.00,122003463047.69
XRP,4/15/2025,4/16/2025,2.133658522,2.187233037,2.093433242,2.09386908,5893707611.00,125083201275.20
XRP,4/14/2025,4/15/2025,2.122356489,2.177111476,2.118609819,2.132592425,8165127353.00,125231007900.61
XRP,4/13/2025,4/14/2025,2.159643535,2.234415472,2.093408844,2.126240712,7855461224.00,125967792434.39
XRP,4/12/2025,4/13/2025,2.022580558,2.169127458,2.010521989,2.161944541,6807959004.00,122003765160.81
XRP,4/11/2025,4/12/2025,1.971076239,2.065917339,1.95401402,2.029920275,8162315037.00,117408659879.10
XRP,4/10/2025,4/11/2025,2.04897639,2.04897639,1.932689988,1.972756388,14071976963.00,116025128172.91
XRP,4/9/2025,4/10/2025,1.789911331,2.087511736,1.729129232,2.051497536,14766836466.00,109257767192.72
XRP,4/8/2025,4/9/2025,1.895566584,1.970856972,1.788337534,1.794824423,17822549334.00,109591130916.64
XRP,4/7/2025,4/8/2025,1.917223198,1.965941106,1.633622856,1.902930879,21231824225.00,107647115956.39
XRP,4/6/2025,4/7/2025,2.148427203,2.161390024,1.881251674,1.924479289,5013159133.00,120857266079.40
XRP,4/5/2025,4/6/2025,2.127521028,2.172734975,2.117299139,2.152278854,7413557434.00,124526013695.74
XRP,4/4/2025,4/5/2025,2.072569882,2.150120387,2.027820897,2.131057804,9530420615.00,121961826674.92
XRP,4/3/2025,4/4/2025,2.017402018,2.081001618,1.974334144,2.066718902,12164130093.00,118856505654.37
XRP,4/2/2025,4/3/2025,2.138077782,2.206073613,1.994470145,2.032603996,8406480855.00,122782142232.80
XRP,4/1/2025,4/2/2025,2.100340216,2.183490882,2.071591103,2.143423328,8503112322.00,123507235929.80
XRP,3/31/2025,4/1/2025,2.144943348,2.144943348,2.038579918,2.092585758,7773253568.00,121452666849.23
XRP,3/30/2025,3/31/2025,2.139589289,2.215972613,2.118726911,2.144462563,7013690214.00,125485760034.96
XRP,3/29/2025,3/30/2025,2.214981824,2.227752388,2.06940327,2.146046892,8170128117.00,123871313466.77
XRP,3/28/2025,3/29/2025,2.341365477,2.345420497,2.16616699,2.210892368,7131489856.00,129599324999.59
XRP,3/27/2025,3/28/2025,2.355835337,2.39130831,2.314243903,2.345121356,6371233558.00,136771651788.28
XRP,3/26/2025,3/27/2025,2.45416406,2.480517988,2.33796654,2.355995967,5803114859.00,140863045190.67
XRP,3/25/2025,3/26/2025,2.44828637,2.476871716,2.416951238,2.457501317,5732000060.00,141704178162.79
XRP,3/24/2025,3/25/2025,2.437418833,2.498922768,2.421742844,2.452710019,5666234517.00,142603338363.47
XRP,3/23/2025,3/24/2025,2.375243438,2.440378822,2.375243438,2.440378822,3842003697.00,139345941584.95
XRP,3/22/2025,3/23/2025,2.384847303,2.417685588,2.370316982,2.375478381,4942211379.00,138728974608.00
XRP,3/21/2025,3/22/2025,2.43943886,2.466417161,2.367453882,2.383774385,8011677881.00,139488980524.03
XRP,3/20/2025,3/21/2025,2.556831487,2.556831487,2.404158958,2.438704808,15678780473.00,143101214391.54
XRP,3/19/2025,3/20/2025,2.288118401,2.571576045,2.27406418,2.550472715,10137778398.00,139139980991.20
XRP,3/18/2025,3/19/2025,2.340632563,2.343823991,2.234559567,2.294002127,6358565368.00,131971835485.57
XRP,3/17/2025,3/18/2025,2.308460831,2.378797159,2.308460831,2.344830633,6906051707.00,135966485876.30
XRP,3/16/2025,3/17/2025,2.393173081,2.414552906,2.281915241,2.305740682,6342952059.00,135956878313.41
XRP,3/15/2025,3/16/2025,2.362010304,2.472000216,2.362010304,2.396899966,7669235554.00,140141620967.29
XRP,3/14/2025,3/15/2025,2.249749637,2.386663761,2.246437436,2.361126046,9334191127.00,134635906790.83
XRP,3/13/2025,3/14/2025,2.248238923,2.34257531,2.224206475,2.257344687,10057412697.00,130972575632.92
XRP,3/12/2025,3/13/2025,2.170417261,2.254943966,2.151715535,2.246602107,11760857935.00,128005361794.00
XRP,3/11/2025,3/12/2025,2.044581947,2.215240287,1.932053452,2.175500818,15576014710.00,122852910233.01
XRP,3/10/2025,3/11/2025,2.162577835,2.255097244,2.009977982,2.031384504,12934630615.00,124217302252.52
XRP,3/9/2025,3/10/2025,2.331053554,2.356434146,2.100929195,2.148958207,6667579163.00,130628915975.87
XRP,3/8/2025,3/9/2025,2.405428117,2.415072733,2.320115924,2.334516056,11557455922.00,136735062339.71
XRP,3/7/2025,3/8/2025,2.617865749,2.617865749,2.373030958,2.397202973,15255570935.00,144272746181.06
XRP,3/6/2025,3/7/2025,2.515814234,2.641429986,2.484315129,2.610687237,10895463371.00,148111840634.59
XRP,3/5/2025,3/6/2025,2.459778,2.542846424,2.427809592,2.510520983,15930647430.00,143247168136.68
XRP,3/4/2025,3/5/2025,2.384196342,2.528846644,2.248723584,2.467660901,23548583403.00,137507317012.64
XRP,3/3/2025,3/4/2025,2.893576716,2.902550908,2.333674006,2.405318724,32716693859.00,152266605860.88
XRP,3/2/2025,3/3/2025,2.193206536,2.965215339,2.184534609,2.960058866,13315970309.00,141934695116.71
XRP,3/1/2025,3/2/2025,2.141821754,2.216714015,2.125588381,2.194354168,9105053871.00,124999644509.18
XRP,2/28/2025,3/1/2025,2.200290688,2.200290688,1.965741353,2.148520184,12978355830.00,120215842140.31
XRP,2/27/2025,2/28/2025,2.202989666,2.256775192,2.15412784,2.200445981,11168773849.00,127039445345.28
XRP,2/26/2025,2/27/2025,2.322864722,2.331983897,2.168582781,2.19450892,16031786069.00,130454167374.12
XRP,2/25/2025,2/26/2025,2.306982402,2.358731836,2.076737513,2.326230854,19867220708.00,129201829800.20
XRP,2/24/2025,2/25/2025,2.580333979,2.600230203,2.278166183,2.285250287,7007302953.00,142197839874.20
XRP,2/23/2025,2/24/2025,2.579548687,2.600376521,2.530121247,2.58199945,4330634533.00,147718605453.06
XRP,2/22/2025,2/23/2025,2.570464501,2.61025264,2.563937509,2.580439097,8736337148.00,149084626114.62
XRP,2/21/2025,2/22/2025,2.691619442,2.714658362,2.519491532,2.579649722,8232464878.00,151903555343.84
XRP,2/20/2025,2/21/2025,2.751398966,2.751398966,2.680637721,2.701345616,9452408092.00,155872101825.08
XRP,2/19/2025,2/20/2025,2.569160497,2.748333416,2.528815062,2.741747644,9406766544.00,150224339733.47
XRP,2/18/2025,2/19/2025,2.669715649,2.676994756,2.488999039,2.571471997,8768490573.00,149132890367.42
XRP,2/17/2025,2/18/2025,2.7475306,2.771747961,2.624936666,2.670260316,7772016834.00,154985084040.20
XRP,2/16/2025,2/17/2025,2.777565249,2.810230011,2.71233769,2.734849674,7105352789.00,159226764016.82
XRP,2/15/2025,2/16/2025,2.756641142,2.83587846,2.735157816,2.77505258,13183936117.00,160598871602.84
XRP,2/14/2025,2/15/2025,2.555494243,2.817235074,2.545622604,2.749441375,13464298865.00,154672295673.98
XRP,2/13/2025,2/14/2025,2.475314962,2.601556102,2.434187204,2.560434814,7606009981.00,142239414497.03
XRP,2/12/2025,2/13/2025,2.42992085,2.498234604,2.363605511,2.479776584,7923126721.00,139929998796.59
XRP,2/11/2025,2/12/2025,2.430530016,2.532323915,2.389431929,2.426794255,7164983373.00,142093670869.36
XRP,2/10/2025,2/11/2025,2.423601439,2.472563538,2.344242648,2.430562431,8552135729.00,139648280165.37
XRP,2/9/2025,2/10/2025,2.428558234,2.506126754,2.338313445,2.41218275,6082551844.00,140754432647.00
XRP,2/8/2025,2/9/2025,2.399540636,2.443613475,2.369954955,2.436445485,11189885942.00,138998776714.54
XRP,2/7/2025,2/8/2025,2.351006052,2.547705024,2.299592109,2.407977885,12467699287.00,138439701707.84
XRP,2/6/2025,2/7/2025,2.415967699,2.480207609,2.311750585,2.342988163,11045678371.00,138564375157.87
XRP,2/5/2025,2/6/2025,2.557861968,2.58384716,2.377215347,2.398872948,16060551755.00,144183670547.86
XRP,2/4/2025,2/5/2025,2.745965326,2.799989693,2.464403244,2.564938004,29595734713.00,151717327339.60
XRP,2/3/2025,2/4/2025,2.553170868,2.80199206,1.974994333,2.719994089,48462496166.00,142010802259.79
XRP,2/2/2025,2/3/2025,2.904371174,2.967073211,2.526431187,2.592275553,12458869100.00,161536124319.99
XRP,2/1/2025,2/2/2025,3.040785111,3.078824334,2.852470747,2.898284553,6982584033.00,172919845230.73
XRP,1/31/2025,2/1/2025,3.142819178,3.142819178,3.020292322,3.049631547,7328283561.00,177763655468.96
XRP,1/30/2025,1/31/2025,3.078558234,3.159292545,3.0652388,3.141115938,10259441052.00,179827738848.18
XRP,1/29/2025,1/30/2025,3.076364661,3.138389489,2.994341477,3.079605941,12117146332.00,177969229272.39
XRP,1/28/2025,1/29/2025,3.096528595,3.219797332,3.028418603,3.079617922,18750741204.00,180002145595.35
XRP,1/27/2025,1/28/2025,3.032529934,3.066194854,2.726226827,3.066194854,16317499120.00,169044084462.22
XRP,1/26/2025,1/27/2025,3.118226259,3.150737043,3.037763083,3.03942838,4826663877.00,180146261429.13
XRP,1/25/2025,1/26/2025,3.122688322,3.151002478,3.091455203,3.122211793,7639520323.00,180075937819.93
XRP,1/24/2025,1/25/2025,3.124155597,3.212460726,3.070042109,3.120656697,12891721952.00,181775618569.16
XRP,1/23/2025,1/24/2025,3.185113749,3.190991386,3.056442279,3.133627949,12906411026.00,180112871996.64
XRP,1/22/2025,1/23/2025,3.187067282,3.283726248,3.159064968,3.181301749,12169307686.00,183621011835.99
XRP,1/21/2025,1/22/2025,3.096700243,3.24627755,3.038703329,3.180407179,24262757500.00,180744650335.87
XRP,1/20/2025,1/21/2025,2.947044335,3.356209449,2.947044335,3.108072802,30724019594.00,183304692017.23
XRP,1/19/2025,1/20/2025,3.265038324,3.293830722,2.886416706,2.977101616,17527772106.00,182123208810.77
XRP,1/18/2025,1/19/2025,3.290161544,3.290377549,3.082261473,3.290377549,20292664507.00,183653083446.65
XRP,1/17/2025,1/18/2025,3.266563098,3.344494339,3.191906863,3.305135192,32469511316.00,188365494959.09
XRP,1/16/2025,1/17/2025,3.101823586,3.380672798,2.949248914,3.238389507,41478405677.00,183225318428.79
XRP,1/15/2025,1/16/2025,2.659101823,3.17680702,2.659101823,3.166566487,24728072924.00,165214425212.39
XRP,1/14/2025,1/15/2025,2.535036375,2.690287383,2.521375473,2.671625549,15446323026.00,148923376087.27
XRP,1/13/2025,1/14/2025,2.514390978,2.560744402,2.347642754,2.534344699,12849663886.00,142498494172.35
XRP,1/12/2025,1/13/2025,2.568977813,2.568977813,2.484188724,2.512602021,13069278892.00,145459021219.94
XRP,1/11/2025,1/12/2025,2.348284162,2.596034449,2.334751499,2.582675153,8790082648.00,138950376440.68
XRP,1/10/2025,1/11/2025,2.287794455,2.370027216,2.260729949,2.346903816,8565017056.00,132884148930.83
XRP,1/9/2025,1/10/2025,2.37445384,2.396492366,2.249371289,2.286247966,11525421366.00,133432458136.05
XRP,1/8/2025,1/9/2025,2.278779802,2.397545965,2.224343468,2.383041539,13055713848.00,133558301249.21
XRP,1/7/2025,1/8/2025,2.416928368,2.460750301,2.276490588,2.282390415,8172989387.00,136801635838.61
XRP,1/6/2025,1/7/2025,2.399561126,2.453025405,2.37911922,2.419086586,6787206560.00,138360040888.74
XRP,1/5/2025,1/6/2025,2.413644555,2.426909818,2.336932213,2.402026913,6576906862.00,136922736255.22
XRP,1/4/2025,1/5/2025,2.457580435,2.501423998,2.409450775,2.423439088,8663695415.00,140150309186.52
XRP,1/3/2025,1/4/2025,2.406640041,2.475578224,2.401111992,2.454022271,9979427008.00,139567959851.03
XRP,1/2/2025,1/3/2025,2.348798567,2.438843859,2.348798567,2.408010162,15271442999.00,137282011425.20
XRP,1/1/2025,1/2/2025,2.086777368,2.350657044,2.086777368,2.322970893,8514431195.00,125212549425.73
XRP,12/31/2024,1/1/2025,2.058205635,2.143030518,2.016090872,2.085277659,9689212683.00,118777501205.38
XRP,12/30/2024,12/31/2024,2.094871069,2.142419922,2.006325926,2.060818396,7810999389.00,118883688559.46
XRP,12/29/2024,12/30/2024,2.183457922,2.198551498,2.079412834,2.102213118,4018203856.00,123991042859.01
XRP,12/28/2024,12/29/2024,2.152051045,2.205091243,2.140315329,2.186481342,6038967253.00,124516318582.62
XRP,12/27/2024,12/28/2024,2.170737682,2.234770188,2.129162573,2.150625787,8498227680.00,124567250077.17
XRP,12/26/2024,12/27/2024,2.318796126,2.320955889,2.142200883,2.162021809,7038582142.00,126579811845.06
XRP,12/25/2024,12/26/2024,2.321359221,2.337511856,2.276394219,2.304584323,7804736051.00,131921549394.71
XRP,12/24/2024,12/25/2024,2.262880088,2.3484689,2.223604743,2.332335656,11156826073.00,130630397675.30
XRP,12/23/2024,12/24/2024,2.208466353,2.272371001,2.146659426,2.262979212,14747915181.00,125901129037.55
XRP,12/22/2024,12/23/2024,2.238019178,2.297017718,2.175858567,2.20686923,15873094056.00,128229392510.22
XRP,12/21/2024,12/22/2024,2.294818197,2.386963273,2.216974185,2.249520715,27042301500.00,130849961069.80
XRP,12/20/2024,12/21/2024,2.247319742,2.357948102,1.986271111,2.288762394,32670824017.00,128342611126.51
XRP,12/19/2024,12/20/2024,2.318810453,2.435703647,2.189462073,2.267001998,30844211589.00,133412639170.33
XRP,12/18/2024,12/19/2024,2.572669926,2.591541789,2.286825166,2.303907826,24267493363.00,142613717283.66
XRP,12/17/2024,12/18/2024,2.475435566,2.716291151,2.447532995,2.563203049,23373544768.00,147180656476.53
XRP,12/16/2024,12/17/2024,2.450930923,2.565756341,2.354379702,2.488715409,12996235726.00,138802011135.97
XRP,12/15/2024,12/16/2024,2.404283493,2.459417806,2.3719181,2.457647631,10311399097.00,138000327536.72
XRP,12/14/2024,12/15/2024,2.415761239,2.511551429,2.367343863,2.40129583,15302275449.00,138638679415.29
XRP,12/13/2024,12/14/2024,2.35327678,2.463319516,2.305114774,2.418824956,16192407145.00,135886343936.53
XRP,12/12/2024,12/13/2024,2.390354492,2.472877059,2.32815843,2.34761963,19240937187.00,137400539930.75
XRP,12/11/2024,12/12/2024,2.376545521,2.457136494,2.241685089,2.398688244,35815824198.00,135182337485.71
XRP,12/10/2024,12/11/2024,2.193627745,2.392308109,1.929440845,2.354045356,35188831136.00,124905752117.54
XRP,12/9/2024,12/10/2024,2.586499431,2.586499431,2.121314158,2.22088037,20410531799.00,137400222786.96
XRP,12/8/2024,12/9/2024,2.606239971,2.630585831,2.490680715,2.607433699,18702509757.00,146231609798.48
XRP,12/7/2024,12/8/2024,2.411651514,2.6024079,2.390578459,2.6024079,20737315281.00,140680720818.02
XRP,12/6/2024,12/7/2024,2.240501476,2.453155968,2.240501476,2.412283865,24016719714.00,133069382545.13
XRP,12/5/2024,12/6/2024,2.366635254,2.468363274,2.196929482,2.25237466,39060963381.00,133854570154.12
XRP,12/4/2024,12/5/2024,2.545584314,2.66517718,2.299168941,2.354674045,52410628829.00,144022948989.23
XRP,12/3/2024,12/4/2024,2.706945162,2.831919882,2.306398752,2.531789493,74622934166.00,149712004161.34
XRP,12/2/2024,12/3/2024,2.306702223,2.843054817,2.23360746,2.705188591,67280039519.00,142996834544.59
XRP,12/1/2024,12/2/2024,1.931770005,2.293119326,1.852884348,2.293119326,22462116174.00,111262076159.18
XRP,11/30/2024,12/1/2024,1.812640241,1.945014968,1.769588287,1.93790874,29409092783.00,106681112409.01
XRP,11/29/2024,11/30/2024,1.528623853,1.803154141,1.524554163,1.794011152,16893735826.00,94029480568.43
XRP,11/28/2024,11/29/2024,1.474050869,1.532355143,1.436293501,1.532242255,10835891718.00,83673354596.51
XRP,11/27/2024,11/28/2024,1.389531892,1.513764854,1.362753295,1.471075113,14359121954.00,81622074543.43
XRP,11/26/2024,11/27/2024,1.413556832,1.453507737,1.295748452,1.400622442,17404827070.00,79316402432.87
XRP,11/25/2024,11/26/2024,1.420597478,1.518167038,1.366156137,1.417476377,21155090160.00,82336156766.35
XRP,11/24/2024,11/25/2024,1.468605216,1.498830912,1.317068574,1.430468167,20181086307.00,80904816256.13
XRP,11/23/2024,11/24/2024,1.480360633,1.596135964,1.432323641,1.464989767,31527424338.00,86550793028.97
XRP,11/22/2024,11/23/2024,1.272348209,1.491126611,1.255071616,1.452946004,32031245113.00,80385461784.45
XRP,11/21/2024,11/22/2024,1.106776322,1.239442229,1.085711881,1.239442229,11841905511.00,64573200736.11
XRP,11/20/2024,11/21/2024,1.1084373,1.145855282,1.069462595,1.10283659,9733238422.00,62723024848.61
XRP,11/19/2024,11/20/2024,1.118992079,1.145391622,1.076594871,1.10176756,12136492358.00,62869453540.78
XRP,11/18/2024,11/19/2024,1.070143355,1.181324667,1.070143355,1.117844596,17038717701.00,64258692523.89
XRP,11/17/2024,11/18/2024,1.140203383,1.150043116,1.008880948,1.059123013,31663693925.00,60783749843.95
XRP,11/16/2024,11/17/2024,0.898861629,1.225245848,0.880584906,1.118432195,27194207848.00,59390991765.79
XRP,11/15/2024,11/16/2024,0.783206843,0.924520576,0.777756205,0.89093456,19870757824.00,48058826321.34
XRP,11/14/2024,11/15/2024,0.687988017,0.843191738,0.685963685,0.773508361,10892700509.00,41443642091.72
XRP,11/13/2024,11/14/2024,0.71113426,0.735262052,0.644138835,0.690852718,15852477109.00,39006978825.80
XRP,11/12/2024,11/13/2024,0.611782385,0.735279565,0.599684726,0.710224006,11449496718.00,36995693908.34
XRP,11/11/2024,11/12/2024,0.588368576,0.628160987,0.572639847,0.619647335,5867473648.00,33469834057.45
XRP,11/10/2024,11/11/2024,0.556902913,0.615061504,0.556546802,0.58837261,4069344589.00,33215816967.71
XRP,11/9/2024,11/10/2024,0.552358136,0.56076467,0.546015527,0.558229562,2097396120.00,31158910723.25
XRP,11/8/2024,11/9/2024,0.554998898,0.558687019,0.542908834,0.553973401,2307811415.00,31164158143.28
XRP,11/7/2024,11/8/2024,0.53980815,0.571271766,0.537068874,0.554388589,3247735975.00,31189779957.04
XRP,11/6/2024,11/7/2024,0.515324184,0.54475735,0.51495291,0.541219779,2793466168.00,30135074878.25
XRP,11/5/2024,11/6/2024,0.504563633,0.518279665,0.503020465,0.513717489,1640513409.00,28889457289.65
XRP,11/4/2024,11/5/2024,0.503088201,0.514766348,0.498485406,0.503903135,1495619724.00,28750803673.54
XRP,11/3/2024,11/4/2024,0.511199055,0.511678885,0.494403153,0.503985636,1153039859.00,28472753829.61
XRP,11/2/2024,11/3/2024,0.514004105,0.516616977,0.508585506,0.510817188,1347651051.00,28986916663.81
XRP,11/1/2024,11/2/2024,0.510996996,0.523405223,0.505511749,0.513639924,1906566885.00,29184868505.12
XRP,10/31/2024,11/1/2024,0.524022387,0.524151343,0.504708662,0.510372771,1319683053.00,29186811053.17
XRP,10/30/2024,10/31/2024,0.528109681,0.528109681,0.520272249,0.523629204,1433023926.00,29654297616.03
XRP,10/29/2024,10/30/2024,0.519326615,0.530504436,0.518923433,0.528071217,1420259660.00,29707186973.64
XRP,10/28/2024,10/29/2024,0.517232954,0.521563661,0.512404038,0.519401008,926521357.00,29236414514.54
XRP,10/27/2024,10/28/2024,0.51307591,0.51780956,0.511339652,0.517024545,738136370.70,29118988513.93
XRP,10/26/2024,10/27/2024,0.499770601,0.514740597,0.499770601,0.513504936,2048019933.00,28949958644.87
XRP,10/25/2024,10/26/2024,0.531553297,0.531553297,0.493220973,0.500838011,2057418873.00,29567222270.74
XRP,10/24/2024,10/25/2024,0.525783668,0.533146863,0.524569933,0.531787726,1452871301.00,29951493190.49
XRP,10/23/2024,10/24/2024,0.533466474,0.533550035,0.513730193,0.525923576,1482064841.00,29767363135.89
XRP,10/22/2024,10/23/2024,0.545699606,0.548790248,0.53062351,0.533540682,1803077740.00,30402130985.80
XRP,10/21/2024,10/22/2024,0.547418598,0.558889092,0.541729342,0.544926256,1685238086.00,30996815567.98
XRP,10/20/2024,10/21/2024,0.543894562,0.547440393,0.537625747,0.546608348,858529444.20,30678148609.01
XRP,10/19/2024,10/20/2024,0.546172428,0.548777531,0.54092855,0.543949941,1140783740.00,30806197637.14
XRP,10/18/2024,10/19/2024,0.543649014,0.55159178,0.539809786,0.545887977,1810546770.00,30868381985.38
XRP,10/17/2024,10/18/2024,0.548207233,0.561680325,0.542799707,0.543405386,2059594408.00,31140616240.69
XRP,10/16/2024,10/17/2024,0.541080738,0.551977421,0.537839857,0.547573942,1804957184.00,30812792985.63
XRP,10/15/2024,10/16/2024,0.546702181,0.553841233,0.533419739,0.541053941,1899936065.00,30745367088.46
XRP,10/14/2024,10/15/2024,0.532086015,0.548996346,0.528829041,0.547571996,1311757305.00,30554700287.43
XRP,10/13/2024,10/14/2024,0.539380451,0.539578407,0.526678953,0.532027421,855356910.10,30161845516.31
XRP,10/12/2024,10/13/2024,0.538409881,0.542298626,0.535863763,0.539821383,1080950356.00,30497686783.33
XRP,10/11/2024,10/12/2024,0.530001209,0.54105859,0.530001209,0.538137155,1804071267.00,30376293120.38
XRP,10/10/2024,10/11/2024,0.525018697,0.542470255,0.523555065,0.530408301,1562040446.00,29934997902.21
XRP,10/9/2024,10/10/2024,0.531515655,0.534333028,0.523362555,0.525189382,1331522450.00,30023590626.29
XRP,10/8/2024,10/9/2024,0.531212906,0.534130559,0.523181303,0.531400118,1681695728.00,29991652552.78
XRP,10/7/2024,10/8/2024,0.533956096,0.545166828,0.530353559,0.530353559,1427330111.00,30492358061.13
XRP,10/6/2024,10/7/2024,0.529561563,0.536466349,0.52914776,0.53355038,977145987.40,30096913063.94
XRP,10/5/2024,10/6/2024,0.53331734,0.534876084,0.52752278,0.530220512,1644484343.00,30070914355.24
XRP,10/4/2024,10/5/2024,0.524167365,0.537351154,0.517086718,0.534186836,2789311801.00,29818410253.73
XRP,10/3/2024,10/4/2024,0.536150513,0.544408534,0.511270469,0.52357028,5212722535.00,29817769002.28
XRP,10/2/2024,10/3/2024,0.597040316,0.606987697,0.53408768,0.541767757,5002946848.00,33194473235.92
XRP,10/1/2024,10/2/2024,0.61377587,0.633256703,0.590211617,0.598650142,3447052620.00,34863932348.06
XRP,9/30/2024,10/1/2024,0.641164372,0.652318121,0.613122788,0.613265394,4507259285.00,35836113926.89
XRP,9/29/2024,9/30/2024,0.615231872,0.661105674,0.609398924,0.642491835,4008543019.00,35709500043.88
XRP,9/28/2024,9/29/2024,0.590045383,0.6252013,0.586933754,0.614549396,2991480861.00,34363023704.55
XRP,9/27/2024,9/28/2024,0.59052919,0.595957284,0.583859293,0.589603535,1826360987.00,33246776651.07
XRP,9/26/2024,9/27/2024,0.584063556,0.595594405,0.577095024,0.590337301,1573131030.00,33198332645.46
XRP,9/25/2024,9/26/2024,0.590780162,0.594878033,0.583440636,0.584298448,1495849299.00,33227102220.38
XRP,9/24/2024,9/25/2024,0.585434949,0.592586181,0.582430342,0.591595289,1376655542.00,33137260214.16
XRP,9/23/2024,9/24/2024,0.58778202,0.595115422,0.58277896,0.585369513,1566896524.00,33172543348.39
XRP,9/22/2024,9/23/2024,0.595536308,0.603643229,0.581326822,0.588455963,1726159005.00,33465013114.18
XRP,9/21/2024,9/22/2024,0.584130781,0.607883371,0.580384539,0.597808394,1457431395.00,33182793352.97
XRP,9/20/2024,9/21/2024,0.587327023,0.591946129,0.577294568,0.584536174,2003636407.00,32986457541.63
XRP,9/19/2024,9/20/2024,0.585774496,0.593863446,0.582033248,0.587617535,2053389816.00,33112256467.45
XRP,9/18/2024,9/19/2024,0.584807755,0.585908832,0.564987784,0.585435871,1668793153.00,32550063483.47
XRP,9/17/2024,9/18/2024,0.585852444,0.591505039,0.580374046,0.585628194,1950445857.00,33079049090.09
XRP,9/16/2024,9/17/2024,0.572305386,0.589706355,0.561970626,0.586464744,1812981765.00,32353603843.28
XRP,9/15/2024,9/16/2024,0.595019237,0.595019237,0.572568055,0.572568055,1826222297.00,33086276905.04
XRP,9/14/2024,9/15/2024,0.572146459,0.59916639,0.571428701,0.596883895,1956399353.00,32937772908.10
XRP,9/13/2024,9/14/2024,0.561646924,0.574127846,0.557040695,0.572881561,2821171753.00,31954191580.46
XRP,9/12/2024,9/13/2024,0.535568707,0.573229594,0.534438531,0.563181176,2068426762.00,30945068156.96
XRP,9/11/2024,9/12/2024,0.541340421,0.541340421,0.525022714,0.535923956,1228862154.00,30116058334.33
XRP,9/10/2024,9/11/2024,0.539139046,0.543020435,0.534461392,0.541753941,1163551102.00,30335075936.32
XRP,9/9/2024,9/10/2024,0.529812566,0.542802122,0.528321864,0.540117586,981760683.10,30049778116.58
XRP,9/8/2024,9/9/2024,0.525740553,0.532113065,0.522862368,0.530226274,732684938.10,29764155335.58
XRP,9/7/2024,9/8/2024,0.522474511,0.533659859,0.520918486,0.526178505,1806712664.00,29717195386.92
XRP,9/6/2024,9/7/2024,0.545967256,0.548020511,0.508032256,0.522162732,1671203738.00,30026237556.40
XRP,9/5/2024,9/6/2024,0.558817015,0.560277616,0.542301735,0.545449731,1359998041.00,31009470247.53
XRP,9/4/2024,9/5/2024,0.559753155,0.565085962,0.539891003,0.559047807,1609585825.00,31277721218.07
XRP,9/3/2024,9/4/2024,0.567604321,0.572693457,0.559631081,0.559631081,1232322902.00,31888489061.82
XRP,9/2/2024,9/3/2024,0.549601512,0.569258882,0.546944332,0.568276693,1348510285.00,31314386981.69
XRP,9/1/2024,9/2/2024,0.567685316,0.567957109,0.546574871,0.549715789,818383418.00,31470886264.63
XRP,8/31/2024,9/1/2024,0.567466466,0.572396909,0.564833089,0.567472883,1294351189.00,31943365392.40
XRP,8/30/2024,8/31/2024,0.562729902,0.56827137,0.549619698,0.568080599,1622206337.00,31215821334.28
XRP,8/29/2024,8/30/2024,0.570068811,0.577470531,0.559805599,0.562971777,1805735917.00,31670894724.12
XRP,8/28/2024,8/29/2024,0.566261122,0.584706418,0.559410014,0.570426683,2762236615.00,31750132603.73
XRP,8/27/2024,8/28/2024,0.588457384,0.599776982,0.562083267,0.568721102,1914229582.00,32707652049.75
XRP,8/26/2024,8/27/2024,0.602498616,0.603240771,0.581431963,0.588228297,1536102604.00,32902541265.65
XRP,8/25/2024,8/26/2024,0.613774328,0.614450683,0.597844114,0.601152854,1944173058.00,33524929792.44
XRP,8/24/2024,8/25/2024,0.611042402,0.629246394,0.605756552,0.614279396,2043215435.00,34076631057.51
XRP,8/23/2024,8/24/2024,0.598231884,0.615462545,0.595150884,0.61081238,1683979516.00,33400554305.01
XRP,8/22/2024,8/23/2024,0.601429748,0.604324079,0.594941358,0.598253963,1837785469.00,33238451072.55
XRP,8/21/2024,8/22/2024,0.596754492,0.605400656,0.588561842,0.600992347,2009988262.00,33185435899.08
XRP,8/20/2024,8/21/2024,0.599678377,0.61458023,0.591083866,0.596602633,2938919145.00,33485957349.06
XRP,8/19/2024,8/20/2024,0.563971006,0.60970425,0.563707578,0.600328405,2101064463.00,32342888623.20
XRP,8/18/2024,8/19/2024,0.56813694,0.578890606,0.566593946,0.566593946,909662638.60,31649953662.31
XRP,8/17/2024,8/18/2024,0.565012808,0.571640617,0.563500865,0.567999682,1290042176.00,31432326999.01
XRP,8/16/2024,8/17/2024,0.562072322,0.571008092,0.556994936,0.56572107,2029888401.00,31358731940.82
XRP,8/15/2024,8/16/2024,0.570879877,0.575270773,0.553619924,0.562561121,1886637566.00,31464779221.55
XRP,8/14/2024,8/15/2024,0.578399677,0.583115748,0.56838949,0.570495199,2269609317.00,31938856745.06
XRP,8/13/2024,8/14/2024,0.569818285,0.58364108,0.564549394,0.577481021,2598182618.00,31836350595.42
XRP,8/12/2024,8/13/2024,0.556129074,0.580531833,0.555318937,0.569947618,2853752181.00,31566029481.57
XRP,8/11/2024,8/12/2024,0.58822748,0.594996676,0.55028336,0.5560806,2202177175.00,32068208358.07
XRP,8/10/2024,8/11/2024,0.58139737,0.602856675,0.581058347,0.587747525,3024775967.00,32825276824.11
XRP,8/9/2024,8/10/2024,0.616324465,0.625328575,0.572082866,0.583238001,5390082935.00,32915120180.34
XRP,8/8/2024,8/9/2024,0.600909596,0.640140242,0.582535878,0.619752945,10205353903.00,34011078987.51
XRP,8/7/2024,8/8/2024,0.507736511,0.635584427,0.496322802,0.60399979,3095427722.00,29264586397.83
XRP,8/6/2024,8/7/2024,0.495266591,0.520092079,0.495266591,0.508009155,4288002327.00,28359040408.91
XRP,8/5/2024,8/6/2024,0.527109098,0.527109098,0.437324023,0.493081766,5443686881.00,26540002066.28
XRP,8/4/2024,8/5/2024,0.557199817,0.560029725,0.519137996,0.525434945,1931897724.00,30166884060.51
XRP,8/3/2024,8/4/2024,0.564106037,0.577418855,0.544114333,0.558212572,9720909757.00,31221900165.23
XRP,8/2/2024,8/3/2024,0.596731364,0.597849259,0.552298297,0.563461791,3876632021.00,31796963439.38
XRP,8/1/2024,8/2/2024,0.626980784,0.631049296,0.574864405,0.598683722,4496135702.00,33469127709.29
XRP,7/31/2024,8/1/2024,0.62802774,0.658319998,0.625642683,0.625889521,5582363483.00,35731821361.70
XRP,7/30/2024,7/31/2024,0.602389118,0.634203301,0.597175197,0.628170797,3177701428.00,34131785453.33
XRP,7/29/2024,7/30/2024,0.602116014,0.612270524,0.594960806,0.60280821,1832259807.00,33587305236.87
XRP,7/28/2024,7/29/2024,0.595232132,0.612805181,0.593481785,0.603011071,2077903288.00,33418038898.26
XRP,7/27/2024,7/28/2024,0.602794489,0.608508107,0.589340395,0.598571604,2009175309.00,33263337460.26
XRP,7/26/2024,7/27/2024,0.601317074,0.608749005,0.589263107,0.604797635,3667668188.00,33343995099.45
XRP,7/25/2024,7/26/2024,0.620813074,0.623680361,0.588528136,0.601261587,4442726676.00,33692581632.85
XRP,7/24/2024,7/25/2024,0.599783081,0.632601894,0.593709691,0.619265681,3357156104.00,34083811622.80
XRP,7/23/2024,7/24/2024,0.607717059,0.617036375,0.585847369,0.599150386,3581132356.00,33297994641.57
XRP,7/22/2024,7/23/2024,0.597560645,0.622777583,0.587752973,0.607421655,3461574138.00,33552438081.46
XRP,7/21/2024,7/22/2024,0.593978044,0.606435191,0.578318961,0.597905596,2774352474.00,32812710194.63
XRP,7/20/2024,7/21/2024,0.573802157,0.602953822,0.572753169,0.59554241,3870872944.00,32746651280.65
XRP,7/19/2024,7/20/2024,0.570255364,0.58543324,0.542563159,0.573828467,4770115252.00,31123734129.97
XRP,7/18/2024,7/19/2024,0.630355926,0.634925361,0.561000146,0.5704946,7204219211.00,32382458337.59
XRP,7/17/2024,7/18/2024,0.583084407,0.636240541,0.581693789,0.626220761,6975752608.00,33812689831.98
XRP,7/16/2024,7/17/2024,0.538047323,0.592570467,0.534432529,0.579274589,5152341039.00,31154832645.03
XRP,7/15/2024,7/16/2024,0.5234607,0.539059333,0.5234607,0.537494595,3057316317.00,29448542447.93
XRP,7/14/2024,7/15/2024,0.52869061,0.540325635,0.515934709,0.524204739,5827233453.00,29259031892.13
XRP,7/13/2024,7/14/2024,0.475119924,0.563030979,0.474905651,0.527572886,4479199506.00,28592544085.02
XRP,7/12/2024,7/13/2024,0.449678649,0.477443801,0.446019675,0.47543716,2518601026.00,25685319001.60
XRP,7/11/2024,7/12/2024,0.439279886,0.452456997,0.438774231,0.449819736,1558641292.00,24702820523.94
XRP,7/10/2024,7/11/2024,0.436533376,0.442479156,0.433237149,0.439704592,1468050949.00,24270971694.01
XRP,7/9/2024,7/10/2024,0.431989595,0.438046017,0.428803772,0.437082825,1902963533.00,24099905040.95
XRP,7/8/2024,7/9/2024,0.421127246,0.441904118,0.407637828,0.432217499,2002013441.00,23698333012.72
XRP,7/7/2024,7/8/2024,0.448231472,0.448231472,0.421019266,0.421681905,1071099691.00,24144659771.11
XRP,7/6/2024,7/7/2024,0.424460481,0.448963723,0.424460481,0.448490484,1643549190.00,24193062029.73
XRP,7/5/2024,7/6/2024,0.428341256,0.432101079,0.392426913,0.425699969,3066479159.00,23086315635.43
XRP,7/4/2024,7/5/2024,0.467576969,0.469930878,0.435070977,0.435070977,1910854072.00,24995882145.90
XRP,7/3/2024,7/4/2024,0.485421078,0.486616187,0.463379774,0.467753837,1353012044.00,26406581574.38
XRP,7/2/2024,7/3/2024,0.477206304,0.488159927,0.476745361,0.485135071,1139157386.00,26734353552.52
XRP,7/1/2024,7/2/2024,0.476560534,0.483254843,0.476321174,0.477380013,923014022.20,26571443772.25
XRP,6/30/2024,7/1/2024,0.47338462,0.47834108,0.471536315,0.477088038,584824512.20,26285874098.50
XRP,6/29/2024,6/30/2024,0.47196425,0.476714537,0.47196425,0.473176273,898367638.90,26325340350.68
XRP,6/28/2024,6/29/2024,0.476385602,0.480964916,0.471346694,0.471941739,1150808440.00,26390289977.40
XRP,6/27/2024,6/28/2024,0.47031706,0.477220487,0.466869469,0.475566515,1116628016.00,26161247759.70
XRP,6/26/2024,6/27/2024,0.47583087,0.478334212,0.467323778,0.470449173,1122097451.00,26238018841.62
XRP,6/25/2024,6/26/2024,0.47469751,0.479526859,0.473918377,0.476401796,1439406228.00,26436475487.05
XRP,6/24/2024,6/25/2024,0.480887937,0.481962051,0.465944518,0.474849432,1297641144.00,26351045681.12
XRP,6/23/2024,6/24/2024,0.487763997,0.490353193,0.479130707,0.48088708,571628852.40,26964864008.22
XRP,6/22/2024,6/23/2024,0.489628774,0.489960903,0.485290316,0.487914596,1095184975.00,27041644760.33
XRP,6/21/2024,6/22/2024,0.489741843,0.494935854,0.481042229,0.489432713,1421411122.00,27088311889.48
XRP,6/20/2024,6/21/2024,0.493271166,0.501850161,0.489728376,0.489728376,1403997689.00,27438235669.14
XRP,6/19/2024,6/20/2024,0.490289198,0.499533804,0.48879053,0.493831344,1897693941.00,27398439343.40
XRP,6/18/2024,6/19/2024,0.505777667,0.508069015,0.478843817,0.491463264,3310434824.00,27245432343.91
XRP,6/17/2024,6/18/2024,0.489550402,0.518576614,0.485936954,0.505290301,1871796551.00,27783371429.13
XRP,6/16/2024,6/17/2024,0.490144115,0.49849332,0.488657476,0.489506732,1198753835.00,27216633063.86
XRP,6/15/2024,6/16/2024,0.475127531,0.501285967,0.474702051,0.49133811,1317773694.00,26750339031.43
XRP,6/14/2024,6/15/2024,0.479067953,0.481607461,0.465829816,0.474797055,1452077678.00,26410879404.48
XRP,6/13/2024,6/14/2024,0.491206269,0.49135508,0.47782626,0.477969278,1618770636.00,26917289416.21
XRP,6/12/2024,6/13/2024,0.481460451,0.497550991,0.476389094,0.49186828,1754225546.00,27007549631.44
XRP,6/11/2024,6/12/2024,0.497285689,0.497285689,0.473922549,0.481293891,1837527476.00,26877284861.07
XRP,6/10/2024,6/11/2024,0.499497816,0.505601874,0.495120739,0.497350679,1034976231.00,27657048939.02
XRP,6/9/2024,6/10/2024,0.493777583,0.500126781,0.493100983,0.49948821,911111269.10,27507049191.41
XRP,6/8/2024,6/9/2024,0.497943503,0.500659885,0.491813622,0.494223866,2472752904.00,27524693339.63
XRP,6/7/2024,6/8/2024,0.522043681,0.527804986,0.475625765,0.499335927,1764930334.00,28653404947.23
XRP,6/6/2024,6/7/2024,0.526148074,0.528028198,0.519213758,0.52246848,1320440042.00,29095377907.80
XRP,6/5/2024,6/6/2024,0.52605711,0.530571946,0.524982827,0.526182374,1483698328.00,29220690803.16
XRP,6/4/2024,6/5/2024,0.520175098,0.529443142,0.518801676,0.525985924,1303555292.00,29017890825.58
XRP,6/3/2024,6/4/2024,0.514729593,0.522865939,0.513832657,0.520427663,1177328812.00,28806067225.38
XRP,6/2/2024,6/3/2024,0.519137257,0.520193673,0.510338813,0.514222871,751261785.60,28654072391.29
XRP,6/1/2024,6/2/2024,0.51824186,0.521772774,0.517926207,0.519245576,1044579941.00,28817932010.71
XRP,5/31/2024,6/1/2024,0.519194099,0.5237171,0.514041429,0.518523449,1364741951.00,28793043920.02
XRP,5/30/2024,5/31/2024,0.524481683,0.527908545,0.514630553,0.519559048,1400986727.00,28972001293.83
XRP,5/29/2024,5/30/2024,0.529527692,0.532329226,0.521840765,0.524010497,1306105227.00,29264500678.76
XRP,5/28/2024,5/29/2024,0.534310816,0.53502544,0.523627005,0.529174694,1391662540.00,29316015063.24
XRP,5/27/2024,5/28/2024,0.529012163,0.539973122,0.525192289,0.534493578,997704147.40,29542902964.45
XRP,5/26/2024,5/27/2024,0.541952029,0.542170816,0.528475107,0.529325348,794187188.60,29704144926.48
XRP,5/25/2024,5/26/2024,0.535365189,0.542480381,0.534087311,0.54193457,1129302281.00,29815601914.21
XRP,5/24/2024,5/25/2024,0.527967147,0.536374145,0.518817778,0.536015497,2485042632.00,29385848368.88
XRP,5/23/2024,5/24/2024,0.527507184,0.538405756,0.511761492,0.528996895,1823340421.00,29136882599.71
XRP,5/22/2024,5/23/2024,0.5368146,0.537307584,0.524696544,0.527322493,2013089613.00,29450656245.30
XRP,5/21/2024,5/22/2024,0.536293145,0.555119172,0.533186931,0.537285589,2360578982.00,29858623105.08
XRP,5/20/2024,5/21/2024,0.511884231,0.536803074,0.509321113,0.536613427,1067641399.00,28680134103.55
XRP,5/19/2024,5/20/2024,0.522346545,0.524511369,0.509633074,0.511639727,662550897.70,28624425664.48
XRP,5/18/2024,5/19/2024,0.523871773,0.526337872,0.520911059,0.52241252,920566341.10,28949269426.27
XRP,5/17/2024,5/18/2024,0.516919563,0.528762679,0.515069189,0.524514322,1313785003.00,28841435250.64
XRP,5/16/2024,5/17/2024,0.519397625,0.521773376,0.514565381,0.516876026,1435684071.00,28696740928.04
XRP,5/15/2024,5/16/2024,0.501474845,0.519989227,0.4992838,0.519547542,1343945348.00,28116539499.22
XRP,5/14/2024,5/15/2024,0.50548707,0.509954633,0.499768853,0.501041514,1383132997.00,27992031907.72
XRP,5/13/2024,5/14/2024,0.502213193,0.511453992,0.490599681,0.505450535,1267469563.00,27884997577.79
XRP,5/12/2024,5/13/2024,0.506584681,0.509655637,0.500640347,0.501764715,668548017.60,28000457524.47
XRP,5/11/2024,5/12/2024,0.503693533,0.508342037,0.502361592,0.507168726,1307927256.00,27997957762.37
XRP,5/10/2024,5/11/2024,0.520665001,0.520665001,0.500452658,0.503176364,1510137850.00,28340790566.31
XRP,5/9/2024,5/10/2024,0.518760414,0.524241937,0.511479921,0.521803627,1562944227.00,28712018122.37
XRP,5/8/2024,5/9/2024,0.52657928,0.529552975,0.516974463,0.518767268,1821002857.00,28936070632.42
XRP,5/7/2024,5/8/2024,0.540915959,0.544281999,0.524653614,0.525930634,2706965654.00,29748517081.31
XRP,5/6/2024,5/7/2024,0.531573015,0.5681894,0.527872103,0.541759518,1637337339.00,29825716104.68
XRP,5/5/2024,5/6/2024,0.531277986,0.534331791,0.526354993,0.53124422,1001046907.00,29304846769.46
XRP,5/4/2024,5/5/2024,0.53205129,0.540903382,0.528880625,0.531608022,1423728287.00,29454016901.93
XRP,5/3/2024,5/4/2024,0.519273524,0.536490568,0.516121612,0.532663729,1677126519.00,28978833497.02
XRP,5/2/2024,5/3/2024,0.518677948,0.524610753,0.508194654,0.5191789,5448163174.00,28615359391.29
XRP,5/1/2024,5/2/2024,0.501434428,0.520510491,0.481527818,0.516499907,15365656024.00,27709730363.24
XRP,4/30/2024,5/1/2024,0.514809075,0.520435582,0.490022384,0.500173415,15500605074.00,27833981526.23
XRP,4/29/2024,4/30/2024,0.510925685,0.517801804,0.500236259,0.515133703,15338165344.00,28176152257.09
XRP,4/28/2024,4/29/2024,0.518386948,0.525921336,0.509269575,0.510219271,15036285340.00,28726384870.99
XRP,4/27/2024,4/28/2024,0.525722088,0.526509361,0.510926319,0.519127808,15507049010.00,28575265156.38
XRP,4/26/2024,4/27/2024,0.52579639,0.53572038,0.516076041,0.52587935,16102220879.00,28961173681.94
XRP,4/25/2024,4/26/2024,0.528175032,0.532787976,0.513751335,0.525721086,16478807247.00,28960742662.48
XRP,4/24/2024,4/25/2024,0.545780905,0.552207212,0.522062561,0.527390536,16683295783.00,29768110075.09
XRP,4/23/2024,4/24/2024,0.556164794,0.557163582,0.541838765,0.545207505,17241829809.00,30286076208.45
XRP,4/22/2024,4/23/2024,0.524305569,0.567158384,0.522697737,0.55546979,16539816445.00,29729497618.23
XRP,4/21/2024,4/22/2024,0.526873495,0.535525058,0.519631277,0.524404902,16059796709.00,29074416699.49
XRP,4/20/2024,4/21/2024,0.503185253,0.530002466,0.499079458,0.528612713,16683741601.00,28547861140.04
XRP,4/19/2024,4/20/2024,0.501310895,0.510195384,0.470013381,0.503912145,17117017647.00,27418948179.92
XRP,4/18/2024,4/19/2024,0.496112515,0.504528225,0.486464281,0.502339609,16536291782.00,27365273936.48
XRP,4/17/2024,4/18/2024,0.495978496,0.507181482,0.475654997,0.494888543,16578719564.00,27227117659.66
XRP,4/16/2024,4/17/2024,0.496937162,0.500634932,0.479793296,0.496736519,17483860997.00,27112505260.86
XRP,4/15/2024,4/16/2024,0.502025001,0.518702508,0.482722211,0.497329667,18159746346.00,27694993572.28
XRP,4/14/2024,4/15/2024,0.479910842,0.5066809,0.465776735,0.503997979,21018437071.00,26855037753.69
XRP,4/13/2024,4/14/2024,0.545796018,0.548372519,0.430361375,0.48004954,19643263958.00,29044763288.91
XRP,4/12/2024,4/13/2024,0.609437944,0.614962799,0.520658997,0.548341574,17870757980.00,32475322706.60
XRP,4/11/2024,4/12/2024,0.616488083,0.621427076,0.603510677,0.609406554,18397741843.00,33791833555.61
XRP,4/10/2024,4/11/2024,0.613730694,0.621120088,0.596854602,0.617207637,18959958492.00,33639835902.06
XRP,4/9/2024,4/10/2024,0.616682469,0.639545441,0.601880992,0.614056182,14179042207.00,34045373814.84
XRP,4/8/2024,4/9/2024,0.594672365,0.62663339,0.590491225,0.615898421,2342125632.00,33511054013.73
XRP,4/7/2024,4/8/2024,0.593582473,0.601612326,0.591060403,0.595463882,1408323718.00,32826309495.69
XRP,4/6/2024,4/7/2024,0.58693657,0.597449965,0.586846334,0.594002608,1808003787.00,32522333493.25
XRP,4/5/2024,4/6/2024,0.59260524,0.593211728,0.571072146,0.588236794,3249302917.00,32135554247.05
XRP,4/4/2024,4/5/2024,0.575520182,0.61013714,0.565118842,0.592980958,2981494067.00,32075357296.99
XRP,4/3/2024,4/4/2024,0.58719119,0.592231456,0.569430653,0.576032669,2955133573.00,32005919008.03
XRP,4/2/2024,4/3/2024,0.611619715,0.617365382,0.581725371,0.58626048,3476214029.00,32657856248.00
XRP,4/1/2024,4/2/2024,0.629709473,0.632656433,0.59943616,0.611659808,2166222712.00,33801130543.99
XRP,3/31/2024,4/1/2024,0.621855954,0.630200188,0.621855954,0.629618754,1508106566.00,34457034923.79
XRP,3/30/2024,3/31/2024,0.629073182,0.634266377,0.619622264,0.622369193,2419614361.00,34460727233.42
XRP,3/29/2024,3/30/2024,0.624574005,0.640618192,0.611818052,0.630682127,2873365748.00,34301768484.74
XRP,3/28/2024,3/29/2024,0.613122384,0.634491684,0.606355642,0.624739593,2962968051.00,34094112755.57
XRP,3/27/2024,3/28/2024,0.632252078,0.634488889,0.610240094,0.612571749,2977050543.00,34116924752.59
XRP,3/26/2024,3/27/2024,0.640156937,0.651826434,0.627652846,0.632839411,3408270958.00,35129654312.36
XRP,3/25/2024,3/26/2024,0.632221104,0.657027796,0.628354281,0.640891612,2407114378.00,35013606682.98
XRP,3/24/2024,3/25/2024,0.619423812,0.636031976,0.615779926,0.634087304,1961402623.00,34491152280.42
XRP,3/23/2024,3/24/2024,0.610882333,0.63098195,0.607345967,0.619047939,2535083049.00,34054218330.15
XRP,3/22/2024,3/23/2024,0.641175772,0.643948844,0.603170885,0.611242602,4355696575.00,34124827530.58
XRP,3/21/2024,3/22/2024,0.610355888,0.649228439,0.601918742,0.641284759,4474166539.00,34140842263.13
XRP,3/20/2024,3/21/2024,0.585876824,0.616785211,0.574781825,0.612501899,4822829610.00,32576741807.59
XRP,3/19/2024,3/20/2024,0.641993397,0.641993397,0.57671394,0.586494182,6416398447.00,32987812996.10
XRP,3/18/2024,3/19/2024,0.618635445,0.65682806,0.598905026,0.646875266,3000783210.00,33656703686.92
XRP,3/17/2024,3/18/2024,0.606347688,0.624575173,0.593116586,0.620883794,3804877147.00,33696126789.86
XRP,3/16/2024,3/17/2024,0.636351118,0.644646748,0.598376814,0.603954499,4124950823.00,34336687325.43
XRP,3/15/2024,3/16/2024,0.670803565,0.674699804,0.602671952,0.635206412,6322232532.00,34728118230.96
XRP,3/14/2024,3/15/2024,0.688996974,0.701718751,0.646070556,0.670325513,4363109546.00,37104515967.03
XRP,3/13/2024,3/14/2024,0.686632609,0.700175257,0.67403075,0.691220099,5432784713.00,37724603158.78
XRP,3/12/2024,3/13/2024,0.716518945,0.725038565,0.67069867,0.688712299,10837575047.00,38045709007.60
XRP,3/11/2024,3/12/2024,0.60855434,0.741781214,0.595881058,0.71780748,5363046579.00,35739967845.06
XRP,3/10/2024,3/11/2024,0.621344405,0.62817562,0.601669516,0.609149789,2391255683.00,33851977111.79
XRP,3/9/2024,3/10/2024,0.620304059,0.632098656,0.619618584,0.622415479,3020704898.00,34181849563.87
XRP,3/8/2024,3/9/2024,0.629175349,0.633587133,0.606578405,0.621518106,3421539553.00,34150653008.36
XRP,3/7/2024,3/8/2024,0.611816745,0.638257844,0.60894761,0.628835354,4194152207.00,34102859873.23
XRP,3/6/2024,3/7/2024,0.592268032,0.624268352,0.578157568,0.612585666,6729833933.00,33042564843.07
XRP,3/5/2024,3/6/2024,0.646657186,0.666976588,0.572120325,0.594162587,6685573279.00,34600956154.33
XRP,3/4/2024,3/5/2024,0.628481665,0.664266518,0.624512484,0.649893272,4440941582.00,35287097155.57
XRP,3/3/2024,3/4/2024,0.642188607,0.642188607,0.609592035,0.627993148,3862832593.00,34321698367.54
XRP,3/2/2024,3/3/2024,0.601363337,0.648343068,0.601363337,0.644363879,4203448130.00,34519948355.47
XRP,3/1/2024,3/2/2024,0.587658431,0.603730344,0.584857527,0.601904679,4510578056.00,32389352980.02
XRP,2/29/2024,3/1/2024,0.573749862,0.621340923,0.570499503,0.586850091,5978731447.00,32503175043.93
XRP,2/28/2024,2/29/2024,0.589998456,0.605137922,0.557649904,0.57665741,4536903482.00,31731229537.39
XRP,2/27/2024,2/28/2024,0.551779077,0.593838329,0.549248555,0.587580477,2852348938.00,30837797558.71
XRP,2/26/2024,2/27/2024,0.546339641,0.552864496,0.532712687,0.552393359,1469049606.00,29701549150.33
XRP,2/25/2024,2/26/2024,0.547843454,0.550896923,0.544919353,0.546522875,1093069913.00,29920270778.04
XRP,2/24/2024,2/25/2024,0.536167463,0.550594429,0.533978264,0.547919519,1615087979.00,29718661476.39
XRP,2/23/2024,2/24/2024,0.544112638,0.545846875,0.529033154,0.536702328,1873071873.00,29402744714.12
XRP,2/22/2024,2/23/2024,0.548241234,0.552572988,0.540805875,0.543906063,2062900221.00,29832544274.32
XRP,2/21/2024,2/22/2024,0.563799575,0.563799575,0.53744315,0.549692017,2637427680.00,29902311562.00
XRP,2/20/2024,2/21/2024,0.56255386,0.575177164,0.548306841,0.564198634,2553413473.00,30805703234.22
XRP,2/19/2024,2/20/2024,0.557882377,0.568763587,0.557090344,0.56266668,1440736935.00,30619273756.34
XRP,2/18/2024,2/19/2024,0.551195281,0.563686774,0.550608764,0.557754782,1339316191.00,30447534216.00
XRP,2/17/2024,2/18/2024,0.564912746,0.56626169,0.542592259,0.552135981,1861852842.00,30327165056.19
XRP,2/16/2024,2/17/2024,0.562288024,0.578418295,0.556910785,0.565960217,3000478896.00,30956584717.87
XRP,2/15/2024,2/16/2024,0.539342452,0.573814299,0.538588631,0.563080808,2456777196.00,30072854317.54
XRP,2/14/2024,2/15/2024,0.524775316,0.541921343,0.521832236,0.538752858,1815737339.00,28956560589.15
XRP,2/13/2024,2/14/2024,0.532377731,0.533873409,0.517620087,0.525427375,1763064501.00,28761438472.28
XRP,2/12/2024,2/13/2024,0.527239556,0.536410229,0.516622541,0.532333162,1402131402.00,28655654531.82
XRP,2/11/2024,2/12/2024,0.525782361,0.536179879,0.524293697,0.527248264,1093293201.00,28860594745.86
XRP,2/10/2024,2/11/2024,0.526362924,0.528715795,0.520673602,0.525979513,1275434196.00,28610096474.24
XRP,2/9/2024,2/10/2024,0.515801876,0.528475829,0.514939984,0.526350941,1449751003.00,28413661824.01
XRP,2/8/2024,2/9/2024,0.514091752,0.518598426,0.511010781,0.515050697,1545080903.00,28024992351.64
XRP,2/7/2024,2/8/2024,0.505854667,0.515396111,0.500487848,0.514343285,1365561685.00,27538150630.43
XRP,2/6/2024,2/7/2024,0.506403424,0.511085225,0.500228909,0.506095144,1308169542.00,27520877466.01
XRP,2/5/2024,2/6/2024,0.504576941,0.512816742,0.499052138,0.506917471,1148102017.00,27540384194.26
XRP,2/4/2024,2/5/2024,0.519367424,0.519579854,0.503814086,0.504290885,1208856436.00,27902370470.39
XRP,2/3/2024,2/4/2024,0.509579136,0.525825876,0.506493008,0.51955759,1462568714.00,28050485738.70
XRP,2/2/2024,2/3/2024,0.506109226,0.513054055,0.499936511,0.510417611,1444402632.00,27511024734.20
XRP,2/1/2024,2/2/2024,0.503610265,0.510228432,0.490958544,0.506192002,2096465844.00,27160964784.54
XRP,1/31/2024,2/1/2024,0.511026725,0.514312202,0.497847688,0.503632987,2804832717.00,27646967026.88
XRP,1/30/2024,1/31/2024,0.534464116,0.53889057,0.50866355,0.51144325,1704369061.00,28723020259.88
XRP,1/29/2024,1/30/2024,0.524027526,0.539563383,0.521493942,0.535685281,1212177499.00,28778939125.40
XRP,1/28/2024,1/29/2024,0.531023933,0.536195705,0.5228328,0.524905467,774168640.50,28846505644.89
XRP,1/27/2024,1/28/2024,0.531916715,0.534586228,0.527738759,0.530982059,1274860189.00,28876592214.26
XRP,1/26/2024,1/27/2024,0.513952059,0.535493699,0.509415262,0.531778648,1375726758.00,28304423377.80
XRP,1/25/2024,1/26/2024,0.518204082,0.518204082,0.505246903,0.514477061,1244481423.00,27868506966.65
XRP,1/24/2024,1/25/2024,0.518055134,0.519867923,0.512429829,0.519494146,1838790498.00,28037003787.71
XRP,1/23/2024,1/24/2024,0.528197405,0.532148447,0.498942368,0.518524813,2112717821.00,28040176964.88
XRP,1/22/2024,1/23/2024,0.549313257,0.550123638,0.522932158,0.527422232,1302346458.00,29074200735.30
XRP,1/21/2024,1/22/2024,0.554500337,0.556188934,0.548076788,0.548076788,1012220145.00,30061464545.19
XRP,1/20/2024,1/21/2024,0.544317383,0.555145022,0.540262617,0.554035681,1741822810.00,29781778867.93
XRP,1/19/2024,1/20/2024,0.553710282,0.555903242,0.5246365,0.545233004,1914351025.00,29722436279.24
XRP,1/18/2024,1/19/2024,0.568491891,0.569353919,0.547524044,0.553115547,1438691353.00,30514962214.32
XRP,1/17/2024,1/18/2024,0.576476559,0.576815313,0.565876419,0.568821321,1395678356.00,31028633781.48
XRP,1/16/2024,1/17/2024,0.576780756,0.580086483,0.568963532,0.576953535,1470434573.00,31273152800.53
XRP,1/15/2024,1/16/2024,0.580564737,0.589325534,0.570098702,0.577370617,1682791693.00,31494237342.13
XRP,1/14/2024,1/15/2024,0.576496205,0.592650398,0.573909339,0.576359054,950997864.50,31427053023.83
XRP,1/13/2024,1/14/2024,0.571661078,0.578722951,0.566939523,0.576633562,2096282458.00,31206173915.71
XRP,1/12/2024,1/13/2024,0.603405878,0.604332464,0.562918525,0.57083246,2636402763.00,32087741723.02
XRP,1/11/2024,1/12/2024,0.599241331,0.620465548,0.588436457,0.60304302,3932834743.00,32713702701.03
XRP,1/10/2024,1/11/2024,0.567933683,0.612440604,0.553902904,0.600274073,2939472121.00,30927261117.93
XRP,1/9/2024,1/10/2024,0.577899918,0.577899918,0.55805884,0.566688741,5109505560.00,30834690549.97
XRP,1/8/2024,1/9/2024,0.552199554,0.581146058,0.54978565,0.576517835,8337663726.00,30674333649.53
XRP,1/7/2024,1/8/2024,0.567208196,0.572756211,0.547635352,0.551483859,4008386882.00,30712401467.54
XRP,1/6/2024,1/7/2024,0.575227099,0.575623657,0.559257616,0.568236033,11691394716.00,30814976431.91
XRP,1/5/2024,1/6/2024,0.586458078,0.589252332,0.55807571,0.574671992,8647233872.00,30991215964.19
XRP,1/4/2024,1/5/2024,0.580760046,0.59256405,0.571378272,0.587540239,10197684892.00,31499441287.85
XRP,1/3/2024,1/4/2024,0.626050913,0.638466547,0.537674374,0.582269495,4803596501.00,32639418824.10
XRP,1/2/2024,1/3/2024,0.630779183,0.638333626,0.62383616,0.625961337,1613167238.00,34154551142.58
XRP,1/1/2024,1/2/2024,0.618286197,0.631938618,0.61110925,0.630704682,1172903452.00,33611605847.69
XRP,12/31/2023,1/1/2024,0.622468554,0.628206274,0.613580536,0.615939647,1004464041.00,33725093535.51
XRP,12/30/2023,12/31/2023,0.624024242,0.630553458,0.617846969,0.622685117,1548716343.00,33793627001.23
XRP,12/29/2023,12/30/2023,0.636370279,0.636979563,0.618060976,0.624215631,2221756944.00,34034270771.14
XRP,12/28/2023,12/29/2023,0.635226211,0.654347932,0.628168008,0.635766955,2821941303.00,34555574579.62
XRP,12/27/2023,12/28/2023,0.622309117,0.641887496,0.615867146,0.635557832,2499757342.00,34003076730.79
XRP,12/26/2023,12/27/2023,0.645355965,0.645355965,0.60690971,0.623291201,2783655332.00,33873385520.37
XRP,12/25/2023,12/26/2023,0.615229731,0.647861671,0.610875798,0.64696927,2441440982.00,34112545099.80
XRP,12/24/2023,12/25/2023,0.62085359,0.629249801,0.609435279,0.614692054,1410659258.00,33541321883.22
XRP,12/23/2023,12/24/2023,0.625562608,0.62586664,0.613796367,0.621306384,1594784258.00,33461796786.75
XRP,12/22/2023,12/23/2023,0.625389486,0.627855084,0.617662762,0.626583588,2044071626.00,33632636871.95
XRP,12/21/2023,12/22/2023,0.616785312,0.625421594,0.612466508,0.625339986,2064381449.00,33385377975.33
XRP,12/20/2023,12/21/2023,0.606558588,0.62578411,0.603310128,0.617683957,1857883220.00,33210645941.06
XRP,12/19/2023,12/20/2023,0.612482204,0.616519758,0.599766796,0.606477212,2001979991.00,32921731484.39
XRP,12/18/2023,12/19/2023,0.61267207,0.614795447,0.584957301,0.613357846,2007788175.00,32568741954.10
XRP,12/17/2023,12/18/2023,0.622332516,0.623812179,0.609921268,0.61129129,1197398819.00,33421054961.80
XRP,12/16/2023,12/17/2023,0.617567983,0.627394589,0.6129694,0.620067624,1472778089.00,33577184618.83
XRP,12/15/2023,12/16/2023,0.633253864,0.64114303,0.615232769,0.616051069,2109120328.00,33934735308.29
XRP,12/14/2023,12/15/2023,0.626948619,0.637311147,0.617332558,0.632420589,2122605495.00,33872877326.12
XRP,12/13/2023,12/14/2023,0.618349481,0.633105642,0.599092371,0.627949352,2219079218.00,33081996707.65
XRP,12/12/2023,12/13/2023,0.62041319,0.627117111,0.607828881,0.619648475,2473159489.00,33495266653.80
XRP,12/11/2023,12/12/2023,0.664186998,0.664186998,0.605669673,0.620238892,2826364161.00,33708250845.27
XRP,12/10/2023,12/11/2023,0.663093386,0.671291521,0.650648442,0.663417999,2468134246.00,35797426443.05
XRP,12/9/2023,12/10/2023,0.673263007,0.697001387,0.659233421,0.660287137,3305493922.00,36657137885.66
XRP,12/8/2023,12/9/2023,0.645629272,0.673882858,0.640720435,0.673230122,2522696327.00,35200688370.00
XRP,12/7/2023,12/8/2023,0.639321394,0.65434943,0.629367552,0.643955032,3053468640.00,34486534914.79
XRP,12/6/2023,12/7/2023,0.623357001,0.643620853,0.617327109,0.641771579,2617462296.00,33830852911.90
XRP,12/5/2023,12/6/2023,0.623351091,0.628541,0.60994599,0.622971393,2400544072.00,33308144675.66
XRP,12/4/2023,12/5/2023,0.623525114,0.641269006,0.608834451,0.624634686,2352585617.00,33744876087.74
XRP,12/3/2023,12/4/2023,0.621004636,0.632847676,0.618366424,0.623937944,1301582382.00,33544677448.76
XRP,12/2/2023,12/3/2023,0.613427324,0.622997009,0.612073472,0.621178775,1083789347.00,33174040075.57
XRP,12/1/2023,12/2/2023,0.607212078,0.614570008,0.605034326,0.613188891,1338362986.00,32922615637.75
XRP,11/30/2023,12/1/2023,0.610445189,0.61084906,0.601141374,0.607299115,1458367531.00,32650800960.01
XRP,11/29/2023,11/30/2023,0.611469866,0.616745204,0.606099368,0.610258448,1544259399.00,32912439759.54
XRP,11/28/2023,11/29/2023,0.605083177,0.614171014,0.598198481,0.611378774,1597226020.00,32691046259.45
XRP,11/27/2023,11/28/2023,0.61647714,0.617710694,0.597359955,0.605214592,1895386662.00,32624242607.93
XRP,11/26/2023,11/27/2023,0.624403937,0.637132163,0.614011475,0.617937649,1218777032.00,33498184974.84
XRP,11/25/2023,11/26/2023,0.621266704,0.624565836,0.617452478,0.624565836,1298740639.00,33449537676.80
XRP,11/24/2023,11/25/2023,0.621146351,0.625871417,0.618063781,0.622610759,1809798734.00,33415459409.09
XRP,11/23/2023,11/24/2023,0.612158849,0.623574871,0.607915581,0.620415912,1864879594.00,33066883585.41
XRP,11/22/2023,11/23/2023,0.583994786,0.615701405,0.583994786,0.61225798,2304172084.00,32147849165.67
XRP,11/21/2023,11/22/2023,0.614190261,0.619058374,0.583096298,0.583328351,1938364796.00,32634975453.46
XRP,11/20/2023,11/21/2023,0.62643158,0.62928363,0.611358781,0.613658175,1648476970.00,33409901716.76
XRP,11/19/2023,11/20/2023,0.611308221,0.629408291,0.60462921,0.628523606,1324877110.00,33129345841.31
XRP,11/18/2023,11/19/2023,0.613702898,0.615847871,0.593849661,0.612564706,1744059655.00,32675633033.85
XRP,11/17/2023,11/18/2023,0.614937605,0.625336085,0.592203678,0.614427658,2346896177.00,32969105960.75
XRP,11/16/2023,11/17/2023,0.647701403,0.653185136,0.60956346,0.614812207,2193028850.00,34185310737.14
XRP,11/15/2023,11/16/2023,0.631292286,0.650516239,0.626771587,0.6501989,2737919541.00,34174527418.16
XRP,11/14/2023,11/15/2023,0.670467493,0.670467493,0.607211731,0.63034425,5241873571.00,34987024932.46
XRP,11/13/2023,11/14/2023,0.661368583,0.731862015,0.64664596,0.671821073,2053520353.00,35259577778.22
XRP,11/12/2023,11/13/2023,0.663777739,0.670784515,0.650120804,0.662123622,2104778922.00,35596227676.23
XRP,11/11/2023,11/12/2023,0.659388813,0.684167117,0.644641531,0.663091871,2969650317.00,35730146491.42
XRP,11/10/2023,11/11/2023,0.665770099,0.671391817,0.644881719,0.65997569,4485034096.00,35368837473.54
XRP,11/9/2023,11/10/2023,0.686981529,0.705088567,0.647962133,0.66854016,3800303935.00,36572415785.41
XRP,11/8/2023,11/9/2023,0.684078469,0.697008768,0.674459045,0.688790399,3510747441.00,36818417454.17
XRP,11/7/2023,11/8/2023,0.711428464,0.711428464,0.658394951,0.686622041,5243892777.00,36790465115.47
XRP,11/6/2023,11/7/2023,0.661301017,0.72922983,0.661301017,0.7162101,4559737695.00,37505676294.39
XRP,11/5/2023,11/6/2023,0.618228666,0.660934132,0.616264251,0.660934132,2071546510.00,34219249733.30
XRP,11/4/2023,11/5/2023,0.61227388,0.618681151,0.610577002,0.616754122,1633665441.00,32932848700.91
XRP,11/3/2023,11/4/2023,0.605227111,0.615754491,0.593967617,0.614008025,2696261870.00,32464014743.65
XRP,11/2/2023,11/3/2023,0.609077934,0.623000432,0.595426986,0.607280472,3208586657.00,32675056288.61
XRP,11/1/2023,11/2/2023,0.597841439,0.615213139,0.582235709,0.609769855,3439252258.00,32173501308.29
XRP,10/31/2023,11/1/2023,0.578156175,0.612741408,0.567244784,0.600571018,3328946498.00,31527875293.64
XRP,10/30/2023,10/31/2023,0.55814758,0.58388127,0.551881836,0.579637137,1765888986.00,30365877160.51
XRP,10/29/2023,10/30/2023,0.546788574,0.56216367,0.543928588,0.557623185,937983643.10,29647568619.36
XRP,10/28/2023,10/29/2023,0.544804379,0.551256563,0.542106871,0.546722023,1404272552.00,29300044932.08
XRP,10/27/2023,10/28/2023,0.554529985,0.557433991,0.540170217,0.54696284,2138268856.00,29463281498.18
XRP,10/26/2023,10/27/2023,0.55449326,0.564941935,0.544556941,0.554174132,2533082820.00,29656157723.44
XRP,10/25/2023,10/26/2023,0.558169135,0.562528274,0.542200666,0.555148888,3796628419.00,29614753019.40
XRP,10/24/2023,10/25/2023,0.548015614,0.583112973,0.537193446,0.558117614,4678822073.00,29636035722.55
XRP,10/23/2023,10/24/2023,0.523975034,0.550784263,0.521631246,0.545983554,2080615514.00,28350158756.81
XRP,10/22/2023,10/23/2023,0.521144436,0.52470064,0.516357278,0.522761805,1342028596.00,27813552930.24
XRP,10/21/2023,10/22/2023,0.515858663,0.527585989,0.512433115,0.521266785,1766641644.00,27731610373.31
XRP,10/20/2023,10/21/2023,0.527401983,0.527603651,0.509625169,0.516433874,3599151509.00,27690707380.54
XRP,10/19/2023,10/20/2023,0.488768995,0.52271045,0.479006857,0.519587457,1506451838.00,26091804275.03
XRP,10/18/2023,10/19/2023,0.492309993,0.493058757,0.487868087,0.488694393,1289410799.00,26209660816.03
XRP,10/17/2023,10/18/2023,0.498453421,0.498453421,0.488934608,0.49209996,1733499187.00,26315452429.33
XRP,10/16/2023,10/17/2023,0.489335703,0.505904188,0.487493546,0.497731039,1429172852.00,26392962337.34
XRP,10/15/2023,10/16/2023,0.488422812,0.491387176,0.487266397,0.488909227,610855507.80,26121880197.44
XRP,10/14/2023,10/15/2023,0.48607691,0.488753746,0.484906806,0.487972516,983175536.10,26019074822.02
XRP,10/13/2023,10/14/2023,0.483728347,0.490726582,0.479886236,0.485959529,1327217362.00,25850102498.38
XRP,10/12/2023,10/13/2023,0.489457662,0.489457662,0.476743153,0.483485389,1377047630.00,25801091573.68
XRP,10/11/2023,10/12/2023,0.498270454,0.499032147,0.481864362,0.489556919,1318627015.00,26101522019.82
XRP,10/10/2023,10/11/2023,0.503091443,0.503214102,0.494046081,0.498184845,1382101845.00,26642929840.91
XRP,10/9/2023,10/10/2023,0.519650108,0.521518441,0.495016819,0.503603733,1220673679.00,27122542011.79
XRP,10/8/2023,10/9/2023,0.523851357,0.525654733,0.518302746,0.519180929,583526008.80,27877437112.66
XRP,10/7/2023,10/8/2023,0.526588393,0.526588393,0.522045735,0.523148663,868423961.70,27974641678.06
XRP,10/6/2023,10/7/2023,0.52325344,0.529449244,0.519097476,0.526082056,1331949834.00,27939217016.31
XRP,10/5/2023,10/6/2023,0.532002802,0.532117418,0.519176866,0.523545401,1909994599.00,27995532470.09
XRP,10/4/2023,10/5/2023,0.540082971,0.540538149,0.523512741,0.532734187,3330947582.00,28370960430.53
XRP,10/3/2023,10/4/2023,0.513018463,0.545194399,0.50753706,0.536693704,1552355922.00,27322760639.04
XRP,10/2/2023,10/3/2023,0.525146563,0.5263057,0.511176489,0.513235492,1422359605.00,27767433981.32
XRP,10/1/2023,10/2/2023,0.515178734,0.525829767,0.515178734,0.524556675,924210194.20,27664861274.41
XRP,9/30/2023,10/1/2023,0.520681945,0.520681945,0.515252744,0.515710674,2284046608.00,27579829452.89
XRP,9/29/2023,9/30/2023,0.51041396,0.545197063,0.507222827,0.521448364,2117446582.00,27729221347.53
XRP,9/28/2023,9/29/2023,0.499884876,0.509944815,0.496077816,0.509944815,1386286047.00,26812780886.39
XRP,9/27/2023,9/28/2023,0.502175921,0.507211022,0.49779087,0.499966231,1439446697.00,26745127649.43
XRP,9/26/2023,9/27/2023,0.505668586,0.507148433,0.499061251,0.502023703,1694167288.00,26772781542.30
XRP,9/25/2023,9/26/2023,0.503843444,0.507242519,0.494041304,0.505676963,1525566562.00,26674238499.13
XRP,9/24/2023,9/25/2023,0.509612186,0.51295264,0.503026029,0.504135228,796125295.60,27170277258.59
XRP,9/23/2023,9/24/2023,0.513303651,0.514366038,0.508099678,0.509454254,1325048331.00,27272712121.72
XRP,9/22/2023,9/23/2023,0.509262473,0.516714846,0.507352705,0.512997069,2979771287.00,27269143787.89
XRP,9/21/2023,9/22/2023,0.520746253,0.520746253,0.502306753,0.507896062,2539218353.00,27156426170.18
XRP,9/20/2023,9/21/2023,0.514424775,0.524101358,0.511091506,0.521732262,1956653421.00,27511634366.42
XRP,9/19/2023,9/20/2023,0.504367749,0.516451148,0.502599998,0.514504147,1890423368.00,27127483536.18
XRP,9/18/2023,9/19/2023,0.49438751,0.507660104,0.490704293,0.503680697,1484253114.00,26591906480.54
XRP,9/17/2023,9/18/2023,0.500814625,0.501829936,0.492980747,0.494447646,968151872.70,26474117344.82
XRP,9/16/2023,9/17/2023,0.501057338,0.50430812,0.499700581,0.500954231,1446172096.00,26673963667.09
XRP,9/15/2023,9/16/2023,0.491095037,0.505796149,0.490527098,0.501600521,1883706217.00,26457018061.62
XRP,9/14/2023,9/15/2023,0.483776777,0.49402989,0.481249239,0.490257623,1439880302.00,25841346085.42
XRP,9/13/2023,9/14/2023,0.480437522,0.488023014,0.475394067,0.484599326,1753821903.00,25564103940.53
XRP,9/12/2023,9/13/2023,0.474776192,0.485247747,0.471146134,0.48147344,2491643064.00,25417805485.97
XRP,9/11/2023,9/12/2023,0.49857542,0.499225431,0.468236127,0.474606095,2364440582.00,25543788515.71
XRP,9/10/2023,9/11/2023,0.505803453,0.505803453,0.496072692,0.499001482,1142890611.00,26594470938.64
XRP,9/9/2023,9/10/2023,0.505747579,0.506258104,0.502908665,0.505805679,1166611020.00,26802895473.11
XRP,9/8/2023,9/9/2023,0.505495087,0.507613066,0.49819564,0.506075544,1580158181.00,26716894244.32
XRP,9/7/2023,9/8/2023,0.504061054,0.506984287,0.498196396,0.505625756,1669260425.00,26593591363.40
XRP,9/6/2023,9/7/2023,0.506361252,0.506782355,0.495642588,0.504623611,1475663858.00,26640088807.39
XRP,9/5/2023,9/6/2023,0.508920647,0.508920647,0.501315554,0.506457101,1687042922.00,26746394842.34
XRP,9/4/2023,9/5/2023,0.506324342,0.513126305,0.500070008,0.509402465,1771766374.00,26845484088.12
XRP,9/3/2023,9/4/2023,0.500210664,0.509802771,0.499325645,0.506126909,1378239376.00,26720334325.48
XRP,9/2/2023,9/3/2023,0.498524511,0.503226102,0.496206456,0.500245351,2042897738.00,26418773391.16
XRP,9/1/2023,9/2/2023,0.51192724,0.512049233,0.489400007,0.49893841,3431239031.00,26651910491.04
XRP,8/31/2023,9/1/2023,0.529263513,0.529691408,0.505751619,0.510896374,2396065229.00,27543110020.26
XRP,8/30/2023,8/31/2023,0.539871993,0.539871993,0.524033294,0.529302338,2887191244.00,28048995804.02
XRP,8/29/2023,8/30/2023,0.524043227,0.546941721,0.514916543,0.540627506,2171984441.00,27915548244.76
XRP,8/28/2023,8/29/2023,0.525067358,0.525482382,0.514062127,0.524487299,1782435004.00,27508404379.72
XRP,8/27/2023,8/28/2023,0.524422797,0.531210345,0.523405953,0.52559838,2089812260.00,27862071598.96
XRP,8/26/2023,8/27/2023,0.526937954,0.532158361,0.520147628,0.524838515,2521626735.00,27730912253.12
XRP,8/25/2023,8/26/2023,0.519426946,0.531210118,0.509936248,0.527630832,2242097762.00,27416681537.18
XRP,8/24/2023,8/25/2023,0.530800616,0.532175836,0.514777282,0.519680461,2280907674.00,27666845038.22
XRP,8/23/2023,8/24/2023,0.522057459,0.535792328,0.517067358,0.530424903,2760563977.00,27684966457.83
XRP,8/22/2023,8/23/2023,0.525155542,0.525155542,0.505980339,0.521460196,3442123801.00,27358217554.26
XRP,8/21/2023,8/22/2023,0.539349071,0.539749452,0.509963372,0.52474756,5069055445.00,27738590779.04
XRP,8/20/2023,8/21/2023,0.520306946,0.553258452,0.518081835,0.539406356,2827494251.00,28224214547.23
XRP,8/19/2023,8/20/2023,0.507085883,0.522829096,0.502495895,0.520490264,2864521200.00,26990790857.91
XRP,8/18/2023,8/19/2023,0.510220421,0.51949475,0.488389726,0.506481922,6292531239.00,26537878443.15
XRP,8/17/2023,8/18/2023,0.589695196,0.594373503,0.439288189,0.507333461,3182850896.00,30406624802.14
XRP,8/16/2023,8/17/2023,0.610389786,0.615476039,0.579145388,0.589462514,2944248552.00,31605038636.17
XRP,8/15/2023,8/16/2023,0.63496641,0.63496641,0.596694648,0.610729595,2320617827.00,32874135888.63
XRP,8/14/2023,8/15/2023,0.627789863,0.636434272,0.626215264,0.635554323,1946847516.00,33196378533.47
XRP,8/13/2023,8/14/2023,0.629775984,0.639034009,0.627072086,0.627563676,1110564232.00,33253069017.72
XRP,8/12/2023,8/13/2023,0.631638887,0.633498751,0.627714581,0.629665427,1522887446.00,33267777786.82
XRP,8/11/2023,8/12/2023,0.633966412,0.640104581,0.62790987,0.632747061,2749462499.00,33353395478.63
XRP,8/10/2023,8/11/2023,0.643167077,0.64480996,0.626267128,0.634664668,3427746089.00,33399120724.06
XRP,8/9/2023,8/10/2023,0.641925956,0.663003914,0.636506904,0.644530759,3038727517.00,34102026392.53
XRP,8/8/2023,8/9/2023,0.622624051,0.645718514,0.615658876,0.642822403,2790767328.00,33084984375.57
XRP,8/7/2023,8/8/2023,0.637739472,0.642535923,0.606363824,0.622453931,3280406498.00,32853700061.68
XRP,8/6/2023,8/7/2023,0.640096881,0.651873687,0.634994372,0.6362985,7334137236.00,33976259841.49
XRP,8/5/2023,8/6/2023,0.635456596,0.64142651,0.615400499,0.640367154,4230074695.00,33200023199.09
XRP,8/4/2023,8/5/2023,0.665099543,0.667390257,0.631289952,0.636940928,2951896229.00,34724041411.53
XRP,8/3/2023,8/4/2023,0.685253029,0.687960566,0.659939377,0.665042743,2963956454.00,35482878055.78
XRP,8/2/2023,8/3/2023,0.707084066,0.707885989,0.681546831,0.686019426,2648820717.00,36563920687.09
XRP,8/1/2023,8/2/2023,0.698066054,0.707381872,0.685107784,0.707143129,3665861589.00,36565847839.29
XRP,7/31/2023,8/1/2023,0.705131383,0.71535855,0.696139492,0.699400533,2885707982.00,37142992061.43
XRP,7/30/2023,7/31/2023,0.713500364,0.730352495,0.6960536,0.70617703,1941696712.00,37613931989.83
XRP,7/29/2023,7/30/2023,0.712348838,0.716241677,0.707595769,0.714410475,1708500007.00,37445062107.34
XRP,7/28/2023,7/29/2023,0.713935462,0.718339849,0.70509301,0.713612795,2743839524.00,37475253944.64
XRP,7/27/2023,7/28/2023,0.71563145,0.727408555,0.709555504,0.715038392,3675652757.00,37649423961.95
XRP,7/26/2023,7/27/2023,0.709058476,0.730212847,0.697011221,0.716558481,3555983539.00,37180049438.33
XRP,7/25/2023,7/26/2023,0.703444899,0.714511441,0.679074503,0.710685915,4128005789.00,36655745627.46
XRP,7/24/2023,7/25/2023,0.738143677,0.741873765,0.687391698,0.703851928,3864980921.00,37436606909.41
XRP,7/23/2023,7/24/2023,0.734145147,0.751205886,0.722933085,0.739018421,4003412595.00,38876177606.32
XRP,7/22/2023,7/23/2023,0.771253566,0.779883453,0.732017388,0.733124211,3725900162.00,40287451241.58
XRP,7/21/2023,7/22/2023,0.793985241,0.798414907,0.765068609,0.773808775,5409511562.00,41108882207.34
XRP,7/20/2023,7/21/2023,0.822953031,0.845546428,0.774942614,0.793750102,8548055165.00,42546562530.66
XRP,7/19/2023,7/20/2023,0.778460448,0.848159808,0.774212529,0.821130293,8262677712.00,41937545900.70
XRP,7/18/2023,7/19/2023,0.736394759,0.780120316,0.736145717,0.780120316,5875538568.00,39299133571.12
XRP,7/17/2023,7/18/2023,0.745061298,0.761088822,0.720242683,0.740309825,7516822683.00,38798626826.37
XRP,7/16/2023,7/17/2023,0.713791672,0.787290737,0.710574184,0.746779139,6589699966.00,38690542582.42
XRP,7/15/2023,7/16/2023,0.721799419,0.731622285,0.697860259,0.713939652,10854790178.00,37561610455.99
XRP,7/14/2023,7/15/2023,0.82160295,0.822148675,0.680800588,0.718499297,25373323358.00,39770751805.36
XRP,7/13/2023,7/14/2023,0.472608492,0.898538492,0.471041822,0.813101045,7060162793.00,29901357627.45
XRP,7/12/2023,7/13/2023,0.475985221,0.478077981,0.469288117,0.472161001,1412391130.00,24776452456.52
XRP,7/11/2023,7/12/2023,0.47809646,0.478404679,0.471933934,0.476371536,2638294071.00,24838079378.16
XRP,7/10/2023,7/11/2023,0.469286552,0.480736559,0.465426159,0.478142511,1408586594.00,24660019160.77
XRP,7/9/2023,7/10/2023,0.471209979,0.472428416,0.46853893,0.46923449,1377713203.00,24594851963.62
XRP,7/8/2023,7/9/2023,0.469394483,0.474534786,0.467037836,0.471643401,1176786114.00,24542161016.34
XRP,7/7/2023,7/8/2023,0.465450748,0.473051476,0.464048607,0.469586827,1914436762.00,24470279006.15
XRP,7/6/2023,7/7/2023,0.481709505,0.487059714,0.46720741,0.468195447,2098178865.00,24948701241.39
XRP,7/5/2023,7/6/2023,0.488623865,0.492278672,0.471711501,0.482424725,1753831517.00,25224049594.25
XRP,7/4/2023,7/5/2023,0.489373961,0.492934414,0.484022523,0.488411684,2418488721.00,25529614589.34
XRP,7/3/2023,7/4/2023,0.486140749,0.491086734,0.480533632,0.490295899,2602192841.00,25343583016.56
XRP,7/2/2023,7/3/2023,0.472615621,0.495589051,0.470536572,0.484929416,3926927069.00,25253412799.91
XRP,7/1/2023,7/2/2023,0.471386081,0.474950894,0.464921738,0.473471962,37221998456.00,24628549475.54
XRP,6/30/2023,7/1/2023,0.474670873,0.482888813,0.461192645,0.474599372,2148786816.00,24809160430.87
XRP,6/29/2023,6/30/2023,0.464354759,0.477314117,0.461593708,0.475074845,7340495890.00,24440537376.01
XRP,6/28/2023,6/29/2023,0.48398615,0.48398615,0.455993998,0.465117344,51055917024.00,24639525514.20
XRP,6/27/2023,6/28/2023,0.479913207,0.484982438,0.477685698,0.484982438,7630187514.00,25017578257.42
XRP,6/26/2023,6/27/2023,0.48936262,0.491766978,0.475260715,0.480337645,1942725783.00,25097469938.35
XRP,6/25/2023,6/26/2023,0.487613157,0.507424948,0.484550709,0.490569242,10361220173.00,25661183082.46
XRP,6/24/2023,6/25/2023,0.495243412,0.495243412,0.482932658,0.487566382,2647470802.00,25512145933.81
XRP,6/23/2023,6/24/2023,0.49522844,0.501969892,0.486625779,0.49600776,3504814027.00,25773908837.96
XRP,6/22/2023,6/23/2023,0.500921837,0.523541738,0.491947615,0.494889795,6830679952.00,26172404257.86
XRP,6/21/2023,6/22/2023,0.491421952,0.502865939,0.48965869,0.500471646,4445705856.00,25815641869.75
XRP,6/20/2023,6/21/2023,0.493407517,0.496492189,0.474958024,0.493135902,2159065150.00,25321714291.93
XRP,6/19/2023,6/20/2023,0.487241704,0.498131063,0.483962082,0.493774547,5721824118.00,25522065216.17
XRP,6/18/2023,6/19/2023,0.480394643,0.497420512,0.476941698,0.487587917,1910235402.00,25319508436.18
XRP,6/17/2023,6/18/2023,0.474249952,0.484809138,0.471182763,0.480751007,2097252932.00,24914382697.07
XRP,6/16/2023,6/17/2023,0.47922755,0.483302396,0.46056706,0.476207334,3391107614.00,24621202041.34
XRP,6/15/2023,6/16/2023,0.479428331,0.485475728,0.46999659,0.480916545,3106315176.00,24870230698.10
XRP,6/14/2023,6/15/2023,0.519457649,0.520531634,0.469929701,0.480901549,3870354581.00,26198734409.56
XRP,6/13/2023,6/14/2023,0.526593413,0.561283815,0.509123622,0.520015145,4949899878.00,27349559018.54
XRP,6/12/2023,6/13/2023,0.520855397,0.528131282,0.510849947,0.526238191,4291290676.00,26982525484.91
XRP,6/11/2023,6/12/2023,0.506899668,0.528354076,0.503661465,0.521390637,11069851089.00,26583951556.02
XRP,6/10/2023,6/11/2023,0.537779551,0.538367786,0.482591201,0.507873674,4074095453.00,26165271395.35
XRP,6/9/2023,6/10/2023,0.524821578,0.540736342,0.522132638,0.538710295,2091745073.00,27597981672.07
XRP,6/8/2023,6/9/2023,0.518210622,0.52787981,0.516884795,0.52479997,3628618595.00,27124736253.56
XRP,6/7/2023,6/8/2023,0.529110463,0.539895488,0.509672227,0.520371668,3100020322.00,26986638236.26
XRP,6/6/2023,6/7/2023,0.509613012,0.533130291,0.497213256,0.531396396,5929499323.00,25778463266.50
XRP,6/5/2023,6/6/2023,0.530459811,0.537722066,0.493688637,0.509621576,4235046504.00,26248525277.55
XRP,6/4/2023,6/5/2023,0.52193062,0.534412803,0.520541172,0.530063611,3090830793.00,26444689902.61
XRP,6/3/2023,6/4/2023,0.523295467,0.530465474,0.520133363,0.5216026,4314729063.00,26288533091.21
XRP,6/2/2023,6/3/2023,0.507622951,0.526619639,0.505204439,0.525254966,17732671026.00,26000952802.76
XRP,6/1/2023,6/2/2023,0.516071843,0.51620814,0.503141874,0.507613852,3727957172.00,25482910748.36
XRP,5/31/2023,6/1/2023,0.520740887,0.527201041,0.502356344,0.517931999,5357961250.00,25811074660.22
XRP,5/30/2023,5/31/2023,0.497113779,0.527275489,0.490869452,0.521546501,2886403497.00,25451290044.05
XRP,5/29/2023,5/30/2023,0.483582059,0.49483304,0.478164797,0.49453433,1674967620.00,24306296166.46
XRP,5/28/2023,5/29/2023,0.472845792,0.486195023,0.471425933,0.483620192,1166388614.00,23899686749.02
XRP,5/27/2023,5/28/2023,0.469118381,0.478116902,0.467305256,0.472819476,1613339078.00,23720486288.48
XRP,5/26/2023,5/27/2023,0.454702897,0.470288801,0.453191804,0.469926607,2482263142.00,23336067632.82
XRP,5/25/2023,5/26/2023,0.453911394,0.455419946,0.446349279,0.45464659,1568447885.00,22705696094.48
XRP,5/24/2023,5/25/2023,0.465688607,0.465688607,0.448337481,0.454262637,1719333860.00,22935863124.43
XRP,5/23/2023,5/24/2023,0.462167973,0.466937821,0.459604819,0.465759706,2708471540.00,23249565250.32
XRP,5/22/2023,5/23/2023,0.45851093,0.466502645,0.453101702,0.461786183,1831011094.00,23121306268.20
XRP,5/21/2023,5/22/2023,0.469437972,0.471362324,0.456850078,0.458266458,1107306682.00,23413591440.01
XRP,5/20/2023,5/21/2023,0.467850885,0.471535919,0.4631172,0.469494648,1675889538.00,23460664719.61
XRP,5/19/2023,5/20/2023,0.460088386,0.47338614,0.457868252,0.46789473,3170704504.00,23373531342.02
XRP,5/18/2023,5/19/2023,0.448135477,0.471029754,0.443149606,0.4600012,4639339351.00,22889142762.70
XRP,5/17/2023,5/18/2023,0.442604471,0.460849974,0.438568036,0.448524712,25071098008.00,22492550593.14
XRP,5/16/2023,5/17/2023,0.427405521,0.441634903,0.420481504,0.441634903,2538221806.00,21363170077.28
XRP,5/15/2023,5/16/2023,0.426864024,0.430300862,0.4225459,0.427504164,11457273025.00,21467391277.26
XRP,5/14/2023,5/15/2023,0.426045703,0.432488596,0.422498134,0.427046091,2500179608.00,21478256291.01
XRP,5/13/2023,5/14/2023,0.430657244,0.430657244,0.425315878,0.426072635,2298851010.00,21469796807.95
XRP,5/12/2023,5/13/2023,0.42180699,0.44148073,0.417351648,0.43010675,10603698940.00,21405780000.94
XRP,5/11/2023,5/12/2023,0.431469306,0.431469306,0.413303694,0.422963449,1988144596.00,21298187344.99
XRP,5/10/2023,5/11/2023,0.430025185,0.434586466,0.417140825,0.431916694,1739184050.00,21602513390.89
XRP,5/9/2023,5/10/2023,0.428497142,0.431128016,0.423024308,0.431128016,5329006476.00,21435114794.30
XRP,5/8/2023,5/9/2023,0.45225092,0.453336384,0.414355602,0.429665116,34352446789.00,21796413759.48
XRP,5/7/2023,5/8/2023,0.460558192,0.461872619,0.450624503,0.450624503,1274549059.00,23086798495.30
XRP,5/6/2023,5/7/2023,0.467917647,0.46939749,0.455397137,0.460827782,1624854372.00,23207831798.29
XRP,5/5/2023,5/6/2023,0.461850106,0.470077589,0.458891228,0.467869574,2155521296.00,23333579753.12
XRP,5/4/2023,5/5/2023,0.46375419,0.465329118,0.455953358,0.461967581,3196403653.00,23162491837.07
XRP,5/3/2023,5/4/2023,0.465290768,0.465510998,0.451000124,0.463476428,3745039483.00,23021823465.49
XRP,5/2/2023,5/3/2023,0.464977182,0.466340016,0.459838183,0.465390991,4330377013.00,23294884192.14
XRP,5/1/2023,5/2/2023,0.472056858,0.473432081,0.455703113,0.464883613,21150680474.00,23307656303.94
XRP,4/30/2023,5/1/2023,0.47906067,0.483180988,0.472175481,0.473221758,1147838799.00,23995266151.83
XRP,4/29/2023,4/30/2023,0.480214467,0.486121319,0.475909431,0.478727513,1986967107.00,24117858571.84
XRP,4/28/2023,4/29/2023,0.467057086,0.48190586,0.464499703,0.480177621,3130466067.00,23758139589.08
XRP,4/27/2023,4/28/2023,0.462302116,0.469090387,0.456904889,0.466966197,5835608845.00,23250386784.67
XRP,4/26/2023,4/27/2023,0.469816701,0.482667239,0.443109609,0.462114275,2901797422.00,23621429730.57
XRP,4/25/2023,4/26/2023,0.46136096,0.471750147,0.45186074,0.469883808,8291748649.00,23117147027.80
XRP,4/24/2023,4/25/2023,0.46540933,0.481903137,0.450787586,0.461231628,2467420899.00,23349327529.83
XRP,4/23/2023,4/24/2023,0.472356964,0.472356964,0.455079202,0.465755534,2057762481.00,23422418102.29
XRP,4/22/2023,4/23/2023,0.4495009,0.474988071,0.446522327,0.472605591,3716132508.00,23122457465.04
XRP,4/21/2023,4/22/2023,0.4753046,0.479090217,0.441584357,0.449641008,2831828483.00,23350718404.32
XRP,4/20/2023,4/21/2023,0.49174907,0.498911799,0.46602068,0.475017533,9719196127.00,24433375177.01
XRP,4/19/2023,4/20/2023,0.532242253,0.536213701,0.488617106,0.491651863,3150923734.00,25455409865.14
XRP,4/18/2023,4/19/2023,0.511478711,0.535585343,0.510640197,0.531491666,1980294237.00,26066112581.72
XRP,4/17/2023,4/18/2023,0.521629158,0.521629158,0.508231134,0.511395286,1846451719.00,25790765575.42
XRP,4/16/2023,4/17/2023,0.520425074,0.524948483,0.517525687,0.521681932,1418182291.00,26183994279.24
XRP,4/15/2023,4/16/2023,0.523304358,0.52634003,0.518079186,0.520802803,2212909091.00,26210760896.68
XRP,4/14/2023,4/15/2023,0.512486922,0.543228181,0.511519845,0.523994636,3182090593.00,26375918886.03
XRP,4/13/2023,4/14/2023,0.505104669,0.515500621,0.502000173,0.512927176,7134208369.00,25566906839.20
XRP,4/12/2023,4/13/2023,0.516672704,0.517389906,0.500888396,0.504999181,2784389827.00,25417033381.34
XRP,4/11/2023,4/12/2023,0.517672081,0.526175066,0.512534413,0.516896319,6996474007.00,26051300438.58
XRP,4/10/2023,4/11/2023,0.5058508,0.519118433,0.500737428,0.517219439,2933369552.00,25469809633.84
XRP,4/9/2023,4/10/2023,0.505233407,0.509233104,0.500568104,0.505586965,1736641282.00,25376153984.56
XRP,4/8/2023,4/9/2023,0.51295727,0.51295727,0.503558937,0.505050939,10733249925.00,25581783679.44
XRP,4/7/2023,4/8/2023,0.502542436,0.51357402,0.498363832,0.512563564,3112168282.00,25495352137.04
XRP,4/6/2023,4/7/2023,0.505470275,0.508893168,0.493545931,0.502449586,8429017295.00,25236704199.91
XRP,4/5/2023,4/6/2023,0.502367425,0.525118974,0.499504406,0.505537165,2798874039.00,25564777446.33
XRP,4/4/2023,4/5/2023,0.495732097,0.506644049,0.488505715,0.502650766,3156032877.00,25073113528.11
XRP,4/3/2023,4/4/2023,0.517769599,0.520953515,0.487926491,0.495803796,3157286480.00,25586025106.56
XRP,4/2/2023,4/3/2023,0.509227883,0.528065302,0.502644685,0.517954495,3131259290.00,25959753621.37
XRP,4/1/2023,4/2/2023,0.537820648,0.537820648,0.501598256,0.50883872,3844354744.00,25951513726.36
XRP,3/31/2023,4/1/2023,0.531940224,0.547309463,0.527970071,0.53753761,4571639690.00,26879992461.60
XRP,3/30/2023,3/31/2023,0.542106183,0.554433402,0.526866462,0.534033169,7649270156.00,26959961607.43
XRP,3/29/2023,3/30/2023,0.513772558,0.577238563,0.513772558,0.543354721,9411801376.00,27435946672.82
XRP,3/28/2023,3/29/2023,0.479762982,0.529269945,0.470337278,0.514507951,7372930172.00,24912543479.94
XRP,3/27/2023,3/28/2023,0.448736992,0.487502005,0.443898232,0.480827749,4156695087.00,23345754337.88
XRP,3/26/2023,3/27/2023,0.444080031,0.465731972,0.442328778,0.448986754,3220803385.00,22783217335.43
XRP,3/25/2023,3/26/2023,0.426166403,0.463565043,0.423759559,0.4447199,3586051316.00,22417592449.77
XRP,3/24/2023,3/25/2023,0.444873164,0.444873164,0.417664794,0.425274931,3759057030.00,21588946644.02
XRP,3/23/2023,3/24/2023,0.421565984,0.454238363,0.414762951,0.444400508,6309705013.00,21994189356.17
XRP,3/22/2023,3/23/2023,0.468696954,0.474226158,0.412652349,0.421302415,10375936379.00,22415853316.19
XRP,3/21/2023,3/22/2023,0.374444686,0.490761093,0.374241727,0.469464702,4268056863.00,20836556217.92
XRP,3/20/2023,3/21/2023,0.386953412,0.391668784,0.373257536,0.373949446,2539001549.00,19171722235.63
XRP,3/19/2023,3/20/2023,0.374400199,0.400163523,0.374400199,0.387229023,2093384679.00,19461661976.96
XRP,3/18/2023,3/19/2023,0.380388804,0.388307267,0.373355698,0.373811077,2073240522.00,19146734214.65
XRP,3/17/2023,3/18/2023,0.365474546,0.380843039,0.363203456,0.37947907,1660485373.00,18689150297.00
XRP,3/16/2023,3/17/2023,0.360573978,0.367043422,0.357861936,0.365723505,2203875757.00,18276233992.39
XRP,3/15/2023,3/16/2023,0.373579173,0.376896134,0.357475924,0.360078746,2435451211.00,18509175318.89
XRP,3/14/2023,3/15/2023,0.373251377,0.386499094,0.366705722,0.373829435,2524691635.00,18800161496.71
XRP,3/13/2023,3/14/2023,0.373024581,0.379835373,0.357811135,0.372948661,2710951973.00,18564954105.73
XRP,3/12/2023,3/13/2023,0.365952536,0.371886405,0.351096045,0.371886405,1516547751.00,18215268431.52
XRP,3/11/2023,3/12/2023,0.370911294,0.375731228,0.361770685,0.366310899,2187142407.00,18415350160.36
XRP,3/10/2023,3/11/2023,0.37138597,0.374803855,0.359650978,0.370446436,3280280326.00,18519958857.31
XRP,3/9/2023,3/10/2023,0.388839287,0.396183386,0.366707871,0.372496376,3692148865.00,19475915417.93
XRP,3/8/2023,3/9/2023,0.380108814,0.398302584,0.373141888,0.388486266,3186416832.00,19420672557.87
XRP,3/7/2023,3/8/2023,0.369724124,0.384005047,0.367708881,0.380228582,1964690782.00,18798755202.99
XRP,3/6/2023,3/7/2023,0.36733532,0.373191359,0.360858083,0.370156873,1454758814.00,18422036524.81
XRP,3/5/2023,3/6/2023,0.37380967,0.377302868,0.366614139,0.367473269,991001745.10,18706932376.75
XRP,3/4/2023,3/5/2023,0.377300395,0.379664027,0.370126575,0.373679425,1333807249.00,18867923815.36
XRP,3/3/2023,3/4/2023,0.377266957,0.379669883,0.360382956,0.376746501,1814558231.00,18518695224.93
XRP,3/2/2023,3/3/2023,0.383820522,0.384200652,0.374151812,0.377340217,1380160097.00,19019666843.19
XRP,3/1/2023,3/2/2023,0.37645719,0.384236009,0.37337036,0.383935454,1551292947.00,19121973400.51
XRP,2/28/2023,3/1/2023,0.378615053,0.382233227,0.37269449,0.377238712,1678295208.00,18961083070.15
XRP,2/27/2023,2/28/2023,0.37846964,0.379695274,0.371718681,0.378629714,1278418090.00,18919418644.68
XRP,2/26/2023,2/27/2023,0.378254156,0.380946022,0.37543488,0.377838089,926743929.10,18994641985.09
XRP,2/25/2023,2/26/2023,0.378578125,0.379277728,0.371803776,0.378308569,1892208163.00,18960730507.18
XRP,2/24/2023,2/25/2023,0.388669826,0.390694599,0.373977932,0.378606971,1490446844.00,19319675972.12
XRP,2/23/2023,2/24/2023,0.391258636,0.39751842,0.386915527,0.389158889,1833153973.00,19721020991.76
XRP,2/22/2023,2/23/2023,0.390199355,0.393171653,0.38362709,0.391235287,3104458792.00,19501998195.61
XRP,2/21/2023,2/22/2023,0.397507788,0.400871596,0.386846043,0.390059264,2510500964.00,19749598804.98
XRP,2/20/2023,2/21/2023,0.386024038,0.40610406,0.381817614,0.397233555,2097350139.00,19821724475.30
XRP,2/19/2023,2/20/2023,0.393966727,0.39672043,0.385370415,0.385370415,1103601709.00,19686323175.55
XRP,2/18/2023,2/19/2023,0.39414751,0.396026634,0.391307055,0.394117224,1532961344.00,19793197974.06
XRP,2/17/2023,2/18/2023,0.384062426,0.398309783,0.383975612,0.39428156,2132821864.00,19584324654.22
XRP,2/16/2023,2/17/2023,0.400068344,0.402707979,0.38438376,0.38438376,2223262276.00,19984816961.96
XRP,2/15/2023,2/16/2023,0.381380445,0.400495683,0.377171902,0.400362693,1895420287.00,19475066819.25
XRP,2/14/2023,2/15/2023,0.371131363,0.38254058,0.365982566,0.381454044,1866794894.00,18715283468.77
XRP,2/13/2023,2/14/2023,0.375674384,0.378423732,0.364460391,0.371945881,1757576183.00,18638525802.39
XRP,2/12/2023,2/13/2023,0.38363898,0.384648843,0.374443681,0.375243937,866376571.30,19211139745.84
XRP,2/11/2023,2/12/2023,0.382429716,0.383973605,0.380687975,0.383929755,2739890665.00,19212716338.12
XRP,2/10/2023,2/11/2023,0.381880148,0.387533312,0.37837998,0.382675573,2821877172.00,19284066101.60
XRP,2/9/2023,2/10/2023,0.398193423,0.406836143,0.377299114,0.382115853,2149017098.00,19802613123.90
XRP,2/8/2023,2/9/2023,0.40386052,0.405235953,0.394775851,0.398424899,1892126632.00,20117896042.74
XRP,2/7/2023,2/8/2023,0.392337205,0.404633237,0.390979128,0.404166588,1937071768.00,19937929802.45
XRP,2/6/2023,2/7/2023,0.398908164,0.403435056,0.392023764,0.392767939,1792072658.00,20064465986.53
XRP,2/5/2023,2/6/2023,0.411527215,0.412570036,0.396262234,0.399499169,1377706210.00,20387604593.34
XRP,2/4/2023,2/5/2023,0.411752839,0.419358871,0.408361015,0.41164984,1446076956.00,20698787913.86
XRP,2/3/2023,2/4/2023,0.40962091,0.41372587,0.407424107,0.412055556,1948827699.00,20639319729.71
XRP,2/2/2023,2/3/2023,0.413663146,0.418355322,0.409255692,0.409982721,2310105548.00,20790730145.04
XRP,2/1/2023,2/2/2023,0.406017152,0.415412386,0.398278876,0.413989119,2075814111.00,20320504496.29
XRP,1/31/2023,2/1/2023,0.394146285,0.410905888,0.38972872,0.406321255,2362176695.00,20079680017.26
XRP,1/30/2023,1/31/2023,0.413638206,0.420682755,0.391500273,0.39475604,1992107896.00,20312864343.33
XRP,1/29/2023,1/30/2023,0.408506658,0.41742024,0.407763328,0.414049651,1140610104.00,20735657204.14
XRP,1/28/2023,1/29/2023,0.412426355,0.415025136,0.406625245,0.408100899,1440378700.00,20602871677.96
XRP,1/27/2023,1/28/2023,0.409443146,0.412589731,0.40018998,0.412003256,1782597288.00,20480999310.19
XRP,1/26/2023,1/27/2023,0.416636409,0.417063517,0.407774367,0.409367467,2136683191.00,20691585023.88
XRP,1/25/2023,1/26/2023,0.407954453,0.422415116,0.39864693,0.416787191,2582602805.00,20489256681.14
XRP,1/24/2023,1/25/2023,0.424016891,0.42915827,0.405518702,0.407455096,18660885388.00,21167829391.07
XRP,1/23/2023,1/24/2023,0.40057147,0.430104559,0.40057147,0.424860519,2853744995.00,21013443510.82
XRP,1/22/2023,1/23/2023,0.403062506,0.410324249,0.397406648,0.4008658,1660480811.00,20333335761.45
XRP,1/21/2023,1/22/2023,0.411952689,0.415253642,0.402865781,0.402865781,2455474632.00,20593733354.12
XRP,1/20/2023,1/21/2023,0.392705083,0.412067316,0.386463123,0.412067316,2105774643.00,19822930127.82
XRP,1/19/2023,1/20/2023,0.378909504,0.394775351,0.377181336,0.393571318,2889884842.00,19416896646.38
XRP,1/18/2023,1/19/2023,0.386708995,0.394340396,0.370458928,0.378847357,2705986650.00,19410555791.35
XRP,1/17/2023,1/18/2023,0.38622507,0.397068329,0.379995182,0.387895062,2358774886.00,19478957014.68
XRP,1/16/2023,1/17/2023,0.384412261,0.40450918,0.381273986,0.386978814,2520988477.00,19583675209.85
XRP,1/15/2023,1/16/2023,0.395160244,0.395754964,0.380758165,0.383999868,2257956068.00,19402651594.66
XRP,1/14/2023,1/15/2023,0.385488835,0.407804655,0.385488835,0.395607829,4729849292.00,19879495136.83
XRP,1/13/2023,1/14/2023,0.374709571,0.385395713,0.369625818,0.385384391,2496873937.00,18879004971.79
XRP,1/12/2023,1/13/2023,0.373199712,0.378192984,0.364916652,0.374819853,5499174645.00,18738609283.64
XRP,1/11/2023,1/12/2023,0.351811796,0.374838476,0.348394782,0.37450692,4307226686.00,18293698361.55
XRP,1/10/2023,1/11/2023,0.349176921,0.354491374,0.345215972,0.351964355,2382679952.00,17599853214.00
XRP,1/9/2023,1/10/2023,0.345278075,0.357561979,0.344692693,0.349394518,2029980827.00,17683756179.42
XRP,1/8/2023,1/9/2023,0.344913325,0.345623658,0.339729013,0.345623658,921294590.70,17159757870.07
XRP,1/7/2023,1/8/2023,0.344468906,0.346039915,0.341678257,0.344622617,1073934846.00,17276366817.78
XRP,1/6/2023,1/7/2023,0.336766812,0.345389982,0.331582035,0.344427944,2063853253.00,16948546195.08
XRP,1/5/2023,1/6/2023,0.34755758,0.348235237,0.336542469,0.337000728,1524685159.00,17213025603.85
XRP,1/4/2023,1/5/2023,0.343498458,0.351154851,0.34264568,0.347643706,1709992000.00,17467540798.79
XRP,1/3/2023,1/4/2023,0.348167533,0.351592114,0.341715516,0.343596455,2189788055.00,17342862293.36
XRP,1/2/2023,1/3/2023,0.338633323,0.354049766,0.319255543,0.348248269,2574548586.00,17184293189.69
XRP,1/1/2023,1/2/2023,0.339197897,0.3397937,0.335730989,0.338324807,1608589516.00,16983507468.67
XRP,12/31/2022,1/1/2023,0.344941118,0.344941118,0.339422111,0.339770731,1020297834.00,17202116651.34
XRP,12/30/2022,12/31/2022,0.342300999,0.345267196,0.335053602,0.344849679,2102271164.00,17078256681.58
XRP,12/29/2022,12/30/2022,0.356632637,0.357636097,0.338365435,0.342502617,15394346949.00,17365829767.67
XRP,12/28/2022,12/29/2022,0.369979211,0.370438145,0.356475229,0.356942085,2945911993.00,18165983372.82
XRP,12/27/2022,12/28/2022,0.366117603,0.372684346,0.359283888,0.370274572,5007494441.00,18491641401.52
XRP,12/26/2022,12/27/2022,0.345967698,0.369206368,0.345870275,0.366271564,2256483603.00,17873527558.89
XRP,12/25/2022,12/26/2022,0.354487739,0.35453705,0.344449854,0.346030694,488121706.90,17536249741.24
XRP,12/24/2022,12/25/2022,0.355276828,0.355276828,0.352453466,0.354237248,734349106.30,17780413060.23
XRP,12/23/2022,12/24/2022,0.349316155,0.355363156,0.347257753,0.355025295,1242986559.00,17641980185.69
XRP,12/22/2022,12/23/2022,0.345708696,0.350474718,0.342118446,0.349381531,1184324512.00,17346126889.85
XRP,12/21/2022,12/22/2022,0.348712358,0.349897892,0.338985553,0.345678553,1517499624.00,17259846219.25
XRP,12/20/2022,12/21/2022,0.338671367,0.353242256,0.336822992,0.34915382,1911032543.00,17320053823.44
XRP,12/19/2022,12/20/2022,0.351684302,0.353987634,0.333424668,0.338439197,1283895126.00,17205266068.01
XRP,12/18/2022,12/19/2022,0.355461612,0.355822313,0.348236055,0.352061842,815866028.70,17736779763.42
XRP,12/17/2022,12/18/2022,0.352528019,0.356643516,0.348296454,0.355409975,1803005664.00,17750279494.78
XRP,12/16/2022,12/17/2022,0.378578607,0.380256572,0.34799747,0.352838804,1470779628.00,18521017603.98
XRP,12/15/2022,12/16/2022,0.385799432,0.386645657,0.375637196,0.378497216,1625528744.00,19143736198.13
XRP,12/14/2022,12/15/2022,0.394711683,0.394711683,0.379898366,0.386270828,1814759009.00,19588105885.73
XRP,12/13/2022,12/14/2022,0.38739817,0.395358394,0.379450489,0.394418756,1747725551.00,19478732084.54
XRP,12/12/2022,12/13/2022,0.381757579,0.388800662,0.373892321,0.387018433,1101590353.00,19021024466.02
XRP,12/11/2022,12/12/2022,0.386929355,0.38970937,0.380279751,0.382189019,501989310.70,19463668270.55
XRP,12/10/2022,12/11/2022,0.388604937,0.389364186,0.386240492,0.386684682,834114669.30,19508136174.14
XRP,12/9/2022,12/10/2022,0.394179788,0.395083988,0.385765021,0.388546798,1699794724.00,19603338568.69
XRP,12/8/2022,12/9/2022,0.383423748,0.395302432,0.383423748,0.394609341,1967680904.00,19519302056.79
XRP,12/7/2022,12/8/2022,0.391192724,0.391972246,0.377129784,0.38374438,2091428504.00,18220647705.10
XRP,12/6/2022,12/7/2022,0.389131141,0.391795956,0.381492094,0.391795956,2165817668.00,17826689482.44
XRP,12/5/2022,12/6/2022,0.390454586,0.395061526,0.383416635,0.389103603,1729850582.00,18059212962.20
XRP,12/4/2022,12/5/2022,0.387903147,0.393026472,0.387556858,0.391303032,1378771340.00,18021212276.60
XRP,12/3/2022,12/4/2022,0.396364967,0.396602679,0.386783986,0.388500545,1706069452.00,18114022002.43
XRP,12/2/2022,12/3/2022,0.397264457,0.397953018,0.385383048,0.396584865,1938795258.00,18032730378.02
XRP,12/1/2022,12/2/2022,0.408438268,0.408716785,0.395522518,0.396868595,2111407616.00,18453504798.89
XRP,11/30/2022,12/1/2022,0.39837362,0.411130565,0.395352145,0.408814433,2381877286.00,18595613365.31
XRP,11/29/2022,11/30/2022,0.389507325,0.4028382,0.384095049,0.398629561,2626159385.00,18094766924.35
XRP,11/28/2022,11/29/2022,0.397183902,0.399114499,0.374985927,0.390330073,2507218679.00,17690042547.89
XRP,11/27/2022,11/28/2022,0.396775709,0.407637605,0.396050192,0.396988126,1648681607.00,18543863670.25
XRP,11/26/2022,11/27/2022,0.408080186,0.411331476,0.394489962,0.39730736,2352960984.00,18666504281.22
XRP,11/25/2022,11/26/2022,0.402386943,0.417072611,0.390339328,0.408328373,3602154553.00,18621988300.86
XRP,11/24/2022,11/25/2022,0.381903237,0.404106972,0.375224344,0.401911604,3052970556.00,17850815668.83
XRP,11/23/2022,11/24/2022,0.375936315,0.381792885,0.369314815,0.381782322,2391424119.00,17370186062.18
XRP,11/22/2022,11/23/2022,0.364412022,0.377939064,0.352323715,0.3756877,2778035244.00,16844255242.14
XRP,11/21/2022,11/22/2022,0.361624694,0.366798262,0.347435602,0.364842984,2822775661.00,16377860496.88
XRP,11/20/2022,11/21/2022,0.384749888,0.393876161,0.361059066,0.362027225,1760003528.00,17539494494.28
XRP,11/19/2022,11/20/2022,0.382800689,0.387575933,0.37698168,0.385151189,1291073245.00,17565074909.86
XRP,11/18/2022,11/19/2022,0.381811486,0.386132155,0.376075508,0.382974344,2107185070.00,17602177625.67
XRP,11/17/2022,11/18/2022,0.375542188,0.384429321,0.369783184,0.382091921,2475151653.00,17404658909.86
XRP,11/16/2022,11/17/2022,0.388516147,0.389982583,0.364936156,0.375987353,3093686937.00,17419507130.38
XRP,11/15/2022,11/16/2022,0.375937915,0.395638439,0.36743345,0.388356071,4778958622.00,17607866696.08
XRP,11/14/2022,11/15/2022,0.340024901,0.377355791,0.323269808,0.374665034,5529577708.00,15977474276.92
XRP,11/13/2022,11/14/2022,0.363498834,0.36865564,0.334594345,0.340152765,2004856321.00,16289150083.23
XRP,11/12/2022,11/13/2022,0.38424837,0.38424837,0.36078732,0.363141558,2714720436.00,17020492970.25
XRP,11/11/2022,11/12/2022,0.394602679,0.398362166,0.368004254,0.384855479,33644333177.00,17674553704.82
XRP,11/10/2022,11/11/2022,0.331416587,0.40187298,0.331416587,0.395464966,61674053744.00,17132241130.67
XRP,11/9/2022,11/10/2022,0.405073437,0.409369518,0.325331272,0.331291021,6684356802.00,17134882144.60
XRP,11/8/2022,11/9/2022,0.46517067,0.466393698,0.35628703,0.404890193,4132452970.00,19992595997.83
XRP,11/7/2022,11/8/2022,0.471133564,0.478695412,0.461603706,0.465872617,2238534082.00,21754148664.44
XRP,11/6/2022,11/7/2022,0.493357491,0.49413034,0.470333923,0.47055329,1730627629.00,22512136148.63
XRP,11/5/2022,11/6/2022,0.504292168,0.506596954,0.49209618,0.49343902,3602793581.00,22961558848.75
XRP,11/4/2022,11/5/2022,0.454947737,0.504216273,0.453722883,0.502805877,3299535235.00,22188995350.19
XRP,11/3/2022,11/4/2022,0.450308702,0.459228739,0.449764553,0.454947578,2367425081.00,21043492693.76
XRP,11/2/2022,11/3/2022,0.463776376,0.465135621,0.446831645,0.451330589,2030967211.00,21103106330.33
XRP,11/1/2022,11/2/2022,0.464497089,0.46605994,0.454963573,0.464280778,2397567536.00,21259113109.48
XRP,10/31/2022,11/1/2022,0.457983119,0.466129536,0.449457142,0.466129536,1980867733.00,21046039701.61
XRP,10/30/2022,10/31/2022,0.470037759,0.472332629,0.455384229,0.457438769,2101031040.00,21417264732.91
XRP,10/29/2022,10/30/2022,0.47367774,0.481152393,0.467270577,0.470138942,2168484548.00,21789516158.46
XRP,10/28/2022,10/29/2022,0.461636551,0.473963367,0.45718475,0.473409661,2418122878.00,21442695580.39
XRP,10/27/2022,10/28/2022,0.468914382,0.479942868,0.460682476,0.462503369,3167989818.00,21708742157.40
XRP,10/26/2022,10/27/2022,0.460673045,0.470470802,0.457427083,0.46876673,2942575493.00,21411111314.68
XRP,10/25/2022,10/26/2022,0.453173303,0.471057545,0.444943146,0.461542376,2272865421.00,20923199545.74
XRP,10/24/2022,10/25/2022,0.468849591,0.471599548,0.449031155,0.453050276,2299143777.00,21098457491.13
XRP,10/23/2022,10/24/2022,0.465286332,0.471220017,0.45247306,0.468604293,1543402434.00,21238582717.66
XRP,10/22/2022,10/23/2022,0.460645699,0.469255952,0.456533406,0.465346046,2441893755.00,21302345495.77
XRP,10/21/2022,10/22/2022,0.446602391,0.460362927,0.437102733,0.460362927,4595563666.00,20627626859.71
XRP,10/20/2022,10/21/2022,0.450774568,0.472673608,0.434585223,0.448033734,27294506487.00,20971465387.01
XRP,10/19/2022,10/20/2022,0.465954575,0.466079267,0.449040496,0.450326796,2679162938.00,21148400498.40
XRP,10/18/2022,10/19/2022,0.478537085,0.481610986,0.455411771,0.466359229,3859974817.00,21718904461.24
XRP,10/17/2022,10/18/2022,0.476156568,0.481187724,0.464524638,0.47917345,3195204079.00,21815505300.89
XRP,10/16/2022,10/17/2022,0.481796074,0.486892492,0.469637088,0.476360032,2596740374.00,22191753818.11
XRP,10/15/2022,10/16/2022,0.488385417,0.494575734,0.47905888,0.481248391,28791705310.00,22374583380.16
XRP,10/14/2022,10/15/2022,0.479466627,0.509904887,0.478272329,0.48851512,8415469065.00,22843249296.67
XRP,10/13/2022,10/14/2022,0.488309806,0.489152903,0.443633536,0.479848963,4425825544.00,21774064700.29
XRP,10/12/2022,10/13/2022,0.485439521,0.495150468,0.482619924,0.487823949,5313325516.00,22527252125.33
XRP,10/11/2022,10/12/2022,0.493897253,0.501344515,0.479515276,0.484834919,5401400891.00,22641493526.78
XRP,10/10/2022,10/11/2022,0.532443124,0.537098248,0.495877742,0.495877742,4753337346.00,24076088481.21
XRP,10/9/2022,10/10/2022,0.516847338,0.541307938,0.506736145,0.533477983,3499048784.00,24053007696.44
XRP,10/8/2022,10/9/2022,0.518017659,0.527565644,0.512711179,0.516320352,5467107968.00,23952527832.21
XRP,10/7/2022,10/8/2022,0.492787717,0.521738655,0.483870295,0.517766684,5449935080.00,22917257244.72
XRP,10/6/2022,10/7/2022,0.488572292,0.503814963,0.488572292,0.492807684,4839037781.00,22878086243.61
XRP,10/5/2022,10/6/2022,0.47911042,0.498886986,0.472639031,0.489598063,5317162249.00,22336951079.41
XRP,10/4/2022,10/5/2022,0.462102884,0.48371503,0.451781628,0.479919931,9577090764.00,21634458105.34
XRP,10/3/2022,10/4/2022,0.448582243,0.466460162,0.438699019,0.461416474,4308909955.00,20775250106.98
XRP,10/2/2022,10/3/2022,0.475004745,0.477910831,0.44745095,0.448290325,5390751372.00,21481107877.80
XRP,10/1/2022,10/2/2022,0.479715896,0.485941809,0.46632212,0.474722864,26711162104.00,21930090350.23
XRP,9/30/2022,10/1/2022,0.486120518,0.496019874,0.471564544,0.480209162,8369627003.00,22250831098.64
XRP,9/29/2022,9/30/2022,0.448781051,0.499108996,0.428532148,0.48550141,4215483160.00,20562488548.03
XRP,9/28/2022,9/29/2022,0.448283155,0.454381206,0.419187176,0.449609187,4976959271.00,19971471466.10
XRP,9/27/2022,9/28/2022,0.46844985,0.484861206,0.439090316,0.447956292,5052586496.00,21502045715.03
XRP,9/26/2022,9/27/2022,0.492156193,0.500231803,0.459937381,0.468190213,7105081289.00,21887568037.11
XRP,9/25/2022,9/26/2022,0.488302961,0.51851564,0.4786567,0.49386284,6631765020.00,22762568534.38
XRP,9/24/2022,9/25/2022,0.507170593,0.515210871,0.473387542,0.488644051,10946538180.00,22842388257.32
XRP,9/23/2022,9/24/2022,0.484548038,0.551939975,0.458843628,0.504311171,13614299328.00,22997467701.72
XRP,9/22/2022,9/23/2022,0.394949811,0.493052269,0.394949811,0.484507094,7407542789.00,20121921470.92
XRP,9/21/2022,9/22/2022,0.415093164,0.427625436,0.385961693,0.396072472,6697543696.00,18563923028.50
XRP,9/20/2022,9/21/2022,0.384784119,0.420143144,0.371001725,0.413177264,5157892404.00,18019343996.78
XRP,9/19/2022,9/20/2022,0.35810436,0.389845931,0.341072661,0.387989421,4890710293.00,16582047941.45
XRP,9/18/2022,9/19/2022,0.375779481,0.396617362,0.356664618,0.356664618,3496072551.00,17448370139.22
XRP,9/17/2022,9/18/2022,0.355455908,0.378970069,0.346960185,0.374791509,2520273262.00,16634707142.14
XRP,9/16/2022,9/17/2022,0.326499763,0.356368534,0.323072659,0.355716862,1884329990.00,15329209932.40
XRP,9/15/2022,9/16/2022,0.341636948,0.34178084,0.325425304,0.326167159,1989969833.00,15381254939.40
XRP,9/14/2022,9/15/2022,0.332956112,0.343853865,0.332325082,0.341894567,1831315698.00,15558721021.21
XRP,9/13/2022,9/14/2022,0.359632804,0.359632804,0.331899961,0.332857074,1430469999.00,16024558898.09
XRP,9/12/2022,9/13/2022,0.355037629,0.359468116,0.348564461,0.359468116,1014356937.00,16345959701.13
XRP,9/11/2022,9/12/2022,0.357183064,0.358950876,0.351034635,0.354843997,718366042.00,16397065469.08
XRP,9/10/2022,9/11/2022,0.356427879,0.360818458,0.35219743,0.357054914,1305063454.00,16404270633.78
XRP,9/9/2022,9/10/2022,0.339109048,0.356518229,0.339109048,0.356159313,1408134353.00,16054358999.18
XRP,9/8/2022,9/9/2022,0.336187648,0.341824867,0.328879339,0.339706567,1209946320.00,15397313507.44
XRP,9/7/2022,9/8/2022,0.321263794,0.337317642,0.315260845,0.336664621,1342732766.00,14951445621.94
XRP,9/6/2022,9/7/2022,0.332474981,0.341914206,0.320578566,0.321672541,1227968754.00,15298567948.24
XRP,9/5/2022,9/6/2022,0.331353941,0.332883295,0.323169108,0.332883295,737036125.10,15144789776.15
XRP,9/4/2022,9/5/2022,0.329459021,0.331918879,0.328192913,0.331216539,533972147.00,15231399161.52
XRP,9/3/2022,9/4/2022,0.331084111,0.33205157,0.327065108,0.329418111,859477552.20,15185283781.73
XRP,9/2/2022,9/3/2022,0.33287523,0.334382701,0.325786806,0.330482133,983814573.70,15236493641.97
XRP,9/1/2022,9/2/2022,0.327679984,0.333115092,0.322526845,0.332894441,1015770259.00,15078412039.74
XRP,8/31/2022,9/1/2022,0.326654752,0.333226692,0.32453383,0.327544716,1113405606.00,15216853736.54
XRP,8/30/2022,8/31/2022,0.333613253,0.335232032,0.321080743,0.326526583,1155748535.00,15178858821.10
XRP,8/29/2022,8/30/2022,0.322254391,0.333257447,0.319391771,0.33308709,1066641829.00,15013870737.67
XRP,8/28/2022,8/29/2022,0.335117295,0.336616457,0.323495502,0.323495502,771183720.20,15415765200.84
XRP,8/27/2022,8/28/2022,0.338525601,0.338888737,0.330337295,0.335478048,1624554556.00,15463584323.63
XRP,8/26/2022,8/27/2022,0.349161613,0.368554021,0.333530445,0.337302525,1373683076.00,16009051191.71
XRP,8/25/2022,8/26/2022,0.345643132,0.35108766,0.343890526,0.349152111,1048051815.00,16034749210.02
XRP,8/24/2022,8/25/2022,0.346845242,0.351883127,0.339568167,0.345966414,1056102790.00,15894093385.68
XRP,8/23/2022,8/24/2022,0.343774126,0.347289891,0.333934255,0.346679909,1263784868.00,15757025056.62
XRP,8/22/2022,8/23/2022,0.345309214,0.345309214,0.333169701,0.34431082,1153842258.00,15600493398.24
XRP,8/21/2022,8/22/2022,0.337479714,0.348113524,0.336879973,0.345510028,1084716884.00,15802154403.06
XRP,8/20/2022,8/21/2022,0.335203219,0.342589396,0.333748362,0.337774253,1472495088.00,15672250221.96
XRP,8/19/2022,8/20/2022,0.370790958,0.370790958,0.333886915,0.334564921,1687273808.00,15977903256.73
XRP,8/18/2022,8/19/2022,0.379472761,0.380183219,0.370769278,0.370864141,1355314556.00,17359574961.22
XRP,8/17/2022,8/18/2022,0.376850334,0.389674572,0.370458787,0.379465305,1445492405.00,17483379714.32
XRP,8/16/2022,8/17/2022,0.375361691,0.37748631,0.368509847,0.376961863,1148838256.00,17261234810.27
XRP,8/15/2022,8/16/2022,0.376400633,0.38455769,0.368615497,0.375646933,1191949323.00,17276567719.40
XRP,8/14/2022,8/15/2022,0.378469158,0.390736469,0.375743561,0.376742986,829312724.70,17657094667.53
XRP,8/13/2022,8/14/2022,0.379857558,0.385394811,0.377812184,0.378224108,2015585854.00,17546520560.18
XRP,8/12/2022,8/13/2022,0.379841251,0.380328441,0.370594429,0.379843818,17159428537.00,17322986710.69
XRP,8/11/2022,8/12/2022,0.381268729,0.385019921,0.377645328,0.380006421,19314734574.00,17570489577.49
XRP,8/10/2022,8/11/2022,0.367503914,0.381371019,0.359385232,0.380645654,19035322709.00,17061225337.33
XRP,8/9/2022,8/10/2022,0.378481246,0.379646929,0.361966624,0.367839556,22389602329.00,17114126062.43
XRP,8/8/2022,8/9/2022,0.374651534,0.385023242,0.374294206,0.378100115,22111302094.00,17521439530.99
XRP,8/7/2022,8/8/2022,0.370698271,0.377723872,0.369342624,0.374492312,11901737774.00,17204538778.81
XRP,8/6/2022,8/7/2022,0.375926019,0.376324208,0.370657417,0.370657417,8302030770.00,17272498144.22
XRP,8/5/2022,8/6/2022,0.370727937,0.378087035,0.367229123,0.375439806,80311584928.00,17210124382.01
XRP,8/4/2022,8/5/2022,0.36965882,0.374527958,0.364249602,0.371039525,16216039335.00,17059362771.03
XRP,8/3/2022,8/4/2022,0.371265039,0.376986438,0.363837102,0.368869727,13156718778.00,17132927100.69
XRP,8/2/2022,8/3/2022,0.379304468,0.391734836,0.367492758,0.372526326,13773396882.00,17198594986.50
XRP,8/1/2022,8/2/2022,0.379981256,0.385508105,0.37092321,0.378883933,19785019332.00,17456700487.36
XRP,7/31/2022,8/1/2022,0.386986125,0.398122537,0.379107598,0.379756723,28232337998.00,17972569895.88
XRP,7/30/2022,7/31/2022,0.368309822,0.406053529,0.364384247,0.387071931,22712415499.00,17568421448.85
XRP,7/29/2022,7/30/2022,0.373926622,0.379407224,0.359977424,0.367995633,12761347932.00,17079059309.06
XRP,7/28/2022,7/29/2022,0.359669278,0.37961254,0.350573964,0.373108102,24201582468.00,16668133458.53
XRP,7/27/2022,7/28/2022,0.33833771,0.359480636,0.330460727,0.359480636,24641226538.00,15710496774.69
XRP,7/26/2022,7/27/2022,0.335203932,0.337529692,0.325824122,0.337414977,21350254870.00,15295528229.25
XRP,7/25/2022,7/26/2022,0.35864955,0.35967013,0.33773657,0.33773657,13731811004.00,15969365600.81
XRP,7/24/2022,7/25/2022,0.359140119,0.366565867,0.356271564,0.358915706,21355190368.00,16686102823.64
XRP,7/23/2022,7/24/2022,0.35799577,0.362427668,0.350020999,0.359574041,15993313570.00,16460960951.09
XRP,7/22/2022,7/23/2022,0.366611365,0.371276138,0.354305202,0.358292343,26749034214.00,16758996449.53
XRP,7/21/2022,7/22/2022,0.360162679,0.36855096,0.349440428,0.366697233,19622975175.00,16549870583.39
XRP,7/20/2022,7/21/2022,0.373819768,0.381026904,0.35807413,0.360130865,10803279571.00,17144478323.14
XRP,7/19/2022,7/20/2022,0.368125019,0.375690216,0.352187398,0.373784166,20880286524.00,16756332147.87
XRP,7/18/2022,7/19/2022,0.34306569,0.369136691,0.34306569,0.365683761,18430414756.00,16610856426.77
XRP,7/17/2022,7/18/2022,0.350732943,0.360503649,0.342880975,0.342880975,19108723271.00,16187165029.30
XRP,7/16/2022,7/17/2022,0.334249128,0.355565674,0.331652574,0.350518728,23691773774.00,15775110646.45
XRP,7/15/2022,7/16/2022,0.333258045,0.347135011,0.327551567,0.334047083,15902932015.00,15523725998.91
XRP,7/14/2022,7/15/2022,0.323212973,0.333072761,0.313223214,0.332920214,2279437436.00,14820399440.72
XRP,7/13/2022,7/14/2022,0.311295405,0.324169267,0.304649897,0.32325276,1633241405.00,14520363004.83
XRP,7/12/2022,7/13/2022,0.314196698,0.317298638,0.308617214,0.311100896,1506225394.00,14431401972.54
XRP,7/11/2022,7/12/2022,0.325097171,0.328275427,0.312417471,0.314238898,1799139155.00,14915166679.56
XRP,7/10/2022,7/11/2022,0.344725386,0.344725386,0.322121233,0.325196781,1138878435.00,15406394288.55
XRP,7/9/2022,7/10/2022,0.340126548,0.347010858,0.340126548,0.3447331,1701026506.00,15854906231.74
XRP,7/8/2022,7/9/2022,0.342273888,0.355342425,0.336503851,0.342934545,2358259627.00,15941782358.84
XRP,7/7/2022,7/8/2022,0.331996782,0.343477847,0.327025344,0.341561458,1680407964.00,15381203606.59
XRP,7/6/2022,7/7/2022,0.325282967,0.333004997,0.320414872,0.332314103,1844180772.00,14971666400.26
XRP,7/5/2022,7/6/2022,0.328148936,0.330085364,0.314102277,0.325129152,1730471965.00,14890644962.66
XRP,7/4/2022,7/5/2022,0.321331757,0.328970427,0.315177889,0.32893916,1568467518.00,14823842691.33
XRP,7/3/2022,7/4/2022,0.315317897,0.325110243,0.309803303,0.321540933,1064805500.00,14530796819.92
XRP,7/2/2022,7/3/2022,0.31351314,0.316997691,0.310251307,0.315347602,1500623368.00,14458910469.79
XRP,7/1/2022,7/2/2022,0.331409421,0.332275188,0.31140208,0.314029534,2558444860.00,14632005134.49
XRP,6/30/2022,7/1/2022,0.329026732,0.330627423,0.307734062,0.330627423,1847912240.00,14698360264.16
XRP,6/29/2022,6/30/2022,0.337605589,0.341280311,0.323111573,0.328545006,1612806520.00,15271039763.73
XRP,6/28/2022,6/29/2022,0.353676301,0.35550872,0.337159173,0.337159173,1490274414.00,15967826878.42
XRP,6/27/2022,6/28/2022,0.359420305,0.366376194,0.351504916,0.353548938,1393342126.00,16580099141.57
XRP,6/26/2022,6/27/2022,0.36776512,0.374247389,0.359059897,0.359468309,1232566265.00,16891189715.05
XRP,6/25/2022,6/26/2022,0.366992478,0.372526519,0.355426527,0.367200496,2104772801.00,16848289460.44
XRP,6/24/2022,6/25/2022,0.335533277,0.384531794,0.335297179,0.368131494,2817642357.00,16856030659.69
XRP,6/23/2022,6/24/2022,0.322275251,0.33634834,0.322275251,0.335744482,1487417793.00,15116005628.95
XRP,6/22/2022,6/23/2022,0.328882957,0.329052132,0.319347327,0.322890201,1636960228.00,14902193188.41
XRP,6/21/2022,6/22/2022,0.322360515,0.336064205,0.319362124,0.329224738,1709351616.00,15134022090.22
XRP,6/20/2022,6/21/2022,0.325874105,0.327393906,0.313655913,0.323630546,1844038131.00,14792641738.68
XRP,6/19/2022,6/20/2022,0.30779152,0.329733723,0.299064227,0.325479603,2145627632.00,14402971629.56
XRP,6/18/2022,6/19/2022,0.320639248,0.325583975,0.292024793,0.308114197,1864780518.00,14275525793.86
XRP,6/17/2022,6/18/2022,0.31253307,0.338849262,0.31148435,0.321129807,2324602016.00,14970679992.18
XRP,6/16/2022,6/17/2022,0.342944407,0.34564165,0.307910269,0.311472134,2991285415.00,14924037070.99
XRP,6/15/2022,6/16/2022,0.321538303,0.344708311,0.300683931,0.342603113,2724803315.00,14505402935.56
XRP,6/14/2022,6/15/2022,0.310340394,0.32255042,0.294548537,0.32187576,3507448790.00,14493975110.59
XRP,6/13/2022,6/14/2022,0.343955118,0.35011079,0.305076082,0.308989525,3036783934.00,14772016122.43
XRP,6/12/2022,6/13/2022,0.360127882,0.363882982,0.341549912,0.344733403,2038278175.00,16235456173.59
XRP,6/11/2022,6/12/2022,0.381497827,0.387669219,0.358474426,0.359652089,1762420490.00,17304284037.79
XRP,6/10/2022,6/11/2022,0.400127245,0.409823678,0.379714042,0.381300907,1734764349.00,18198650573.95
XRP,6/9/2022,6/10/2022,0.400581399,0.403579179,0.397250553,0.400064104,1410980619.00,18491947949.32
XRP,6/8/2022,6/9/2022,0.407204162,0.409242939,0.39597849,0.400307303,2137946656.00,18506875703.33
XRP,6/7/2022,6/8/2022,0.402852849,0.416091362,0.385954634,0.40733837,1962155634.00,18246614919.25
XRP,6/6/2022,6/7/2022,0.395681272,0.408200508,0.394938498,0.402488914,1412044502.00,18545994438.48
XRP,6/5/2022,6/6/2022,0.392473648,0.39937054,0.390178136,0.395517771,931636765.60,18184862905.18
XRP,6/4/2022,6/5/2022,0.390443235,0.393322343,0.385636381,0.392347455,1376523049.00,18004285381.90
XRP,6/3/2022,6/4/2022,0.405168746,0.409006102,0.385199675,0.390697335,1767695856.00,18304974506.18
XRP,6/2/2022,6/3/2022,0.397822622,0.40641276,0.392103194,0.405096075,2106436972.00,18351950983.92
XRP,6/1/2022,6/2/2022,0.421705224,0.424858012,0.392603386,0.397786848,2023038363.00,19007891913.21
XRP,5/31/2022,6/1/2022,0.418005073,0.42982316,0.408005913,0.423349739,2322550194.00,19280853425.68
XRP,5/30/2022,5/31/2022,0.389284988,0.418385261,0.387805525,0.417673599,1501950485.00,18481672782.64
XRP,5/29/2022,5/30/2022,0.386547755,0.389756789,0.380583136,0.389070003,1202123633.00,17800129699.02
XRP,5/28/2022,5/29/2022,0.381752821,0.388081457,0.381375804,0.386551418,1986073113.00,17771330137.48
XRP,5/27/2022,5/28/2022,0.392371141,0.39976171,0.377622959,0.381564721,3098432768.00,17985743809.34
XRP,5/26/2022,5/27/2022,0.405729702,0.409886262,0.379933251,0.393816252,2629108580.00,18309829798.65
XRP,5/25/2022,5/26/2022,0.408205042,0.412323781,0.39645534,0.405568595,2175594399.00,18704805502.21
XRP,5/24/2022,5/25/2022,0.404470776,0.413049754,0.392605541,0.408517418,2059372055.00,18733880688.94
XRP,5/23/2022,5/24/2022,0.421573078,0.427609299,0.401215686,0.404391262,1454886645.00,19370952843.23
XRP,5/22/2022,5/23/2022,0.414225936,0.423684091,0.410231865,0.422087698,1061161085.00,19219245672.11
XRP,5/21/2022,5/22/2022,0.410135197,0.41710162,0.404266552,0.414580793,1698693401.00,19004156174.36
XRP,5/20/2022,5/21/2022,0.4198924,0.436352625,0.402327817,0.410256483,2181675323.00,19407944880.30
XRP,5/19/2022,5/20/2022,0.405070126,0.42205389,0.397024383,0.420228481,2314145025.00,18941193165.44
XRP,5/18/2022,5/19/2022,0.437097857,0.44095094,0.405821605,0.40645892,2196327213.00,19455293038.30
XRP,5/17/2022,5/18/2022,0.421495808,0.438637487,0.419894169,0.437714743,2307427776.00,19884670548.06
XRP,5/16/2022,5/17/2022,0.446606234,0.446606234,0.412030078,0.421704045,2218598225.00,19554418378.71
XRP,5/15/2022,5/16/2022,0.426539043,0.446840492,0.416379406,0.446840492,2206819346.00,19686033030.77
XRP,5/14/2022,5/15/2022,0.423736114,0.440791142,0.398099465,0.427962448,8310127121.00,19412584659.05
XRP,5/13/2022,5/14/2022,0.384850371,0.459521499,0.38232361,0.422243203,17876369442.00,19989498683.28
XRP,5/12/2022,5/13/2022,0.41383914,0.426377071,0.344342232,0.385155303,7797449044.00,17598217306.41
XRP,5/11/2022,5/12/2022,0.513938765,0.521709873,0.375580301,0.412340372,5203535646.00,21740202073.92
XRP,5/10/2022,5/11/2022,0.491038189,0.535275134,0.478817075,0.513481806,5886753717.00,23749760984.81
XRP,5/9/2022,5/10/2022,0.56674124,0.575336334,0.479919196,0.496811791,2962199130.00,24762708740.14
XRP,5/8/2022,5/9/2022,0.581215132,0.582555188,0.562227128,0.564982738,2143224680.00,26442662587.67
XRP,5/7/2022,5/8/2022,0.602541644,0.604095302,0.572886042,0.582889701,2075299284.00,27473113806.72
XRP,5/6/2022,5/7/2022,0.598582653,0.613343181,0.590798714,0.602637524,3367894407.00,27753814014.53
XRP,5/5/2022,5/6/2022,0.646065504,0.65440753,0.583997438,0.59873314,2783333721.00,28837212182.53
XRP,5/4/2022,5/5/2022,0.6048853,0.64776859,0.604884824,0.646381112,2326573495.00,28657950047.89
XRP,5/3/2022,5/4/2022,0.614519277,0.624932998,0.59746564,0.604806189,2289579056.00,28343675762.45
XRP,5/2/2022,5/3/2022,0.607305794,0.629879631,0.601183492,0.614114804,2391940847.00,28382388925.07
XRP,5/1/2022,5/2/2022,0.586292362,0.610768972,0.580516853,0.608109456,2863426223.00,27447481878.38
XRP,4/30/2022,5/1/2022,0.611993049,0.62789825,0.575951661,0.588064837,2317835457.00,28431600991.22
XRP,4/29/2022,4/30/2022,0.643049121,0.645645476,0.60320904,0.611275299,2252167154.00,28876779992.50
XRP,4/28/2022,4/29/2022,0.652273055,0.655247594,0.63635551,0.643755837,2150031630.00,29863963833.57
XRP,4/27/2022,4/28/2022,0.642469219,0.660652061,0.641072231,0.652477886,2937858992.00,29985561573.63
XRP,4/26/2022,4/27/2022,0.693388232,0.704096078,0.634284398,0.640324352,2831844428.00,31062946998.23
XRP,4/25/2022,4/26/2022,0.69874631,0.69874631,0.64855131,0.695371744,2543621193.00,31066764742.66
XRP,4/24/2022,4/25/2022,0.706664938,0.712171247,0.698350284,0.698652674,1459710347.00,32588827300.20
XRP,4/23/2022,4/24/2022,0.718314741,0.725091223,0.707839451,0.707839451,2164639013.00,32931301862.49
XRP,4/22/2022,4/23/2022,0.732871411,0.737976958,0.716049751,0.719206965,2627855327.00,33559203698.79
XRP,4/21/2022,4/22/2022,0.752021756,0.765282787,0.725694181,0.73255375,2274564676.00,34641826984.44
XRP,4/20/2022,4/21/2022,0.774822149,0.774822149,0.744860062,0.752079459,2228831637.00,35127007632.97
XRP,4/19/2022,4/20/2022,0.768123623,0.780134646,0.760150069,0.775255378,2580988409.00,35541989390.30
XRP,4/18/2022,4/19/2022,0.752840655,0.768324002,0.731797349,0.768324002,2633798634.00,34530329533.14
XRP,4/17/2022,4/18/2022,0.781229236,0.784542338,0.750955459,0.752280555,1734485144.00,35775302195.29
XRP,4/16/2022,4/17/2022,0.784927188,0.796654514,0.767559349,0.781577134,3309782956.00,35965126043.23
XRP,4/15/2022,4/16/2022,0.726453687,0.792661807,0.726453687,0.785041961,4046533159.00,35595329776.68
XRP,4/14/2022,4/15/2022,0.723332414,0.740068955,0.711206146,0.725771023,2160488579.00,33465549696.69
XRP,4/13/2022,4/14/2022,0.715351639,0.724782342,0.703777645,0.723956516,2482667158.00,33072988929.42
XRP,4/12/2022,4/13/2022,0.695203406,0.72091616,0.694099716,0.717054056,2908405311.00,32554895909.10
XRP,4/11/2022,4/12/2022,0.754876123,0.755417368,0.687708717,0.694468027,2238600968.00,33309325136.92
XRP,4/10/2022,4/11/2022,0.762818351,0.762818351,0.762818351,0.762818351,1306801152.00,35192908526.39
XRP,4/9/2022,4/10/2022,0.75502283,0.765550312,0.755003594,0.763062425,1949651222.00,35098313451.50
XRP,4/8/2022,4/9/2022,0.787211901,0.792948003,0.751107481,0.754095793,1988452704.00,35775714389.32
XRP,4/7/2022,4/8/2022,0.760959793,0.789082021,0.755340887,0.787913965,2896159025.00,35862462815.14
XRP,4/6/2022,4/7/2022,0.817319158,0.818011746,0.762027058,0.762027058,2776829045.00,36615563559.25
XRP,4/5/2022,4/6/2022,0.827182192,0.833554901,0.816465425,0.818000965,2234772719.00,38066643315.70
XRP,4/4/2022,4/5/2022,0.842928845,0.842928845,0.810412292,0.827314646,2098236303.00,38215059770.96
XRP,4/3/2022,4/4/2022,0.824707826,0.849477102,0.817685517,0.842677809,2010892067.00,38494597038.52
XRP,4/2/2022,4/3/2022,0.826948089,0.847754766,0.825107788,0.825107788,2338106724.00,38582333845.45
XRP,4/1/2022,4/2/2022,0.815108452,0.833657834,0.81106499,0.825971216,3581179618.00,37973297612.73
XRP,3/31/2022,4/1/2022,0.860854938,0.87084307,0.804405212,0.814027523,2828141382.00,38984683945.55
XRP,3/30/2022,3/31/2022,0.857920901,0.870536837,0.848775063,0.861337123,2672349800.00,39720991306.60
XRP,3/29/2022,3/30/2022,0.863889624,0.883897249,0.849633432,0.857532517,3953312064.00,40127986596.43
XRP,3/28/2022,3/29/2022,0.856599223,0.907762029,0.854767894,0.861023016,3225789676.00,40410254288.16
XRP,3/27/2022,3/28/2022,0.832281782,0.856436104,0.829751185,0.856436104,1588488079.00,38684203702.91
XRP,3/26/2022,3/27/2022,0.824270862,0.834034893,0.821301038,0.832521216,1795707341.00,38252688052.89
XRP,3/25/2022,3/26/2022,0.842386839,0.843924202,0.822711196,0.825248925,2403810876.00,38516604480.90
XRP,3/24/2022,3/25/2022,0.837727589,0.848994936,0.829610151,0.842341395,2693236526.00,38693370896.92
XRP,3/23/2022,3/24/2022,0.83676074,0.844157443,0.820352544,0.837493301,2603903275.00,38293676151.78
XRP,3/22/2022,3/23/2022,0.837872351,0.862128567,0.829606271,0.836845639,3405605963.00,38900688003.16
XRP,3/21/2022,3/22/2022,0.805629209,0.84946775,0.792264367,0.837428584,2274470480.00,37628709086.57
XRP,3/20/2022,3/21/2022,0.819359305,0.820496715,0.798843271,0.806774664,2107695847.00,37348789972.81
XRP,3/19/2022,3/20/2022,0.796620099,0.824827364,0.793342113,0.818447115,2288545268.00,37425393573.20
XRP,3/18/2022,3/19/2022,0.793543119,0.79999622,0.77890231,0.797380931,2084694777.00,36420703375.93
XRP,3/17/2022,3/18/2022,0.792496936,0.800460941,0.784358168,0.793019018,2621200668.00,36533405460.39
XRP,3/16/2022,3/17/2022,0.765882254,0.793353251,0.758771105,0.793353251,2536985708.00,35593201333.42
XRP,3/15/2022,3/16/2022,0.774675175,0.774708695,0.745978689,0.766749623,2484375335.00,35146650112.12
XRP,3/14/2022,3/15/2022,0.760769001,0.775515428,0.750639022,0.773776982,2928157762.00,35262611833.26
XRP,3/13/2022,3/14/2022,0.786061639,0.803322751,0.7594035,0.760503629,3185253089.00,36437512343.94
XRP,3/12/2022,3/13/2022,0.802205483,0.844192122,0.781598337,0.786471931,6071007397.00,36821569469.38
XRP,3/11/2022,3/12/2022,0.737107793,0.80550235,0.726817376,0.803081524,2659248771.00,34387253685.55
XRP,3/10/2022,3/11/2022,0.76614908,0.776164565,0.726681239,0.737738612,3047138656.00,34151312057.77
XRP,3/9/2022,3/10/2022,0.720936025,0.769222141,0.720936025,0.766996314,2673841808.00,34649768295.48
XRP,3/8/2022,3/9/2022,0.721871136,0.729060979,0.715405376,0.720413178,2962468651.00,33357395622.34
XRP,3/7/2022,3/8/2022,0.726037211,0.751505976,0.708541882,0.72283397,2996674529.00,33775188564.82
XRP,3/6/2022,3/7/2022,0.754262628,0.757620808,0.724762382,0.72662699,2628934459.00,34210315683.02
XRP,3/5/2022,3/6/2022,0.712945061,0.764993794,0.707329733,0.754590246,2796696470.00,34008989902.10
XRP,3/4/2022,3/5/2022,0.752326326,0.752822989,0.704682911,0.711840258,2620733602.00,33829740407.52
XRP,3/3/2022,3/4/2022,0.769180757,0.784482803,0.738564082,0.753014138,2507528014.00,35079322744.17
XRP,3/2/2022,3/3/2022,0.784146608,0.784146608,0.758238904,0.768262731,2934732131.00,35557743898.63
XRP,3/1/2022,3/2/2022,0.781141575,0.799132429,0.762089236,0.784689276,3511802379.00,35859748451.44
XRP,2/28/2022,3/1/2022,0.722545938,0.786443562,0.713810301,0.781647293,3202431686.00,34107908820.87
XRP,2/27/2022,2/28/2022,0.751784068,0.764685739,0.709288017,0.723701299,2809405834.00,34100008848.37
XRP,2/26/2022,2/27/2022,0.769417915,0.786400486,0.743047629,0.750447318,4200346400.00,35199372686.78
XRP,2/25/2022,2/26/2022,0.696090467,0.772906424,0.683661226,0.772906424,4620211656.00,32670526435.28
XRP,2/24/2022,2/25/2022,0.697413373,0.713849038,0.626201837,0.69491364,4484498442.00,30482154343.77
XRP,2/23/2022,2/24/2022,0.721987398,0.743378983,0.695479745,0.699089461,3318891626.00,33224479948.24
XRP,2/22/2022,2/23/2022,0.703152616,0.725633387,0.678044075,0.723519851,4669607524.00,32276264565.60
XRP,2/21/2022,2/22/2022,0.776359119,0.799879606,0.701536638,0.701536638,3484189957.00,35800147188.18
XRP,2/20/2022,2/21/2022,0.821868757,0.821868757,0.768065796,0.77845025,4632736953.00,36438668679.94
XRP,2/19/2022,2/20/2022,0.785024081,0.846628021,0.773782114,0.822894455,3521346136.00,37101258486.11
XRP,2/18/2022,2/19/2022,0.76771147,0.803311464,0.759592413,0.785566557,3318107012.00,36071955031.99
XRP,2/17/2022,2/18/2022,0.836956593,0.844100311,0.758938814,0.766943432,2749640900.00,37323500112.76
XRP,2/16/2022,2/17/2022,0.850731418,0.851065397,0.812429634,0.838438759,2442186806.00,38377050571.58
XRP,2/15/2022,2/16/2022,0.802282794,0.855784033,0.799106964,0.85308461,2703050335.00,38117463516.22
XRP,2/14/2022,2/15/2022,0.806748598,0.81077824,0.782338818,0.80291639,3059106447.00,36726816651.23
XRP,2/13/2022,2/14/2022,0.821291594,0.845253815,0.7960937,0.811360554,4047195111.00,37928751089.75
XRP,2/12/2022,2/13/2022,0.760288279,0.847147867,0.751613514,0.820581422,3683009559.00,36513153214.24
XRP,2/11/2022,2/12/2022,0.82721166,0.830971943,0.754733886,0.759765337,3939173692.00,37334222349.05
XRP,2/10/2022,2/11/2022,0.870372609,0.894772102,0.828327244,0.830274659,4593729741.00,39975134023.99
XRP,2/9/2022,2/10/2022,0.87561883,0.908872776,0.846469063,0.879248299,6723283102.00,40324967301.00
XRP,2/8/2022,2/9/2022,0.830991065,0.911474967,0.807284357,0.877576996,7423300114.00,39251824029.66
XRP,2/7/2022,2/8/2022,0.684449866,0.831814633,0.674918823,0.828918266,3068743696.00,35086605874.39
XRP,2/6/2022,2/7/2022,0.667640973,0.685698988,0.663818096,0.684943096,1347082244.00,30961413165.72
XRP,2/5/2022,2/6/2022,0.655646634,0.681542955,0.651545069,0.667878211,2218771084.00,30874779891.51
XRP,2/4/2022,2/5/2022,0.60987414,0.657125632,0.6058415,0.657125632,1421738984.00,28722177739.95
XRP,2/3/2022,2/4/2022,0.602242284,0.607577337,0.593126463,0.607555582,1405634367.00,27798096752.84
XRP,2/2/2022,2/3/2022,0.630125834,0.632401358,0.599860315,0.601347741,1310828300.00,28644684785.01
XRP,2/1/2022,2/2/2022,0.617921516,0.631362996,0.61244259,0.631051294,1476359481.00,28707242204.00
XRP,1/31/2022,2/1/2022,0.603069416,0.620865597,0.583364549,0.618474119,1237186062.00,27468337000.13
XRP,1/30/2022,1/31/2022,0.618043019,0.623103716,0.600123272,0.60423335,899242507.60,28355810563.60
XRP,1/29/2022,1/30/2022,0.612335618,0.623482975,0.610092118,0.6174198,1109608506.00,28407048746.70
XRP,1/28/2022,1/29/2022,0.608346673,0.613016261,0.593972806,0.613016261,1458410773.00,27865952489.04
XRP,1/27/2022,1/28/2022,0.620309153,0.623998734,0.591962593,0.609289605,2080919194.00,27961999111.77
XRP,1/26/2022,1/27/2022,0.618144446,0.653271653,0.608077301,0.62166206,1880890056.00,28867079808.74
XRP,1/25/2022,1/26/2022,0.611623087,0.621263143,0.58856894,0.620427396,2262980853.00,27854633774.37
XRP,1/24/2022,1/25/2022,0.629201225,0.629201225,0.558809454,0.612626887,2112348833.00,27460894042.08
XRP,1/23/2022,1/24/2022,0.596945299,0.633040302,0.592391212,0.628443763,2661526990.00,28138097046.08
XRP,1/22/2022,1/23/2022,0.637935132,0.652934859,0.558463528,0.596172244,3665052312.00,27932600377.13
XRP,1/21/2022,1/22/2022,0.721319814,0.72888636,0.625265266,0.634644725,2282715872.00,31571415345.27
XRP,1/20/2022,1/21/2022,0.739195134,0.762079467,0.721159411,0.721159411,1240648094.00,34455464803.62
XRP,1/19/2022,1/20/2022,0.752733135,0.753047312,0.726793891,0.739304735,1446242538.00,34190496302.23
XRP,1/18/2022,1/19/2022,0.763436184,0.769123048,0.740114485,0.75219601,1341213222.00,34716481212.06
XRP,1/17/2022,1/18/2022,0.779399333,0.780306598,0.753202881,0.763245367,1143673764.00,35325035956.72
XRP,1/16/2022,1/17/2022,0.780764844,0.784944592,0.771258637,0.779771677,1019313347.00,35968411444.30
XRP,1/15/2022,1/16/2022,0.774191143,0.789401976,0.771321044,0.781570499,1289671925.00,35960542927.01
XRP,1/14/2022,1/15/2022,0.768427872,0.790226971,0.754987633,0.775369652,1658668099.00,35695647910.04
XRP,1/13/2022,1/14/2022,0.799354684,0.802236526,0.763709266,0.770130796,1819362116.00,36240906810.80
XRP,1/12/2022,1/13/2022,0.771680201,0.806620884,0.760220803,0.800052898,1986083273.00,36026769218.37
XRP,1/11/2022,1/12/2022,0.740084409,0.775287476,0.732910476,0.771473821,2208224281.00,34573078102.85
XRP,1/10/2022,1/11/2022,0.754358012,0.759628063,0.705979641,0.738957353,1490717692.00,34228103231.76
XRP,1/9/2022,1/10/2022,0.748745434,0.766689145,0.741990715,0.755490475,1659462297.00,34763205433.96
XRP,1/8/2022,1/9/2022,0.763320573,0.775723351,0.729215505,0.74972229,1974819096.00,35129696566.61
XRP,1/7/2022,1/8/2022,0.781019228,0.781019228,0.735734384,0.761848055,2281151514.00,35079743169.66
XRP,1/6/2022,1/7/2022,0.772091647,0.789574771,0.743094953,0.781033243,2937399640.00,35300436141.13
XRP,1/5/2022,1/6/2022,0.823804876,0.836041073,0.73081191,0.774171319,1556963624.00,37854475282.71
XRP,1/4/2022,1/5/2022,0.832677179,0.844495355,0.820550983,0.824503126,1554702076.00,38322010800.87
XRP,1/3/2022,1/4/2022,0.859082413,0.859082413,0.823120966,0.832622157,1282473079.00,38814672559.07
XRP,1/2/2022,1/3/2022,0.849923107,0.863111989,0.839335555,0.85937536,1091727998.00,39151789423.66
XRP,1/1/2022,1/2/2022,0.829997669,0.852804669,0.829997669,0.846863653,1633103829.00,38902176954.73
XRP,12/31/2021,1/1/2022,0.83903625,0.853264975,0.805569654,0.831620266,1868945529.00,38571448117.48
XRP,12/30/2021,12/31/2021,0.817594434,0.851530368,0.807911251,0.83912436,2166170356.00,38526959137.32
XRP,12/29/2021,12/30/2021,0.853098836,0.863884879,0.815507195,0.817077114,2092287708.00,38939019876.52
XRP,12/28/2021,12/29/2021,0.927096442,0.927096442,0.850977507,0.855944398,2455654532.00,40720519758.53
XRP,12/27/2021,12/28/2021,0.920892139,0.952787216,0.916977513,0.926959078,1565409182.00,42904169386.72
XRP,12/26/2021,12/27/2021,0.926156505,0.93305176,0.908870031,0.920370757,1575471668.00,42379511161.90
XRP,12/25/2021,12/26/2021,0.911798786,0.933198133,0.904128765,0.928294674,3635580644.00,42592873074.71
XRP,12/24/2021,12/25/2021,0.993922833,0.995193588,0.901499914,0.911346575,3799056408.00,44229872204.90
XRP,12/23/2021,12/24/2021,0.954391628,1.013842954,0.94146693,0.993367675,4280461140.00,45485713344.20
XRP,12/22/2021,12/23/2021,0.946670521,0.969213735,0.928758507,0.954990975,4124544652.00,43959675101.47
XRP,12/21/2021,12/22/2021,0.879305097,0.956619445,0.854591434,0.946741864,4217143398.00,41367528846.25
XRP,12/20/2021,12/21/2021,0.836189223,0.909660123,0.827441151,0.878788066,3615730490.00,39794452167.85
XRP,12/19/2021,12/20/2021,0.827981789,0.846296144,0.822478295,0.834917942,1556515803.00,38425989477.58
XRP,12/18/2021,12/19/2021,0.797835754,0.83342723,0.793033591,0.826500541,2132617429.00,37772416634.77
XRP,12/17/2021,12/18/2021,0.805747778,0.826059629,0.780958792,0.799902367,2052763042.00,37196186192.80
XRP,12/16/2021,12/17/2021,0.827490882,0.836310676,0.806584349,0.809709884,2757192428.00,38010750995.84
XRP,12/15/2021,12/16/2021,0.812188642,0.83845226,0.780164021,0.827445158,2902840804.00,37326174229.75
XRP,12/14/2021,12/15/2021,0.783318328,0.819978131,0.775915245,0.812547464,3250747851.00,36757831274.36
XRP,12/13/2021,12/14/2021,0.841913884,0.844958101,0.766246816,0.783573719,2074104013.00,37508457786.63
XRP,12/12/2021,12/13/2021,0.838127025,0.85687779,0.813417029,0.842524634,1884223379.00,38408675651.83
XRP,12/11/2021,12/12/2021,0.799507716,0.84291686,0.790959646,0.839024606,3194032443.00,38250116219.38
XRP,12/10/2021,12/11/2021,0.863856765,0.878746791,0.800266278,0.800266278,4865556247.00,38782634411.20
XRP,12/9/2021,12/10/2021,0.862954112,0.922391042,0.835117632,0.868403463,4335730143.00,40368064495.72
XRP,12/8/2021,12/9/2021,0.816387308,0.881319706,0.807471625,0.861726884,2799129249.00,38712779625.86
XRP,12/7/2021,12/8/2021,0.826756337,0.844618466,0.807330633,0.816352073,3090048442.00,38282712906.31
XRP,12/6/2021,12/7/2021,0.804871264,0.83075293,0.753740589,0.825745964,3881343546.00,36458642379.99
XRP,12/5/2021,12/6/2021,0.844559172,0.858479985,0.785095361,0.802322491,5189458242.00,37764708408.18
XRP,12/4/2021,12/5/2021,0.921524418,0.923509551,0.646466666,0.840593156,6791346691.00,37561796370.36
XRP,12/3/2021,12/4/2021,0.973753182,0.983339624,0.912818111,0.925183371,2134670369.00,44377087301.91
XRP,12/2/2021,12/3/2021,0.990854468,0.990854468,0.960272487,0.974439479,2970999828.00,45026796240.89
XRP,12/1/2021,12/2/2021,1.000545077,1.017359612,0.983806342,0.990483714,3261546794.00,46364152157.70
XRP,11/30/2021,12/1/2021,0.992060124,1.028208314,0.97425231,1.001129776,3242864264.00,46192226223.88
XRP,11/29/2021,11/30/2021,0.96739399,1.002155812,0.96739399,0.994280202,2982962382.00,45328401832.53
XRP,11/28/2021,11/29/2021,0.94502612,0.967996083,0.899306601,0.967412917,2492862078.00,42857418516.61
XRP,11/27/2021,11/28/2021,0.937299733,0.964417882,0.937299733,0.941909111,3550436548.00,43985721937.97
XRP,11/26/2021,11/27/2021,1.045573521,1.048560545,0.929965327,0.938158478,4362344310.00,45178051496.28
XRP,11/25/2021,11/26/2021,1.033304272,1.064192533,1.024598896,1.046381403,2957642758.00,48231351481.29
XRP,11/24/2021,11/25/2021,1.068144878,1.073852818,1.012315352,1.03135861,3048698290.00,47843455573.10
XRP,11/23/2021,11/24/2021,1.037230588,1.072282708,1.029123923,1.068473471,3104521002.00,48421103657.38
XRP,11/22/2021,11/23/2021,1.063610376,1.068920115,1.031681182,1.038287737,2787182368.00,48346635240.74
XRP,11/21/2021,11/22/2021,1.098244059,1.098244059,1.063557068,1.063557068,2324451124.00,49831144317.09
XRP,11/20/2021,11/21/2021,1.092098457,1.102386469,1.066881338,1.09907536,2999800644.00,50260870098.91
XRP,11/19/2021,11/20/2021,1.042554858,1.098623739,1.023057414,1.092660402,4790249225.00,49162718297.54
XRP,11/18/2021,11/19/2021,1.097580095,1.146728221,1.029570922,1.037795014,5017604005.00,50105156431.67
XRP,11/17/2021,11/18/2021,1.091294584,1.110207269,1.065898918,1.098812116,4642005742.00,50313953372.62
XRP,11/16/2021,11/17/2021,1.174283943,1.174283943,1.060391226,1.093494816,4998852958.00,51297442350.65
XRP,11/15/2021,11/16/2021,1.189533393,1.218125088,1.173023449,1.176343814,2780984767.00,55310696409.04
XRP,11/14/2021,11/15/2021,1.190882596,1.198675704,1.170884207,1.188373717,2405260816.00,54735110377.05
XRP,11/13/2021,11/14/2021,1.191558851,1.202438399,1.171314559,1.192627613,3541997951.00,54783909453.72
XRP,11/12/2021,11/13/2021,1.216751532,1.231366552,1.160228758,1.193182917,4941510267.00,55111499081.89
XRP,11/11/2021,11/12/2021,1.192622777,1.248532498,1.180677048,1.217676257,9407227150.00,56118574588.64
XRP,11/10/2021,11/11/2021,1.258108757,1.341134808,1.172313555,1.189664873,6171314585.00,58168595798.33
XRP,11/9/2021,11/10/2021,1.28390695,1.284378829,1.233966549,1.259474151,5481749916.00,58203943610.42
XRP,11/8/2021,11/9/2021,1.21740786,1.292916443,1.21740786,1.286875015,6092254882.00,58311398101.83
XRP,11/7/2021,11/8/2021,1.151931418,1.23469792,1.147867067,1.217727547,3085356545.00,54829378894.48
XRP,11/6/2021,11/7/2021,1.160719381,1.172544468,1.115210626,1.150910736,3315174987.00,53073908312.59
XRP,11/5/2021,11/6/2021,1.20167427,1.20167427,1.145470343,1.160926661,4224999952.00,54135372361.14
XRP,11/4/2021,11/5/2021,1.208900282,1.252491264,1.169281915,1.199622201,7188828169.00,55490200554.04
XRP,11/3/2021,11/4/2021,1.135773355,1.224879824,1.127390623,1.205817072,6575041509.00,54489695646.62
XRP,11/2/2021,11/3/2021,1.093318698,1.142248318,1.088400175,1.136922889,3332222026.00,51338565115.83
XRP,11/1/2021,11/2/2021,1.113528624,1.129470812,1.075938321,1.094284991,4266674183.00,50525458859.52
XRP,10/31/2021,11/1/2021,1.083061871,1.148015499,1.076753617,1.114724829,4645020494.00,50903774539.03
XRP,10/30/2021,10/31/2021,1.082059322,1.112227188,1.066689766,1.075455272,3249270173.00,50060091855.65
XRP,10/29/2021,10/30/2021,1.058493529,1.088877443,1.058178612,1.081336831,4636585952.00,49479088203.15
XRP,10/28/2021,10/29/2021,0.997697506,1.076221481,0.986686897,1.057261925,7040805973.00,48188414749.86
XRP,10/27/2021,10/28/2021,1.108388208,1.123793448,0.995703455,1.001712875,7045655984.00,48422478636.41
XRP,10/26/2021,10/27/2021,1.096179334,1.156391831,1.094859392,1.110292498,3211881402.00,51479907599.79
XRP,10/25/2021,10/26/2021,1.083962957,1.102154173,1.080580037,1.095852451,2646701719.00,50448784333.18
XRP,10/24/2021,10/25/2021,1.093958423,1.095751301,1.060417465,1.083121426,2252015852.00,50024838575.06
XRP,10/23/2021,10/24/2021,1.090112782,1.101753414,1.082964202,1.092741252,3072965246.00,50336047558.50
XRP,10/22/2021,10/23/2021,1.090570702,1.120574948,1.081648665,1.090572762,4237122804.00,50750457995.57
XRP,10/21/2021,10/22/2021,1.142842099,1.163118059,1.090910194,1.093451101,4853659558.00,52047312816.30
XRP,10/20/2021,10/21/2021,1.09298561,1.152186241,1.08971744,1.143826244,3322994128.00,51663158936.43
XRP,10/19/2021,10/20/2021,1.084515048,1.09986678,1.07505688,1.092831925,3060445156.00,50215404235.95
XRP,10/18/2021,10/19/2021,1.093694638,1.104956604,1.072899631,1.082411241,4534366409.00,50263946507.52
XRP,10/17/2021,10/18/2021,1.135806005,1.139141111,1.049990273,1.093170255,3560161478.00,51773223598.17
XRP,10/16/2021,10/17/2021,1.1423881,1.182966883,1.132801873,1.137749127,4780630386.00,52949873764.50
XRP,10/15/2021,10/16/2021,1.133103316,1.159636575,1.107872456,1.14259828,5105793238.00,52197293502.89
XRP,10/14/2021,10/15/2021,1.128270975,1.155523017,1.120386494,1.134015835,3572218825.00,52264671216.91
XRP,10/13/2021,10/14/2021,1.102065541,1.135622868,1.077892846,1.127871288,4031598644.00,50980355860.86
XRP,10/12/2021,10/13/2021,1.136770215,1.136770215,1.072474265,1.100254825,5060236111.00,50711754126.53
XRP,10/11/2021,10/12/2021,1.137473011,1.179101647,1.115720661,1.136770215,5877242352.00,53133625983.93
XRP,10/10/2021,10/11/2021,1.161071969,1.22455785,1.137941084,1.137941084,8068502535.00,54334480307.93
XRP,10/9/2021,10/10/2021,1.062997822,1.204690832,1.061178233,1.163737652,4267293472.00,51422881836.67
XRP,10/8/2021,10/9/2021,1.068365113,1.091216292,1.058529613,1.060753508,3414519641.00,49469716776.54
XRP,10/7/2021,10/8/2021,1.077591946,1.090755352,1.048442553,1.069102279,4868322869.00,49486306425.36
XRP,10/6/2021,10/7/2021,1.081853618,1.104831003,1.022869483,1.079841087,4663077227.00,49290122060.19
XRP,10/5/2021,10/6/2021,1.046050308,1.081104552,1.04188839,1.081104552,4093129554.00,48852117762.24
XRP,10/4/2021,10/5/2021,1.055920057,1.058834843,1.015035254,1.045251775,3990793516.00,47883306101.12
XRP,10/3/2021,10/4/2021,1.038539895,1.086349865,1.028023834,1.055679804,4054113039.00,48679341091.86
XRP,10/2/2021,10/3/2021,1.042329781,1.067992998,1.010910543,1.038926359,5225259692.00,47735909656.02
XRP,10/1/2021,10/2/2021,0.95247183,1.056237069,0.946706835,1.041305058,4312924987.00,45998518887.07
XRP,9/30/2021,10/1/2021,0.927400937,0.961964113,0.924709764,0.952705447,4141468260.00,43611812019.22
XRP,9/29/2021,9/30/2021,0.893916108,0.986966519,0.890833219,0.92765735,3722043601.00,42624751705.82
XRP,9/28/2021,9/29/2021,0.922891976,0.940080982,0.895430522,0.895430522,3079904203.00,42650884964.07
XRP,9/27/2021,9/28/2021,0.945279401,0.980328965,0.923235032,0.924031476,3362628033.00,44011502656.68
XRP,9/26/2021,9/27/2021,0.94209945,0.955278989,0.895555009,0.945029158,3352447908.00,43173124297.93
XRP,9/25/2021,9/26/2021,0.945258907,0.954149164,0.920617079,0.944025893,4312223911.00,43480360591.67
XRP,9/24/2021,9/25/2021,1.002107171,1.002107171,0.896346571,0.943291696,4518763962.00,43920839673.25
XRP,9/23/2021,9/24/2021,1.003106814,1.012974915,0.97112518,1.000894885,5202841365.00,45876340790.02
XRP,9/22/2021,9/23/2021,0.875499544,1.006600115,0.871907855,1.004885637,5777751017.00,43606702643.92
XRP,9/21/2021,9/22/2021,0.918031588,0.957496348,0.862984491,0.873433218,6533642748.00,42659842534.04
XRP,9/20/2021,9/21/2021,1.0492369,1.0492369,0.887040411,0.921093783,5481275377.00,44093936401.84
XRP,9/19/2021,9/20/2021,1.076834314,1.084008246,1.044765118,1.048664837,2261627148.00,49386567630.66
XRP,9/18/2021,9/19/2021,1.066335235,1.092705846,1.059246138,1.076487683,3008910471.00,49840772750.44
XRP,9/17/2021,9/18/2021,1.091992458,1.101935591,1.054893806,1.063269959,3564237224.00,49742619525.74
XRP,9/16/2021,9/17/2021,1.121174259,1.128188072,1.069668433,1.092061687,3776912417.00,51019841803.78
XRP,9/15/2021,9/16/2021,1.095937837,1.12692774,1.081549679,1.117765035,3468680988.00,50781125611.13
XRP,9/14/2021,9/15/2021,1.065694039,1.097056403,1.062498585,1.094600993,4460763469.00,49634446668.69
XRP,9/13/2021,9/14/2021,1.119413506,1.124870039,1.033029947,1.068562242,4974702296.00,49196436235.62
XRP,9/12/2021,9/13/2021,1.078456135,1.125272066,1.06112386,1.117041177,3870062095.00,50516573076.28
XRP,9/11/2021,9/12/2021,1.056600422,1.107828575,1.053824006,1.075496663,6002816089.00,49929156128.03
XRP,9/10/2021,9/11/2021,1.089583882,1.227520399,1.03525241,1.056688956,9437397962.00,50531707742.36
XRP,9/9/2021,9/10/2021,1.099743411,1.133582634,1.081817121,1.085534809,7700074622.00,51072859272.97
XRP,9/8/2021,9/9/2021,1.125051424,1.147673205,1.021312801,1.095677912,14708748747.00,50717884874.34
XRP,9/7/2021,9/8/2021,1.390264819,1.390264819,1.014562254,1.130509734,11636119570.00,57669931023.89
XRP,9/6/2021,9/7/2021,1.30583657,1.411640888,1.30583657,1.388740967,7615714501.00,62548498104.77
XRP,9/5/2021,9/6/2021,1.255483358,1.306210408,1.239067481,1.301547409,4910665355.00,58644225492.13
XRP,9/4/2021,9/5/2021,1.291209784,1.295573128,1.243700119,1.2536746,6427556171.00,58651277947.32
XRP,9/3/2021,9/4/2021,1.25628462,1.317623447,1.229771117,1.290342258,7462405653.00,59012939611.60
XRP,9/2/2021,9/3/2021,1.237051538,1.293875894,1.224258241,1.257700665,7257254327.00,58075575828.16
XRP,9/1/2021,9/2/2021,1.188138262,1.233566251,1.16272819,1.233566251,8157391932.00,55250273964.00
XRP,8/31/2021,9/1/2021,1.102023673,1.235961136,1.097136544,1.191075705,5969697625.00,52885800745.94
XRP,8/30/2021,8/31/2021,1.141571072,1.148032432,1.105831045,1.105831045,4304982524.00,52220276606.67
XRP,8/29/2021,8/30/2021,1.146199267,1.165289916,1.1199476,1.144495193,4485288730.00,52810122225.79
XRP,8/28/2021,8/29/2021,1.187208167,1.192165306,1.137933342,1.149294398,5785275781.00,53439563381.69
XRP,8/27/2021,8/28/2021,1.073718159,1.179781969,1.057657899,1.174039828,7029013285.00,51481548213.83
XRP,8/26/2021,8/27/2021,1.173710875,1.185906671,1.071289668,1.087997559,6770407042.00,51516463848.55
XRP,8/25/2021,8/26/2021,1.138002165,1.175357497,1.114751406,1.172247857,8189203129.00,53359362657.42
XRP,8/24/2021,8/25/2021,1.247227907,1.261582746,1.141119943,1.141119943,8755810535.00,55797476186.57
XRP,8/23/2021,8/24/2021,1.227543117,1.299287786,1.222497696,1.246644997,8212714270.00,57740765191.97
XRP,8/22/2021,8/23/2021,1.22326043,1.253493241,1.186544923,1.224084787,6521865585.00,56455780905.60
XRP,8/21/2021,8/22/2021,1.262331128,1.277670661,1.208769999,1.22326043,8431999527.00,57414560248.30
XRP,8/20/2021,8/21/2021,1.232865165,1.283349403,1.203011466,1.260771228,10412351612.00,57308295327.63
XRP,8/19/2021,8/20/2021,1.146075575,1.227905884,1.09328251,1.226850095,10764128821.00,52954758512.06
XRP,8/18/2021,8/19/2021,1.099019201,1.191235868,1.059762876,1.149550439,11793924658.00,51644822954.76
XRP,8/17/2021,8/18/2021,1.188542267,1.221222228,1.090026401,1.090026401,12781570395.00,54317412571.70
XRP,8/16/2021,8/17/2021,1.287572172,1.325498188,1.155268341,1.189371819,13165784035.00,58068681079.78
XRP,8/15/2021,8/16/2021,1.278762703,1.342952843,1.233212247,1.286089685,20665109604.00,59380382572.75
XRP,8/14/2021,8/15/2021,1.089458302,1.300673325,1.077182044,1.271392557,14462815271.00,53855608001.08
XRP,8/13/2021,8/14/2021,0.965044862,1.090906131,0.954244961,1.090491514,10918148338.00,47149932460.86
XRP,8/12/2021,8/13/2021,1.011748418,1.040838791,0.928390799,0.96756906,15016873614.00,45424296959.52
XRP,8/11/2021,8/12/2021,0.851578988,1.063047037,0.851578988,1.016271332,8554764889.00,42646480815.22
XRP,8/10/2021,8/11/2021,0.817923958,0.861184212,0.801335214,0.852235876,5730909692.00,38021833930.05
XRP,8/9/2021,8/10/2021,0.779504232,0.826510329,0.761669195,0.815260553,6063243650.00,37055760938.48
XRP,8/8/2021,8/9/2021,0.816677497,0.838432951,0.774059263,0.780670115,6752312745.00,37073918138.80
XRP,8/7/2021,8/8/2021,0.746149202,0.815585518,0.742375846,0.815585518,4825105975.00,36043354987.29
XRP,8/6/2021,8/7/2021,0.733617196,0.751565151,0.724931319,0.744499526,3712213001.00,34007781318.34
XRP,8/5/2021,8/6/2021,0.730683346,0.738563959,0.704332527,0.733297777,3574475646.00,33396683742.06
XRP,8/4/2021,8/5/2021,0.713840524,0.738739262,0.698866344,0.731288157,3571720268.00,33176154649.12
XRP,8/3/2021,8/4/2021,0.739371975,0.743782028,0.70291254,0.716024937,4234494074.00,33109712047.84
XRP,8/2/2021,8/3/2021,0.725821599,0.767538822,0.719035273,0.739579262,4943231422.00,34272222926.96
XRP,8/1/2021,8/2/2021,0.748202723,0.775528578,0.718964119,0.728762705,4312376279.00,35017639262.17
XRP,7/31/2021,8/1/2021,0.752113881,0.756316423,0.738957492,0.75027486,5231449660.00,34541841085.98
XRP,7/30/2021,7/31/2021,0.748224698,0.766342188,0.716351833,0.751691689,5777464340.00,34086920113.86
XRP,7/29/2021,7/30/2021,0.732964564,0.763505343,0.69851563,0.74829329,7328273628.00,32761818467.08
XRP,7/28/2021,7/29/2021,0.644749152,0.746642909,0.633272627,0.729247643,7204952855.00,31962475293.09
XRP,7/27/2021,7/28/2021,0.624704355,0.651513822,0.614741506,0.64186704,4291743951.00,29167764007.11
XRP,7/26/2021,7/27/2021,0.606401943,0.675146202,0.60573927,0.623289838,3980777445.00,30029136648.28
XRP,7/25/2021,7/26/2021,0.609560405,0.610890254,0.592153643,0.605972382,2088543591.00,27758013454.11
XRP,7/24/2021,7/25/2021,0.60917285,0.620158715,0.601412589,0.609553089,2441611677.00,28044817421.32
XRP,7/23/2021,7/24/2021,0.592102025,0.609048392,0.577259695,0.609048392,2704249728.00,27366147224.49
XRP,7/22/2021,7/23/2021,0.571221947,0.602090122,0.562035169,0.591995002,3331821772.00,26792948129.43
XRP,7/21/2021,7/22/2021,0.52919184,0.581656306,0.521052874,0.570157322,2719891020.00,25507281825.31
XRP,7/20/2021,7/21/2021,0.558056262,0.565901473,0.51874242,0.528753025,3028817746.00,24513291037.50
XRP,7/19/2021,7/20/2021,0.587922667,0.588595511,0.555636746,0.560635318,2148546725.00,26337105275.24
XRP,7/18/2021,7/19/2021,0.582559827,0.600368967,0.577895624,0.588980283,2008425213.00,27140467280.55
XRP,7/17/2021,7/18/2021,0.590347964,0.597107922,0.574031534,0.583443816,2540759729.00,26935474408.15
XRP,7/16/2021,7/17/2021,0.595011094,0.614586366,0.589442774,0.591099388,2701215082.00,27700767405.52
XRP,7/15/2021,7/16/2021,0.619997601,0.625809396,0.589733719,0.595122216,2453984588.00,27980594174.60
XRP,7/14/2021,7/15/2021,0.619733842,0.62401293,0.590476226,0.618631928,2799447605.00,28163766191.99
XRP,7/13/2021,7/14/2021,0.630229948,0.638005746,0.611773417,0.61858737,2456044422.00,28863515478.62
XRP,7/12/2021,7/13/2021,0.635974515,0.655802791,0.619963543,0.631328882,2276285256.00,29398061180.28
XRP,7/11/2021,7/12/2021,0.62554093,0.642159577,0.617566467,0.636082231,1828921206.00,28978150467.75
XRP,7/10/2021,7/11/2021,0.637068877,0.646789172,0.615419527,0.625181603,2470042864.00,28888111874.67
XRP,7/9/2021,7/10/2021,0.622896871,0.642618173,0.594738548,0.637938822,2936852719.00,28715281096.63
XRP,7/8/2021,7/9/2021,0.652136134,0.652844538,0.613071139,0.623788063,2956779025.00,28955823699.72
XRP,7/7/2021,7/8/2021,0.665008869,0.673214073,0.652286127,0.653004519,2480784481.00,30757750054.40
XRP,7/6/2021,7/7/2021,0.654273686,0.679228369,0.654273686,0.662948959,2966725562.00,30677715368.00
XRP,7/5/2021,7/6/2021,0.696165949,0.696263797,0.649203469,0.657982048,3147759247.00,30894293559.76
XRP,7/4/2021,7/5/2021,0.673478787,0.708057694,0.666740454,0.695645742,2696841978.00,31815964140.72
XRP,7/3/2021,7/4/2021,0.656390819,0.682475065,0.644811446,0.672467343,2785958309.00,30749327232.82
XRP,7/2/2021,7/3/2021,0.661070871,0.665639917,0.635268223,0.653827543,3366054689.00,29827952755.01
XRP,7/1/2021,7/2/2021,0.706318705,0.706318705,0.647376665,0.663047148,4316791853.00,30811371426.99
XRP,6/30/2021,7/1/2021,0.702017207,0.713210848,0.652779408,0.702986801,5428967287.00,31395377671.34
XRP,6/29/2021,6/30/2021,0.644358196,0.725647368,0.644358196,0.701689808,4557607684.00,31743713270.50
XRP,6/28/2021,6/29/2021,0.647142194,0.653743035,0.62615536,0.644084429,3683273823.00,29596306751.86
XRP,6/27/2021,6/28/2021,0.616144267,0.651151118,0.59898216,0.648965502,3594248493.00,28418151668.99
XRP,6/26/2021,6/27/2021,0.615866148,0.630911031,0.583390587,0.610096672,5007718389.00,27940325408.44
XRP,6/25/2021,6/26/2021,0.67198203,0.688005308,0.604499047,0.617012624,5115696593.00,29627565578.59
XRP,6/24/2021,6/25/2021,0.636283731,0.688856709,0.619504792,0.670211928,5730055276.00,30130658324.39
XRP,6/23/2021,6/24/2021,0.544894176,0.659941597,0.524730445,0.63678242,9001820297.00,28683754676.65
XRP,6/22/2021,6/23/2021,0.610924423,0.648687452,0.515182349,0.545789134,8184416679.00,27020187544.94
XRP,6/21/2021,6/22/2021,0.777061354,0.777061354,0.608697889,0.608697889,6058931739.00,31895392948.81
XRP,6/20/2021,6/21/2021,0.762099737,0.781088582,0.701046259,0.777469785,4039304713.00,34382993873.07
XRP,6/19/2021,6/20/2021,0.79737378,0.805955875,0.760399769,0.763305584,3707917444.00,36504828569.52
XRP,6/18/2021,6/19/2021,0.841692311,0.844429114,0.774702115,0.79595797,3339706949.00,37792436323.54
XRP,6/17/2021,6/18/2021,0.832480163,0.860811328,0.826265433,0.842485913,3702286250.00,39128877711.75
XRP,6/16/2021,6/17/2021,0.867654892,0.873322573,0.829057581,0.831759336,3675344805.00,39301758716.41
XRP,6/15/2021,6/16/2021,0.891606425,0.901041561,0.86148014,0.869668049,4435959243.00,40641216125.76
XRP,6/14/2021,6/15/2021,0.88377754,0.925055685,0.865412225,0.891832698,4303716653.00,40700500524.40
XRP,6/13/2021,6/14/2021,0.833097998,0.887743015,0.820827169,0.882954091,3255795730.00,38858634314.61
XRP,6/12/2021,6/13/2021,0.848509933,0.848509933,0.810996138,0.834014405,4064926600.00,38271734749.79
XRP,6/11/2021,6/12/2021,0.87016648,0.878541727,0.839056695,0.846777597,4261100774.00,39736852816.63
XRP,6/10/2021,6/11/2021,0.919800004,0.925642229,0.855691816,0.874278284,6158068538.00,40712302925.45
XRP,6/9/2021,6/10/2021,0.875520649,0.915620584,0.83276864,0.915620584,7547830354.00,40155800139.97
XRP,6/8/2021,6/9/2021,0.861415137,0.883489269,0.794641558,0.874247944,7614172201.00,39455557781.71
XRP,6/7/2021,6/8/2021,0.943762203,0.9718523,0.858984811,0.858984811,4576577767.00,43523190151.20
XRP,6/6/2021,6/7/2021,0.923266204,0.947987179,0.920070537,0.939552513,5071725162.00,43192478424.54
XRP,6/5/2021,6/6/2021,0.971408239,0.997099453,0.900894724,0.922946243,6177947703.00,44130741515.22
XRP,6/4/2021,6/5/2021,1.05,1.05,0.922739605,0.971342424,7580835364.00,44730809648.29
XRP,6/3/2021,6/4/2021,1.03,1.08,1.01,1.05,6627262661.00,47782612563.69
XRP,6/2/2021,6/3/2021,1.01,1.04496148,0.983993852,1.03,7861502524.00,47015309230.21
XRP,6/1/2021,6/2/2021,1.041822996,1.094954595,0.983607985,1.01,11090816282.00,47286274472.69
XRP,5/31/2021,6/1/2021,0.906406906,1.05,0.88662885,1.042108709,10011342621.00,44943407481.97
XRP,5/30/2021,5/31/2021,0.831561371,0.928858623,0.804895246,0.906020728,8009840595.00,40368849872.68
XRP,5/29/2021,5/30/2021,0.899951899,0.936834421,0.798553937,0.831464508,8593340446.00,40023149806.80
XRP,5/28/2021,5/29/2021,0.97339842,0.982454374,0.856586329,0.894865907,8673372779.00,41947487681.26
XRP,5/27/2021,5/28/2021,1.033032517,1.038694352,0.940701871,0.973337429,9368132647.00,45789703641.72
XRP,5/26/2021,5/27/2021,0.974436261,1.06341799,0.955270659,1.032595915,11400829508.00,46585533802.11
XRP,5/25/2021,5/26/2021,0.993008778,1.051454772,0.888832479,0.966887385,14073846411.00,44430588584.25
XRP,5/24/2021,5/25/2021,0.800083679,0.987261196,0.763362633,0.987261196,14610579155.00,39476006489.28
XRP,5/23/2021,5/24/2021,0.908801685,0.962563653,0.656824123,0.801180114,11881566030.00,37239411611.00
XRP,5/22/2021,5/23/2021,1.007944049,1.007944049,0.846858382,0.910336269,15011585522.00,42497672679.98
XRP,5/21/2021,5/22/2021,1.18,1.21,0.882912804,1.001599019,14393226955.00,50334602892.38
XRP,5/20/2021,5/21/2021,1.06959846,1.261138663,0.92775851,1.172307532,26967954010.00,53508818901.58
XRP,5/19/2021,5/20/2021,1.593181409,1.638629147,0.92735945,1.089097729,28217759058.00,60773570337.38
XRP,5/18/2021,5/19/2021,1.496880587,1.695617402,1.489890089,1.595380381,21245984396.00,65388877707.14
XRP,5/17/2021,5/18/2021,1.45,1.56,1.35,1.496427679,19954919326.00,51539072667.88
XRP,5/16/2021,5/17/2021,1.49,1.605441006,1.370504947,1.45,21206184005.00,53195138255.57
XRP,5/15/2021,5/16/2021,1.408131721,1.565366758,1.33247258,1.48,11951665517.00,49950351414.14
XRP,5/14/2021,5/15/2021,1.359258902,1.44,1.33,1.41,12884786048.00,48540178306.38
XRP,5/13/2021,5/14/2021,1.272923432,1.39,1.237309335,1.356908845,17151952871.00,46272490103.51
XRP,5/12/2021,5/13/2021,1.480374608,1.541990504,1.292140807,1.292140807,10629057898.00,51120221119.65
XRP,5/11/2021,5/12/2021,1.393062966,1.482073878,1.36944174,1.474460565,15495844004.00,50493737211.04
XRP,5/10/2021,5/11/2021,1.538127414,1.626074777,1.311929856,1.396253751,11381837338.00,53957644678.17
XRP,5/9/2021,5/10/2021,1.566899764,1.597383496,1.472194241,1.539783246,9865862017.00,53645694179.90
XRP,5/8/2021,5/9/2021,1.59,1.624907118,1.55,1.567333604,10783546368.00,55684015801.11
XRP,5/7/2021,5/8/2021,1.61,1.68,1.520320479,1.59,17982756816.00,63362276428.92
XRP,5/6/2021,5/7/2021,1.61,1.754223858,1.572575008,1.61,22358781428.00,75441244186.61
XRP,5/5/2021,5/6/2021,1.389523485,1.62,1.389523485,1.61,18089832461.00,68519064983.65
XRP,5/4/2021,5/5/2021,1.568942718,1.568942718,1.34050043,1.388580478,16064432951.00,65984802303.70
XRP,5/3/2021,5/4/2021,1.58,1.629262907,1.547371679,1.570284553,10713851714.00,72302938869.36
XRP,5/2/2021,5/3/2021,1.662652116,1.664971432,1.55,1.57,13240752368.00,72327703069.79
XRP,5/1/2021,5/2/2021,1.604408123,1.672517872,1.550211172,1.666694806,17219516856.00,72321508399.62
XRP,4/30/2021,5/1/2021,1.41,1.64,1.39,1.600664077,18629281506.00,70092417710.59
XRP,4/29/2021,4/30/2021,1.367892569,1.427118031,1.340717779,1.409470736,15135047775.00,63271053107.90
XRP,4/28/2021,4/29/2021,1.41237982,1.452504026,1.30844375,1.370196946,18574948576.00,62385452111.46
XRP,4/27/2021,4/28/2021,1.375788872,1.466515549,1.356370955,1.410769709,29514578193.00,64208418081.17
XRP,4/26/2021,4/27/2021,1.044077041,1.370054271,1.030163365,1.370054271,22215255539.00,55215146837.37
XRP,4/25/2021,4/26/2021,1.058713391,1.16,0.976167048,1.041385112,13540534018.00,48734649629.84
XRP,4/24/2021,4/25/2021,1.176413436,1.176413436,1.036276757,1.058699278,25021854803.00,50133999595.16
XRP,4/23/2021,4/24/2021,1.162635816,1.197696478,0.945510379,1.171924948,42911346397.00,49570041015.55
XRP,4/22/2021,4/23/2021,1.31,1.410290005,1.156581188,1.169023052,26108807241.00,57648037414.43
XRP,4/21/2021,4/22/2021,1.4,1.471356247,1.3,1.31,28822997540.00,60233958985.49
XRP,4/20/2021,4/21/2021,1.326605473,1.45,1.212187039,1.39,34471145976.00,57338788622.13
XRP,4/19/2021,4/20/2021,1.431942212,1.545008833,1.286010287,1.327594648,39020405980.00,61222739394.70
XRP,4/18/2021,4/19/2021,1.56,1.57,1.19,1.423739299,37000377625.00,58804632713.36
XRP,4/17/2021,4/18/2021,1.569013855,1.751437138,1.56,1.56,39755241117.00,70533243317.25
XRP,4/16/2021,4/17/2021,1.77,1.81,1.494119218,1.575830912,37715753520.00,72066619215.23
XRP,4/15/2021,4/16/2021,1.853845246,1.878617207,1.67,1.77,44972339633.00,76418685885.51
XRP,4/14/2021,4/15/2021,1.81,1.977925914,1.605739254,1.846644972,64677419375.00,78516769867.39
XRP,4/13/2021,4/14/2021,1.48,1.9,1.437657297,1.8,42376747018.00,72085566130.46
XRP,4/12/2021,4/13/2021,1.37205885,1.48,1.338529417,1.48,29524659028.00,59699297965.66
XRP,4/11/2021,4/12/2021,1.39152015,1.504259893,1.331666484,1.360755918,54573965302.00,61059775255.82
XRP,4/10/2021,4/11/2021,1.03,1.4,1.022156681,1.391248843,29776658630.00,51952119499.90
XRP,4/9/2021,4/10/2021,1.07,1.086593847,1,1.03,20111656646.00,44833038140.74
XRP,4/8/2021,4/9/2021,0.930501533,1.08,0.916213042,1.06,26145084754.00,42274105940.36
XRP,4/7/2021,4/8/2021,1.115455046,1.115455046,0.888174617,0.933296945,43451036712.00,42387541902.43
XRP,4/6/2021,4/7/2021,0.930541276,1.1101818,0.845869634,1.1101818,44955005795.00,42311254036.28
XRP,4/5/2021,4/6/2021,0.638295739,0.935682818,0.628101243,0.920751317,17939723145.00,32543253212.37
XRP,4/4/2021,4/5/2021,0.587978809,0.63800645,0.582072197,0.63800645,7533982875.00,26206771693.54
XRP,4/3/2021,4/4/2021,0.611553536,0.646038299,0.58692813,0.588805718,8648499514.00,26957201110.83
XRP,4/2/2021,4/3/2021,0.575004204,0.610852717,0.571571536,0.610180147,6166561792.00,25469090948.19
XRP,4/1/2021,4/2/2021,0.57247641,0.591506854,0.55683785,0.575843015,6311447041.00,24713472833.76
XRP,3/31/2021,4/1/2021,0.565296355,0.577311822,0.543447353,0.571999023,5349742064.00,24106614156.22
XRP,3/30/2021,3/31/2021,0.567469539,0.58316928,0.562165539,0.565965874,5060912352.00,24744561038.90
XRP,3/29/2021,3/30/2021,0.548524619,0.571475507,0.546701266,0.568435932,4153408568.00,24315522676.18
XRP,3/28/2021,3/29/2021,0.549451177,0.560775095,0.543390635,0.55014768,4081319335.00,23868050324.38
XRP,3/27/2021,3/28/2021,0.56523674,0.574162258,0.537982907,0.550217962,6047626232.00,24075513662.25
XRP,3/26/2021,3/27/2021,0.513396419,0.569411849,0.513396419,0.565740823,7691677206.00,23657285728.98
XRP,3/25/2021,3/26/2021,0.484780836,0.524981409,0.468797193,0.514258276,8699953967.00,21616716700.27
XRP,3/24/2021,3/25/2021,0.553034964,0.562215138,0.473437812,0.486543911,7472311711.00,23470564688.73
XRP,3/23/2021,3/24/2021,0.547583704,0.594087092,0.542749909,0.556880407,14267379826.00,24580242969.50
XRP,3/22/2021,3/23/2021,0.518625312,0.599195159,0.505175135,0.549827425,8629551926.00,23687499141.36
XRP,3/21/2021,3/22/2021,0.52576072,0.541377856,0.498608886,0.51954214,9525612328.00,22275338393.72
XRP,3/20/2021,3/21/2021,0.468629786,0.54910601,0.467529885,0.526542683,4625945035.00,21463979625.53
XRP,3/19/2021,3/20/2021,0.470389307,0.476031111,0.461835036,0.468016284,3545086474.00,20403249008.43
XRP,3/18/2021,3/19/2021,0.47111318,0.486085081,0.46707697,0.470917682,4639785181.00,20560740809.32
XRP,3/17/2021,3/18/2021,0.46145691,0.481664527,0.455289934,0.470867473,6638027603.00,20256002290.47
XRP,3/16/2021,3/17/2021,0.436725926,0.505391225,0.428849467,0.460116875,7515135072.00,20062593400.09
XRP,3/15/2021,3/16/2021,0.441020222,0.447301075,0.425414656,0.436531165,3606602835.00,19022641474.92
XRP,3/14/2021,3/15/2021,0.45871458,0.46121404,0.442570719,0.442570719,5595826019.00,19503658582.84
XRP,3/13/2021,3/14/2021,0.439722004,0.464050135,0.433468982,0.460036519,11092942667.00,19455939935.45
XRP,3/12/2021,3/13/2021,0.452348854,0.462632381,0.426828724,0.439172536,10916335018.00,19395859818.89
XRP,3/11/2021,3/12/2021,0.462267246,0.463570561,0.441752743,0.451945689,10503706888.00,19633711939.68
XRP,3/10/2021,3/11/2021,0.485332596,0.48693992,0.457303186,0.462089699,11139640058.00,20273221134.23
XRP,3/9/2021,3/10/2021,0.473521071,0.4860966,0.471717589,0.485086927,11940778386.00,20775036453.16
XRP,3/8/2021,3/9/2021,0.465658895,0.486709366,0.456154728,0.473220162,10398679148.00,20385894039.66
XRP,3/7/2021,3/8/2021,0.462554687,0.466984132,0.45814887,0.466277955,7780833826.00,20064955140.62
XRP,3/6/2021,3/7/2021,0.456270121,0.46864944,0.450257257,0.462935568,13276680118.00,19908323470.92
XRP,3/5/2021,3/6/2021,0.483184536,0.483184536,0.448463447,0.45439252,26368948894.00,19863952719.85
XRP,3/4/2021,3/5/2021,0.449523274,0.491394717,0.437782791,0.479868433,16043809001.00,19819729477.21
XRP,3/3/2021,3/4/2021,0.435829969,0.464088579,0.432422376,0.450499398,11293576271.00,19343434071.76
XRP,3/2/2021,3/3/2021,0.445811212,0.453734075,0.423873562,0.43478739,12027918413.00,18974063990.23
XRP,3/1/2021,3/2/2021,0.415553931,0.449528568,0.414495458,0.446876959,12267793399.00,18656155184.26
XRP,2/28/2021,3/1/2021,0.437113749,0.438468243,0.397806386,0.415472014,13255569387.00,18041461765.46
XRP,2/27/2021,2/28/2021,0.427779143,0.4542745,0.427779143,0.437693192,14964238192.00,19111936861.07
XRP,2/26/2021,2/27/2021,0.433443853,0.448778093,0.417523806,0.426863998,19707241850.00,18722855571.42
XRP,2/25/2021,2/26/2021,0.469178377,0.479457797,0.435383021,0.435807423,18563271275.00,20204993136.33
XRP,2/24/2021,2/25/2021,0.472728194,0.497341863,0.45410239,0.469462628,31529024021.00,20694688364.33
XRP,2/23/2021,2/24/2021,0.568299921,0.568787857,0.396425212,0.469537945,53931999902.00,21069434830.92
XRP,2/22/2021,2/23/2021,0.54566788,0.636605171,0.516030913,0.571915192,41409553056.00,24511565130.25
XRP,2/21/2021,2/22/2021,0.513612748,0.556427798,0.506963528,0.547167212,25949578181.00,23063576164.77
XRP,2/20/2021,2/21/2021,0.564544706,0.579810286,0.4837136,0.514648791,23807037970.00,23925229249.69
XRP,2/19/2021,2/20/2021,0.529453602,0.574366981,0.516974474,0.565897618,20062512317.00,23610401006.35
XRP,2/18/2021,2/19/2021,0.532450261,0.558090615,0.520836356,0.529976039,19300865601.00,23311721581.56
XRP,2/17/2021,2/18/2021,0.517694367,0.553530369,0.494871294,0.53377063,25380817987.00,23017255155.59
XRP,2/16/2021,2/17/2021,0.549513495,0.577127727,0.486876123,0.52008187,23448234625.00,23436059537.99
XRP,2/15/2021,2/16/2021,0.59442245,0.60124285,0.5198353,0.547447191,28268848239.00,24476571885.76
XRP,2/14/2021,2/15/2021,0.63216575,0.636725968,0.57274636,0.594733667,30278698696.00,26205486779.96
XRP,2/13/2021,2/14/2021,0.611157354,0.639598724,0.558429632,0.6270213,36783499376.00,26472589858.32
XRP,2/12/2021,2/13/2021,0.52566846,0.616365083,0.517583351,0.609600551,29701402355.00,24655967470.16
XRP,2/11/2021,2/12/2021,0.504237308,0.529778799,0.500686988,0.52299763,31347620423.00,22380873351.71
XRP,2/10/2021,2/11/2021,0.475598379,0.533856568,0.460917021,0.503576017,31690037802.00,21468140777.60
XRP,2/9/2021,2/10/2021,0.451580385,0.487692785,0.449401553,0.472313451,26416811108.00,20111207772.71
XRP,2/8/2021,2/9/2021,0.419204954,0.456576489,0.413759453,0.451745149,20238656471.00,18792571628.23
XRP,2/7/2021,2/8/2021,0.442642342,0.448820354,0.398051368,0.419777141,18479263217.00,18596573929.44
XRP,2/6/2021,2/7/2021,0.451043987,0.452797596,0.429368123,0.442214962,21127681026.00,19080426625.52
XRP,2/5/2021,2/6/2021,0.445611943,0.467849356,0.428476167,0.450154563,42650988286.00,19278182855.06
XRP,2/4/2021,2/5/2021,0.396968959,0.475955983,0.383345179,0.447857264,26214985218.00,17618329198.07
XRP,2/3/2021,2/4/2021,0.37192585,0.408371025,0.37192585,0.397215378,26653028215.00,16668155421.20
XRP,2/2/2021,2/3/2021,0.37304931,0.398367131,0.345243622,0.370603345,85073126596.00,16194865692.19
XRP,2/1/2021,2/2/2021,0.494701761,0.749380321,0.360824194,0.373014778,106999000000.00,21947009114.27
XRP,1/31/2021,2/1/2021,0.44609938,0.50514053,0.391786163,0.492928406,56248187640.00,19649768868.33
XRP,1/30/2021,1/31/2021,0.282852982,0.49908006,0.28217636,0.427679909,18510664576.00,14671432467.27
XRP,1/29/2021,1/30/2021,0.264732394,0.306511125,0.261285529,0.283514074,8287439903.00,12149313260.78
XRP,1/28/2021,1/29/2021,0.251779101,0.268791658,0.248284259,0.264182035,3764223692.00,11209245519.32
XRP,1/27/2021,1/28/2021,0.268753367,0.268753367,0.245210424,0.251397505,3259202297.00,11159417809.08
XRP,1/26/2021,1/27/2021,0.268210705,0.270685891,0.259757773,0.268881059,3347735805.00,11539314980.57
XRP,1/25/2021,1/26/2021,0.273849771,0.281600793,0.268186011,0.268192408,3227234138.00,11936746306.44
XRP,1/24/2021,1/25/2021,0.27174683,0.277351791,0.269975678,0.274415068,3090045568.00,11843815005.30
XRP,1/23/2021,1/24/2021,0.273001725,0.282289942,0.266769553,0.271456285,4073209012.00,11852977184.55
XRP,1/22/2021,1/23/2021,0.268611834,0.277570224,0.24369649,0.272698279,6364218493.00,11648422836.73
XRP,1/21/2021,1/22/2021,0.295667215,0.30437849,0.261629882,0.268810178,5542680018.00,12299213816.85
XRP,1/20/2021,1/21/2021,0.295019954,0.308791538,0.281910409,0.296906433,6510348207.00,12594250426.09
XRP,1/19/2021,1/20/2021,0.285306955,0.325972683,0.284356139,0.296372192,6204326419.00,13021178434.11
XRP,1/18/2021,1/19/2021,0.277322463,0.287808985,0.271908633,0.285604247,3861771137.00,12143839923.12
XRP,1/17/2021,1/18/2021,0.279963932,0.284881898,0.270255809,0.27731269,4535897728.00,12014629022.38
XRP,1/16/2021,1/17/2021,0.280938963,0.295173301,0.276442182,0.280442367,5834740822.00,12274937501.95
XRP,1/15/2021,1/16/2021,0.29560682,0.301902273,0.264433891,0.278553728,8756931687.00,12413091588.85
XRP,1/14/2021,1/15/2021,0.305797961,0.308023482,0.28394201,0.295571905,9529134004.00,12799913762.86
XRP,1/13/2021,1/14/2021,0.292694156,0.30868957,0.285668958,0.305548276,10192029225.00,12897677950.48
XRP,1/12/2021,1/13/2021,0.287929116,0.308498708,0.279096679,0.292287156,15712688569.00,12718337207.99
XRP,1/11/2021,1/12/2021,0.31618803,0.31618803,0.256695071,0.288709375,20017969806.00,12250231031.70
XRP,1/10/2021,1/11/2021,0.326040398,0.36252036,0.292230943,0.316435612,16128952903.00,14335816054.19
XRP,1/9/2021,1/10/2021,0.321581859,0.338208739,0.307566479,0.327617155,16133923304.00,13926925077.60
XRP,1/8/2021,1/9/2021,0.323652095,0.344362417,0.289952437,0.321286761,30960638122.00,13683464806.75
XRP,1/7/2021,1/8/2021,0.250422442,0.36508646,0.247903026,0.322428163,27282788564.00,13464027120.54
XRP,1/6/2021,1/7/2021,0.226063104,0.266632948,0.222501219,0.251482959,10609324623.00,10211727760.09
XRP,1/5/2021,1/6/2021,0.236405929,0.240832348,0.220605992,0.226242965,9955797332.00,9983517921.66
XRP,1/4/2021,1/5/2021,0.225247819,0.255824024,0.220861801,0.236831852,12173976420.00,10066193436.99
XRP,1/3/2021,1/4/2021,0.22072036,0.236739561,0.216782965,0.226170286,8937421826.00,9671669159.89
XRP,1/2/2021,1/3/2021,0.237665651,0.237809408,0.212911377,0.220601854,9413445392.00,9906562144.26
XRP,1/1/2021,1/2/2021,0.219611814,0.248842672,0.216806233,0.237068667,11158182121.00,10153064476.22
XRP,12/31/2020,1/1/2021,0.211242045,0.226829574,0.205976691,0.220053184,13835015690.00,9397056533.93
XRP,12/30/2020,12/31/2020,0.221326784,0.233467925,0.194998254,0.211816086,25939672176.00,9143758770.45
XRP,12/29/2020,12/30/2020,0.24771055,0.24771055,0.174039398,0.221010849,21896679457.00,9406101053.09
XRP,12/28/2020,12/29/2020,0.283265391,0.304066358,0.238778107,0.244311753,14334324934.00,12311110456.63
XRP,12/27/2020,12/28/2020,0.294292072,0.305681802,0.271041055,0.283395413,16689679949.00,12617985220.29
XRP,12/26/2020,12/27/2020,0.318136232,0.321931198,0.287052148,0.294669144,28394480446.00,13219259604.05
XRP,12/25/2020,12/26/2020,0.339142581,0.380440931,0.284379203,0.319392347,36953978830.00,14708661755.74
XRP,12/24/2020,12/25/2020,0.259069255,0.366035584,0.243313084,0.347282506,42451542398.00,11742822489.35
XRP,12/23/2020,12/24/2020,0.449334481,0.449334481,0.221752057,0.261995239,36087041387.00,14897956925.97
XRP,12/22/2020,12/23/2020,0.515627077,0.521138054,0.413920125,0.451364313,19543735431.00,20500310160.71
XRP,12/21/2020,12/22/2020,0.556508404,0.567040804,0.505002309,0.518792231,14887749834.00,23326775773.78
XRP,12/20/2020,12/21/2020,0.578629096,0.584856391,0.54091352,0.55777383,13910910323.00,24805090865.45
XRP,12/19/2020,12/20/2020,0.583654449,0.600751948,0.568119424,0.578613676,17682683429.00,25162677177.67
XRP,12/18/2020,12/19/2020,0.577072945,0.609526512,0.554481712,0.584028644,31788003096.00,25118851867.59
XRP,12/17/2020,12/18/2020,0.57059476,0.655320253,0.547643613,0.575440632,31452939499.00,25114498716.61
XRP,12/16/2020,12/17/2020,0.468648603,0.568142485,0.440167492,0.568142485,16048720211.00,20822698302.03
XRP,12/15/2020,12/16/2020,0.497608968,0.506305041,0.466227346,0.469556828,10066515765.00,21001700825.44
XRP,12/14/2020,12/15/2020,0.513083654,0.517528688,0.490494475,0.498008892,10506103803.00,21688020114.38
XRP,12/13/2020,12/14/2020,0.505030639,0.526748358,0.487637768,0.511003897,15220754511.00,22082773578.67
XRP,12/12/2020,12/13/2020,0.545873123,0.545873123,0.487917061,0.504020876,21211417335.00,22460710989.23
XRP,12/11/2020,12/12/2020,0.572029905,0.581359261,0.531778591,0.55013308,15054302835.00,24075002871.97
XRP,12/10/2020,12/11/2020,0.583029488,0.585874742,0.55603338,0.574564468,17834643258.00,24798911753.94
XRP,12/9/2020,12/10/2020,0.56065365,0.600323011,0.507038511,0.583604533,15734257194.00,23959521929.85
XRP,12/8/2020,12/9/2020,0.608860586,0.609948439,0.558103098,0.560544519,10238957391.00,25663906930.16
XRP,12/7/2020,12/8/2020,0.621880843,0.621929588,0.594663611,0.609634205,12029924730.00,26406325149.95
XRP,12/6/2020,12/7/2020,0.584918781,0.624970417,0.58340629,0.618483142,12828599889.00,26247239228.06
XRP,12/5/2020,12/6/2020,0.555307712,0.595093733,0.551712579,0.583934536,14007400238.00,25157594332.65
XRP,12/4/2020,12/5/2020,0.631193162,0.632707297,0.547592665,0.559130605,11323652910.00,25926894689.80
XRP,12/3/2020,12/4/2020,0.63036122,0.640069718,0.616187161,0.631641253,12792940601.00,27125475436.50
XRP,12/2/2020,12/3/2020,0.612131253,0.634812163,0.596444859,0.630396047,17865810597.00,26675343107.56
XRP,12/1/2020,12/2/2020,0.663618468,0.677981422,0.600231803,0.614801304,16281257491.00,27789588009.70
XRP,11/30/2020,12/1/2020,0.60574392,0.672961226,0.605135989,0.665902176,14444525407.00,27448161949.65
XRP,11/29/2020,11/30/2020,0.62568458,0.634031171,0.589114477,0.604791202,15809193451.00,26483521247.35
XRP,11/28/2020,11/29/2020,0.561092312,0.643064479,0.543288718,0.624595502,15088128617.00,25283253803.24
XRP,11/27/2020,11/28/2020,0.534964353,0.585152618,0.506906158,0.557289607,21017453155.00,23487979281.00
XRP,11/26/2020,11/27/2020,0.633342167,0.647607147,0.465539127,0.528885014,23070167886.00,23358640068.43
XRP,11/25/2020,11/26/2020,0.691896249,0.718008611,0.608053918,0.640225843,45891023725.00,28956985107.80
XRP,11/24/2020,11/25/2020,0.614029644,0.759726668,0.583099946,0.693143635,52256218209.00,28776580938.68
XRP,11/23/2020,11/24/2020,0.445108982,0.611091426,0.435964227,0.608285388,25889173177.00,21645133486.28
XRP,11/22/2020,11/23/2020,0.461103029,0.491780531,0.415504763,0.444528329,29936253991.00,19398374210.91
XRP,11/21/2020,11/22/2020,0.329282656,0.463730008,0.329282656,0.462753825,13737725962.00,16614272807.48
XRP,11/20/2020,11/21/2020,0.30324017,0.329082377,0.297900068,0.32814981,5655128031.00,13414300984.76
XRP,11/19/2020,11/20/2020,0.293636416,0.305899372,0.284440296,0.302789761,5408565818.00,12776547447.41
XRP,11/18/2020,11/19/2020,0.302332876,0.307250668,0.283898115,0.294394375,6528016324.00,12729051939.06
XRP,11/17/2020,11/18/2020,0.28778266,0.304613784,0.28778266,0.302576196,5780563883.00,12919714720.94
XRP,11/16/2020,11/17/2020,0.26964202,0.287934059,0.267852202,0.287908669,3349626014.00,11981671509.38
XRP,11/15/2020,11/16/2020,0.268262283,0.276253974,0.264669412,0.26962918,3707761697.00,11750870606.85
XRP,11/14/2020,11/15/2020,0.265221188,0.276357664,0.262826639,0.268546172,4098279377.00,11613225291.73
XRP,11/13/2020,11/14/2020,0.254848757,0.265320053,0.254374752,0.264356856,2386295000.00,11216689778.36
XRP,11/12/2020,11/13/2020,0.25605692,0.257812352,0.252786431,0.25476514,2173346974.00,11056532585.93
XRP,11/11/2020,11/12/2020,0.253964012,0.259423924,0.252647666,0.255916964,2884497709.00,11115040282.93
XRP,11/10/2020,11/11/2020,0.250365164,0.26403096,0.248469324,0.253809203,3213941970.00,11024098513.51
XRP,11/9/2020,11/10/2020,0.253723933,0.255590571,0.246234365,0.250665566,2339084813.00,10883999304.94
XRP,11/8/2020,11/9/2020,0.249361696,0.256740257,0.24795219,0.253846302,2712820894.00,10946417471.00
XRP,11/7/2020,11/8/2020,0.258791711,0.266585038,0.245605532,0.249290082,3211535207.00,11198939926.16
XRP,11/6/2020,11/7/2020,0.245624486,0.260787034,0.245175157,0.258520796,3361267047.00,11023186268.66
XRP,11/5/2020,11/6/2020,0.237840678,0.24681943,0.237640146,0.24545726,2483095723.00,10453283967.04
XRP,11/4/2020,11/5/2020,0.239558003,0.240269098,0.23349859,0.237615274,2502041587.00,10260366425.87
XRP,11/3/2020,11/4/2020,0.235267937,0.242339411,0.2292069,0.239362248,2298697307.00,10204521364.51
XRP,11/2/2020,11/3/2020,0.240019536,0.244145643,0.23394454,0.235566039,1618574240.00,10292422566.36
XRP,11/1/2020,11/2/2020,0.239779495,0.241190113,0.237119501,0.239851349,1350677590.00,10362985904.54
XRP,10/31/2020,11/1/2020,0.238985171,0.242952635,0.237778892,0.239652522,1660533829.00,10397371399.81
XRP,10/30/2020,10/31/2020,0.242428252,0.243870962,0.232728358,0.239137842,2030388562.00,10320550134.40
XRP,10/29/2020,10/30/2020,0.245612824,0.246845943,0.239909896,0.242301992,1763395401.00,10584054867.48
XRP,10/28/2020,10/29/2020,0.252654885,0.255972215,0.244550052,0.245827097,1929663325.00,10778532558.57
XRP,10/27/2020,10/28/2020,0.248287509,0.253777197,0.247919677,0.252971097,1856114635.00,10855854260.14
XRP,10/26/2020,10/27/2020,0.253182581,0.258149997,0.244396755,0.248508574,1402571728.00,10934154497.45
XRP,10/25/2020,10/26/2020,0.256331498,0.257047587,0.251782738,0.253053791,1136968699.00,10990884925.43
XRP,10/24/2020,10/25/2020,0.254727467,0.257573955,0.252736796,0.25630264,1392711200.00,11058342436.95
XRP,10/23/2020,10/24/2020,0.25720055,0.259005068,0.251088597,0.254836884,2522749328.00,11083401691.66
XRP,10/22/2020,10/23/2020,0.251486436,0.263332919,0.251486436,0.256418544,2923588750.00,11212248923.87
XRP,10/21/2020,10/22/2020,0.243393005,0.255326608,0.243024158,0.25148976,2061994561.00,10796741210.88
XRP,10/20/2020,10/21/2020,0.245786929,0.249464243,0.242523698,0.243497758,1581768064.00,10606589771.34
XRP,10/19/2020,10/20/2020,0.242281906,0.24937664,0.240384785,0.245859432,1081081863.00,10606266968.44
XRP,10/18/2020,10/19/2020,0.240763524,0.243362644,0.24033036,0.242122186,758700799.50,10479162320.57
XRP,10/17/2020,10/18/2020,0.240282503,0.242586147,0.23903084,0.240854726,1099987967.00,10443790341.90
XRP,10/16/2020,10/17/2020,0.245822356,0.247462329,0.238636581,0.240199486,1761200542.00,10468219106.34
XRP,10/15/2020,10/16/2020,0.249335308,0.25003003,0.24410087,0.245819923,1837232160.00,10692771780.76
XRP,10/14/2020,10/15/2020,0.256508235,0.258273046,0.246682421,0.249387327,2034392823.00,10940626441.01
XRP,10/13/2020,10/14/2020,0.256085243,0.259835208,0.253530451,0.256223957,2375395199.00,11091351794.80
XRP,10/12/2020,10/13/2020,0.255641831,0.25796226,0.249968279,0.25624225,1644668480.00,11043158985.99
XRP,10/11/2020,10/12/2020,0.254181723,0.258028345,0.253636212,0.255751822,1417704726.00,11081811433.00
XRP,10/10/2020,10/11/2020,0.253069215,0.259645148,0.253069215,0.25410701,1756629846.00,11091002944.96
XRP,10/9/2020,10/10/2020,0.25130385,0.256575254,0.249788299,0.253426969,1892033068.00,10901333490.82
XRP,10/8/2020,10/9/2020,0.248764444,0.252644376,0.242776201,0.251189871,1713970282.00,10731428588.06
XRP,10/7/2020,10/8/2020,0.245564445,0.251060798,0.241794052,0.248075093,2664184730.00,10673044928.69
XRP,10/6/2020,10/7/2020,0.250382098,0.258750629,0.242022503,0.245376799,2732151570.00,10893582395.31
XRP,10/5/2020,10/6/2020,0.247877911,0.253506618,0.246743688,0.250337158,2181561585.00,10818990383.91
XRP,10/4/2020,10/5/2020,0.232920238,0.249840994,0.231978121,0.247686319,1024892198.00,10324779680.74
XRP,10/3/2020,10/4/2020,0.233920742,0.23469371,0.232798191,0.232798191,1232860284.00,10123156420.20
XRP,10/2/2020,10/3/2020,0.238201623,0.239185142,0.229606654,0.233981987,1721891084.00,10109578975.21
XRP,10/1/2020,10/2/2020,0.241794065,0.244279549,0.234867098,0.238097323,1315763133.00,10424501092.82
XRP,9/30/2020,10/1/2020,0.242904269,0.242904269,0.238662522,0.241381793,1388851381.00,10418213365.04
XRP,9/29/2020,9/30/2020,0.241283906,0.246102815,0.239005044,0.242905903,1494305605.00,10495130176.91
XRP,9/28/2020,9/29/2020,0.243139436,0.247956976,0.241212255,0.241586655,1293656432.00,10598028967.06
XRP,9/27/2020,9/28/2020,0.241466033,0.24443931,0.237968364,0.242457741,1257027261.00,10451058362.85
XRP,9/26/2020,9/27/2020,0.241447874,0.245040049,0.238509604,0.241753865,1782721002.00,10475277223.31
XRP,9/25/2020,9/26/2020,0.232635207,0.244184092,0.229976879,0.241431634,1770172628.00,10230803274.18
XRP,9/24/2020,9/25/2020,0.221286895,0.233461614,0.219998878,0.232661993,1751629531.00,9804297983.69
XRP,9/23/2020,9/24/2020,0.233167491,0.234978652,0.220899542,0.221081433,1255952240.00,9996665129.65
XRP,9/22/2020,9/23/2020,0.231074362,0.234250305,0.22987153,0.233152623,1889329941.00,10047478411.59
XRP,9/21/2020,9/22/2020,0.246446252,0.247597098,0.230004213,0.231203145,2019465367.00,10341864031.70
XRP,9/20/2020,9/21/2020,0.251380777,0.251380777,0.24317206,0.245987316,1222872734.00,10733803703.30
XRP,9/19/2020,9/20/2020,0.250760311,0.254034478,0.247894036,0.251254647,1422352651.00,10843301705.11
XRP,9/18/2020,9/19/2020,0.252126505,0.254980657,0.246946002,0.249966006,1725488729.00,10893184396.76
XRP,9/17/2020,9/18/2020,0.247036494,0.257293304,0.247036494,0.251935167,2128940410.00,10885677511.96
XRP,9/16/2020,9/17/2020,0.243312566,0.250378713,0.23498733,0.247224824,1587353980.00,10523601251.67
XRP,9/15/2020,9/16/2020,0.245879313,0.24861543,0.242696779,0.243069707,1403091380.00,10643756181.61
XRP,9/14/2020,9/15/2020,0.241987662,0.248285392,0.238850001,0.245819019,1393137629.00,10572234963.36
XRP,9/13/2020,9/14/2020,0.246546385,0.252294285,0.237145306,0.24187308,1329022638.00,10592740061.05
XRP,9/12/2020,9/13/2020,0.241836019,0.247503569,0.239542273,0.246284999,1105769468.00,10501192740.92
XRP,9/11/2020,9/12/2020,0.242449034,0.243565322,0.237223858,0.241753773,1433461872.00,10424499869.30
XRP,9/10/2020,9/11/2020,0.238253785,0.247259486,0.238253785,0.2421297,1613610206.00,10540630949.75
XRP,9/9/2020,9/10/2020,0.23593374,0.241741594,0.23290736,0.238318887,1774780647.00,10306805174.05
XRP,9/8/2020,9/9/2020,0.241486346,0.242695157,0.231885045,0.235518336,2046543697.00,10270772743.58
XRP,9/7/2020,9/8/2020,0.240058428,0.242753622,0.229885512,0.241119465,2272351642.00,10279547968.89
XRP,9/6/2020,9/7/2020,0.237748389,0.243129313,0.230565278,0.240282449,3059204890.00,10310549381.30
XRP,9/5/2020,9/6/2020,0.253546265,0.258161699,0.232417576,0.236352272,2835816889.00,10661989520.59
XRP,9/4/2020,9/5/2020,0.244039424,0.263842385,0.241813291,0.254383165,3457865169.00,10896489019.20
XRP,9/3/2020,9/4/2020,0.276159362,0.276159362,0.243772933,0.243956004,2812557914.00,11519555144.42
XRP,9/2/2020,9/3/2020,0.295119369,0.302658397,0.268168604,0.276018236,3302725746.00,12315563990.13
XRP,9/1/2020,9/2/2020,0.281040412,0.297718379,0.277115398,0.295142797,2259706355.00,12535894012.86
XRP,8/31/2020,9/1/2020,0.2829756,0.284444046,0.278147887,0.281307034,1689359154.00,12198866189.20
XRP,8/30/2020,8/31/2020,0.27355473,0.283174015,0.27355473,0.282634295,1437591669.00,12067080339.45
XRP,8/29/2020,8/30/2020,0.271435021,0.276354224,0.268711629,0.273589488,1414947528.00,11812842601.03
XRP,8/28/2020,8/29/2020,0.264259816,0.272667531,0.260103902,0.27135912,2299538018.00,11597887923.28
XRP,8/27/2020,8/28/2020,0.276595836,0.278151503,0.257038664,0.264199126,1829597471.00,11661745249.28
XRP,8/26/2020,8/27/2020,0.276635056,0.279722807,0.27427138,0.276618381,1948863262.00,12000625748.15
XRP,8/25/2020,8/26/2020,0.28852507,0.289283535,0.271394412,0.2774437,1697855768.00,12184478667.42
XRP,8/24/2020,8/25/2020,0.284758184,0.291529788,0.282350937,0.288965525,1603703001.00,12441205023.99
XRP,8/23/2020,8/24/2020,0.286338372,0.287495684,0.278368081,0.285211544,1633576843.00,12251462637.56
XRP,8/22/2020,8/23/2020,0.279142223,0.286008017,0.274280363,0.286008017,2477807146.00,12120747558.94
XRP,8/21/2020,8/22/2020,0.292093818,0.295186815,0.278529625,0.279330999,2397585371.00,12452787561.19
XRP,8/20/2020,8/21/2020,0.289452706,0.294154211,0.285468732,0.292452894,2869175587.00,12570467118.87
XRP,8/19/2020,8/20/2020,0.302579406,0.304907417,0.281406373,0.289519324,3532668822.00,12668544517.73
XRP,8/18/2020,8/19/2020,0.314375065,0.320506217,0.300164073,0.302653157,4829620644.00,13438433595.16
XRP,8/17/2020,8/18/2020,0.304144883,0.325791595,0.297983413,0.315365845,3805835789.00,13377403411.00
XRP,8/16/2020,8/17/2020,0.299201794,0.304209338,0.293627745,0.303061848,3272456582.00,12955842537.30
XRP,8/15/2020,8/16/2020,0.299767248,0.304093098,0.294478352,0.299222212,3758321713.00,12960760180.77
XRP,8/14/2020,8/15/2020,0.293899562,0.306570301,0.291239941,0.29938972,3821820600.00,12859353740.42
XRP,8/13/2020,8/14/2020,0.282249263,0.294709102,0.273037377,0.294709102,2878666191.00,12170582046.22
XRP,8/12/2020,8/13/2020,0.283038399,0.286776787,0.27449463,0.282197831,3912621554.00,12190786243.99
XRP,8/11/2020,8/12/2020,0.294495987,0.305780183,0.27320754,0.283220778,3885491281.00,12707379694.16
XRP,8/10/2020,8/11/2020,0.288059327,0.299121676,0.288059327,0.293850831,2922877101.00,12731357074.47
XRP,8/9/2020,8/10/2020,0.294826426,0.297758832,0.282874983,0.287795704,2084651727.00,12585700153.45
XRP,8/8/2020,8/9/2020,0.294379441,0.298467749,0.290379828,0.293270552,2943054787.00,12742422398.10
XRP,8/7/2020,8/8/2020,0.30331207,0.309488552,0.284811228,0.294183607,3397664281.00,13032403961.46
XRP,8/6/2020,8/7/2020,0.302259726,0.309933837,0.297705352,0.303600129,3297463680.00,13104224430.77
XRP,8/5/2020,8/6/2020,0.301086535,0.307295464,0.292289083,0.302105143,4195809443.00,13029632212.19
XRP,8/4/2020,8/5/2020,0.309621784,0.317969341,0.293247118,0.300249014,6326275023.00,13238758744.36
XRP,8/3/2020,8/4/2020,0.287458181,0.318585053,0.285094231,0.310166964,7519881398.00,13181137792.03
XRP,8/2/2020,8/3/2020,0.290671111,0.32420286,0.275659433,0.286438622,9967037649.00,12635501491.66
XRP,8/1/2020,8/2/2020,0.259257262,0.295905458,0.256040219,0.290614239,4683986660.00,11772166755.86
XRP,7/31/2020,8/1/2020,0.243982835,0.259737363,0.24206531,0.259097158,2651440338.00,10737415662.78
XRP,7/30/2020,7/31/2020,0.242944236,0.248989426,0.238489552,0.244229988,3367345124.00,10529772817.42
XRP,7/29/2020,7/30/2020,0.230231592,0.249279588,0.22994448,0.242539098,3793356195.00,10401590014.44
XRP,7/28/2020,7/29/2020,0.224055783,0.234255261,0.217478361,0.230101025,3143572307.00,9719200033.27
XRP,7/27/2020,7/28/2020,0.21507041,0.227627341,0.210395901,0.223828812,2417307286.00,9488455952.97
XRP,7/26/2020,7/27/2020,0.214455744,0.224428058,0.212936103,0.215059151,2606997004.00,9429648403.51
XRP,7/25/2020,7/26/2020,0.204053381,0.216949057,0.203784337,0.214384701,1524745837.00,9052349845.33
XRP,7/24/2020,7/25/2020,0.208174794,0.208282332,0.202193318,0.20423828,1705719667.00,8875339382.64
XRP,7/23/2020,7/24/2020,0.203464763,0.209765935,0.201692103,0.207969443,1646263865.00,8874692401.46
XRP,7/22/2020,7/23/2020,0.199357206,0.203685743,0.196580069,0.203497505,1068163523.00,8613305709.95
XRP,7/21/2020,7/22/2020,0.194693526,0.200570198,0.194166135,0.199334289,1199023738.00,8567209304.34
XRP,7/20/2020,7/21/2020,0.199386164,0.199923815,0.193576029,0.194802273,1005213187.00,8550733377.51
XRP,7/19/2020,7/20/2020,0.199690614,0.201815531,0.195939281,0.199361133,1222526484.00,8579630094.80
XRP,7/18/2020,7/19/2020,0.194378467,0.201764891,0.194131458,0.199583935,1091784188.00,8532257150.53
XRP,7/17/2020,7/18/2020,0.194301193,0.197723397,0.191449168,0.194402957,1176066695.00,8399837105.10
XRP,7/16/2020,7/17/2020,0.197298654,0.197463349,0.189310558,0.194132752,1276890182.00,8369428953.59
XRP,7/15/2020,7/16/2020,0.198949116,0.199522146,0.196880405,0.197382128,1041608816.00,8578701155.72
XRP,7/14/2020,7/15/2020,0.198681036,0.199478228,0.195414086,0.198905654,1158093779.00,8576793410.30
XRP,7/13/2020,7/14/2020,0.201118225,0.205951322,0.195631045,0.198851537,936912849.70,8690702427.38
XRP,7/12/2020,7/13/2020,0.201048176,0.203210725,0.198276176,0.200657128,810302750.60,8679568038.33
XRP,7/11/2020,7/12/2020,0.198777812,0.20386103,0.198618176,0.201053634,1066894084.00,8695590459.74
XRP,7/10/2020,7/11/2020,0.202505562,0.202505562,0.193861621,0.198614373,1421086756.00,8568814155.96
XRP,7/9/2020,7/10/2020,0.204875105,0.210716032,0.198232583,0.202553371,1766811434.00,8775301775.56
XRP,7/8/2020,7/9/2020,0.185047639,0.20585903,0.184161287,0.204322667,1435284671.00,8590815501.19
XRP,7/7/2020,7/8/2020,0.188567161,0.189200592,0.183312294,0.184942055,1109615107.00,8034536476.11
XRP,7/6/2020,7/7/2020,0.177162422,0.188750016,0.176410717,0.188750016,952944972.70,7918748339.17
XRP,7/5/2020,7/6/2020,0.177919983,0.178470769,0.174300626,0.177020316,762734545.60,7642322222.30
XRP,7/4/2020,7/5/2020,0.176343923,0.179605226,0.176337709,0.178045857,754460687.20,7688326839.86
XRP,7/3/2020,7/4/2020,0.174596744,0.178146947,0.174360602,0.176174238,742489086.60,7636185319.35
XRP,7/2/2020,7/3/2020,0.176433775,0.177106473,0.17297118,0.174674044,670481641.50,7609829006.94
XRP,7/1/2020,7/2/2020,0.175185368,0.177919201,0.17410692,0.176402689,583914049.10,7622475693.06
XRP,6/30/2020,7/1/2020,0.177141557,0.177428976,0.174719886,0.175283699,647195226.40,7630422672.44
XRP,6/29/2020,6/30/2020,0.176958447,0.178809598,0.175554229,0.177285516,665977470.70,7664959717.31
XRP,6/28/2020,6/29/2020,0.175159503,0.179694289,0.173030288,0.176803109,751712622.10,7658560586.75
XRP,6/27/2020,6/28/2020,0.182508804,0.18334371,0.171865947,0.175054002,711017607.50,7816893881.82
XRP,6/26/2020,6/27/2020,0.181530471,0.186335667,0.179178684,0.182177455,729987044.40,7900112755.38
XRP,6/25/2020,6/26/2020,0.183617543,0.184008512,0.179533378,0.181365556,649907146.90,7896235637.48
XRP,6/24/2020,6/25/2020,0.188807632,0.189975236,0.182117239,0.183450124,609349437.10,8046549990.10
XRP,6/23/2020,6/24/2020,0.189368326,0.190243847,0.188405593,0.188745197,683235521.30,8182301380.04
XRP,6/22/2020,6/23/2020,0.186019883,0.189873447,0.185880152,0.189643341,569329330.20,8148953598.62
XRP,6/21/2020,6/22/2020,0.187814737,0.189139802,0.185850745,0.185900069,518057920.90,8112825852.10
XRP,6/20/2020,6/21/2020,0.187238282,0.188753319,0.186076123,0.187866396,580046718.10,8117615895.32
XRP,6/19/2020,6/20/2020,0.189938638,0.19004234,0.18693862,0.18693862,675398749.60,8164070062.66
XRP,6/18/2020,6/19/2020,0.19310248,0.19310248,0.188784741,0.190118504,782119925.60,8264365552.55
XRP,6/17/2020,6/18/2020,0.192291439,0.198104958,0.189911219,0.193222875,697054190.30,8358119073.11
XRP,6/16/2020,6/17/2020,0.192250148,0.193561234,0.190502514,0.192190823,752386684.60,8302370569.44
XRP,6/15/2020,6/16/2020,0.190625748,0.193026588,0.183084605,0.192298595,732847059.10,8130791367.46
XRP,6/14/2020,6/15/2020,0.192392233,0.192392233,0.189741111,0.19071985,546974978.10,8288466614.77
XRP,6/13/2020,6/14/2020,0.193019267,0.193676537,0.191113598,0.192435091,634602492.60,8328937680.87
XRP,6/12/2020,6/13/2020,0.188812941,0.194727032,0.187516993,0.192864954,893507426.10,8333681062.15
XRP,6/11/2020,6/12/2020,0.202638205,0.203135431,0.188268931,0.188900404,761205493.50,8556915676.68
XRP,6/10/2020,6/11/2020,0.201404557,0.203173887,0.20098036,0.202552697,625825751.00,8737000964.22
XRP,6/9/2020,6/10/2020,0.203958899,0.204655083,0.200640228,0.201386222,643597764.70,8764191387.42
XRP,6/8/2020,6/9/2020,0.203191868,0.204077107,0.201658524,0.204077107,694248937.70,8769030982.25
XRP,6/7/2020,6/8/2020,0.203656802,0.204753497,0.199754569,0.203045883,648788917.10,8772650994.76
XRP,6/6/2020,6/7/2020,0.202918868,0.204612223,0.201915823,0.203609318,714329147.70,8801755067.53
XRP,6/5/2020,6/6/2020,0.204256486,0.205145915,0.201898049,0.203005994,897606826.60,8819845568.45
XRP,6/4/2020,6/5/2020,0.20392921,0.206838478,0.202041502,0.204388229,932963579.70,8847720958.86
XRP,6/3/2020,6/4/2020,0.203004581,0.204395906,0.201287483,0.203927929,1163291280.00,8790931815.37
XRP,6/2/2020,6/3/2020,0.210522251,0.213872132,0.199102295,0.202681497,1393955850.00,8996910034.21
XRP,6/1/2020,6/2/2020,0.202522524,0.211008774,0.201592656,0.210389981,1193991430.00,8869235017.10
XRP,5/31/2020,6/1/2020,0.206373486,0.212544052,0.201638039,0.202545446,1276209632.00,8933050914.43
XRP,5/30/2020,5/31/2020,0.197504647,0.206533927,0.196329883,0.206381854,1026375302.00,8725969918.16
XRP,5/29/2020,5/30/2020,0.199952339,0.201902567,0.196401996,0.197619251,1067109239.00,8597194691.10
XRP,5/28/2020,5/29/2020,0.197569538,0.200370956,0.195192329,0.200030229,1031689357.00,8536259301.82
XRP,5/27/2020,5/28/2020,0.193857232,0.199122078,0.193857232,0.197360201,1002831038.00,8516995640.41
XRP,5/26/2020,5/27/2020,0.19600601,0.196503905,0.192246399,0.193674411,1086549560.00,8414501692.02
XRP,5/25/2020,5/26/2020,0.193149126,0.196394269,0.192363918,0.196173566,1099550641.00,8404291727.41
XRP,5/24/2020,5/25/2020,0.198401265,0.20080911,0.194001412,0.194001412,891012361.00,8588426232.30
XRP,5/23/2020,5/24/2020,0.199893324,0.201327932,0.19798344,0.198570367,1116025998.00,8642227813.14
XRP,5/22/2020,5/23/2020,0.194448595,0.20156768,0.192528333,0.199774638,1334360438.00,8597896102.04
XRP,5/21/2020,5/22/2020,0.201785546,0.20278281,0.190998011,0.194781021,1185324896.00,8564583693.70
XRP,5/20/2020,5/21/2020,0.204767028,0.205711866,0.199624929,0.201677886,1291831070.00,8819867990.27
XRP,5/19/2020,5/20/2020,0.20517744,0.205987941,0.201348904,0.204621321,1243848760.00,8824224411.90
XRP,5/18/2020,5/19/2020,0.201096588,0.206570955,0.201096588,0.20509355,1141231017.00,8845031699.49
XRP,5/17/2020,5/18/2020,0.200604222,0.203565437,0.199030428,0.201075659,1043088128.00,8730425127.57
XRP,5/16/2020,5/17/2020,0.198148592,0.20148161,0.197148122,0.19972277,1107325902.00,8647875950.19
XRP,5/15/2020,5/16/2020,0.203578055,0.204162151,0.196549619,0.197701908,1223414216.00,8687735271.00
XRP,5/14/2020,5/15/2020,0.201750258,0.205553223,0.19949736,0.203838834,1177785113.00,8772631967.91
XRP,5/13/2020,5/14/2020,0.197005505,0.20347973,0.19620699,0.201855065,1106809494.00,8639466580.65
XRP,5/12/2020,5/13/2020,0.193099042,0.199024716,0.192010714,0.196970552,1450206787.00,8492677872.79
XRP,5/11/2020,5/12/2020,0.197406296,0.199563784,0.186839624,0.193240396,1471110921.00,8438353938.81
XRP,5/10/2020,5/11/2020,0.216426129,0.216426129,0.189387844,0.197438818,1863382826.00,8528960545.55
XRP,5/9/2020,5/10/2020,0.218719986,0.224467618,0.216496335,0.216580185,1553754958.00,9537208769.57
XRP,5/8/2020,5/9/2020,0.218356206,0.221022254,0.214941628,0.218663444,1664835662.00,9443385989.64
XRP,5/7/2020,5/8/2020,0.212641568,0.219551725,0.211335957,0.218600857,1489140319.00,9341215042.37
XRP,5/6/2020,5/7/2020,0.216929376,0.221821688,0.213837189,0.213837189,1300379738.00,9453881197.81
XRP,5/5/2020,5/6/2020,0.217954513,0.22144858,0.214514256,0.216324908,1423191845.00,9414427959.27
XRP,5/4/2020,5/5/2020,0.219480024,0.220415873,0.208603099,0.218059986,1500774346.00,9312108642.32
XRP,5/3/2020,5/4/2020,0.223697411,0.226235313,0.217055082,0.219438785,1426994652.00,9599815289.07
XRP,5/2/2020,5/3/2020,0.217940417,0.225715151,0.21551276,0.223504589,3624593286.00,9526527656.80
XRP,5/1/2020,5/2/2020,0.211798605,0.223508571,0.211798605,0.217508438,2437837975.00,9403132156.66
XRP,4/30/2020,5/1/2020,0.226397277,0.23511195,0.210339526,0.211262166,2194015178.00,9577807843.49
XRP,4/29/2020,4/30/2020,0.214495338,0.229187431,0.213748471,0.226047466,1939325004.00,9509719723.14
XRP,4/28/2020,4/29/2020,0.197380455,0.216896406,0.195109103,0.214971631,1278141360.00,8838954235.81
XRP,4/27/2020,4/28/2020,0.196240029,0.198481378,0.194586907,0.197290107,1114456890.00,8505805201.76
XRP,4/26/2020,4/27/2020,0.194102791,0.196634072,0.193369504,0.196634072,947531013.50,8434339144.86
XRP,4/25/2020,4/26/2020,0.19299046,0.19579658,0.191959719,0.194060405,1085950288.00,8411921636.47
XRP,4/24/2020,4/25/2020,0.192231549,0.196266368,0.192231549,0.192778075,1453144726.00,8410680666.56
XRP,4/23/2020,4/24/2020,0.187987943,0.196585143,0.18591454,0.192173234,1330481113.00,8268953482.28
XRP,4/22/2020,4/23/2020,0.183433639,0.189028565,0.182300985,0.187927136,1114981764.00,8052404609.12
XRP,4/21/2020,4/22/2020,0.182106986,0.185486243,0.181706661,0.183530336,1416752835.00,7953125052.68
XRP,4/20/2020,4/21/2020,0.18946203,0.194129855,0.17986705,0.18224971,1314585890.00,8177210358.41
XRP,4/19/2020,4/20/2020,0.194979345,0.19505952,0.188905983,0.189747495,1236574208.00,8314728494.48
XRP,4/18/2020,4/19/2020,0.188819865,0.195895676,0.188819865,0.194556814,1146867583.00,8307557220.07
XRP,4/17/2020,4/18/2020,0.190059136,0.191467528,0.186970326,0.189257736,1462661511.00,8176190478.02
XRP,4/16/2020,4/17/2020,0.180838319,0.191706612,0.176175523,0.189865643,1635107095.00,8051488683.47
XRP,4/15/2020,4/16/2020,0.185942217,0.189492981,0.180777079,0.180941276,1244471428.00,8030183659.50
XRP,4/14/2020,4/15/2020,0.187736222,0.188813583,0.184876116,0.185906553,1312353513.00,8098416007.58
XRP,4/13/2020,4/14/2020,0.18989954,0.18989954,0.181727581,0.187654668,1508432858.00,7999018124.13
XRP,4/12/2020,4/13/2020,0.188203841,0.195218186,0.18655966,0.190749918,1247429652.00,8269610991.49
XRP,4/11/2020,4/12/2020,0.1877664,0.192018083,0.185361791,0.187807087,1316775822.00,8175275526.03
XRP,4/10/2020,4/11/2020,0.198445729,0.198567528,0.182853523,0.187706586,1337690828.00,8238373038.29
XRP,4/9/2020,4/10/2020,0.201690061,0.201799589,0.195479277,0.198741574,1301250025.00,8616800537.40
XRP,4/8/2020,4/9/2020,0.192517596,0.201911349,0.191636718,0.2016034,1634737167.00,8589763846.80
XRP,4/7/2020,4/8/2020,0.196849071,0.203904456,0.191202269,0.192554981,2108929097.00,8591755718.55
XRP,4/6/2020,4/7/2020,0.178777721,0.196262676,0.17877772,0.196189364,1394445423.00,8129307560.97
XRP,4/5/2020,4/6/2020,0.181015668,0.181686248,0.177537271,0.178777721,1057952344.00,7776593734.89
XRP,4/4/2020,4/5/2020,0.17925207,0.181666937,0.177877302,0.181021676,1278920929.00,7776699199.79
XRP,4/3/2020,4/4/2020,0.178198442,0.182422827,0.176278826,0.179054831,1593614446.00,7758355852.98
XRP,4/2/2020,4/3/2020,0.174701636,0.184132754,0.174381309,0.178186952,1553206447.00,7664269568.86
XRP,4/1/2020,4/2/2020,0.173998599,0.174964313,0.168977168,0.174698948,1358719354.00,7465828250.92
XRP,3/31/2020,4/1/2020,0.171074942,0.177434142,0.170753416,0.174496517,1333960539.00,7520623769.03
XRP,3/30/2020,3/31/2020,0.163633086,0.174087083,0.163217152,0.171324727,1442210585.00,7410378159.11
XRP,3/29/2020,3/30/2020,0.175518372,0.175934627,0.163529675,0.164044336,1598464339.00,7417934593.91
XRP,3/28/2020,3/29/2020,0.1736005,0.179406188,0.167429258,0.175603412,2013994529.00,7418435580.55
XRP,3/27/2020,3/28/2020,0.175950627,0.186443861,0.170559785,0.174436702,1887217864.00,7610779565.12
XRP,3/26/2020,3/27/2020,0.16167509,0.176573645,0.160223299,0.176270678,1259129078.00,7047864893.31
XRP,3/25/2020,3/26/2020,0.162202358,0.164323891,0.157621831,0.161491978,1418365441.00,6963859645.27
XRP,3/24/2020,3/25/2020,0.15830553,0.163000972,0.157000945,0.162131668,1530292689.00,6944031158.07
XRP,3/23/2020,3/24/2020,0.148278119,0.159223665,0.147521967,0.158174687,1323530935.00,6636705130.85
XRP,3/22/2020,3/23/2020,0.157726499,0.161139053,0.147569605,0.148313413,1103019833.00,6746445061.07
XRP,3/21/2020,3/22/2020,0.156765237,0.16136364,0.152711719,0.157493012,1750705531.00,6781239396.47
XRP,3/20/2020,3/21/2020,0.164541819,0.173603437,0.149132603,0.156168406,1949464459.00,7064836784.58
XRP,3/19/2020,3/20/2020,0.146956335,0.170849321,0.144939994,0.164710101,1364727640.00,6654552208.49
XRP,3/18/2020,3/19/2020,0.147514331,0.148999472,0.141085563,0.14676399,1373992436.00,6292038774.06
XRP,3/17/2020,3/18/2020,0.140768533,0.151343827,0.140768533,0.14852463,1680148943.00,6366935011.73
XRP,3/16/2020,3/17/2020,0.153375881,0.153375881,0.131061931,0.140710186,1597002473.00,6179436242.10
XRP,3/15/2020,3/16/2020,0.146553078,0.162441414,0.145574649,0.153450097,1337242306.00,6551013603.36
XRP,3/14/2020,3/15/2020,0.159449695,0.159491555,0.144805762,0.146948987,2633500246.00,6641976892.47
XRP,3/13/2020,3/14/2020,0.137362793,0.164908405,0.113268228,0.158210807,4019576839.00,6412088942.73
XRP,3/12/2020,3/13/2020,0.208166043,0.209042633,0.134194796,0.135490954,2060196255.00,7621472754.94
XRP,3/11/2020,3/12/2020,0.211854896,0.213569257,0.200622496,0.208182433,1340147360.00,9016319472.83
XRP,3/10/2020,3/11/2020,0.209663919,0.215123634,0.205962847,0.211760123,1595603932.00,9101914629.10
XRP,3/9/2020,3/10/2020,0.204714359,0.211142083,0.19969533,0.208783334,2086546457.00,8937079443.16
XRP,3/8/2020,3/9/2020,0.236824663,0.236824663,0.203090347,0.204819014,1402032678.00,9732419763.42
XRP,3/7/2020,3/8/2020,0.244506607,0.244506607,0.236118182,0.236768712,1268879050.00,10437872671.21
XRP,3/6/2020,3/7/2020,0.239032789,0.245549667,0.238602316,0.244257101,1349574969.00,10473067567.67
XRP,3/5/2020,3/6/2020,0.23476264,0.242787085,0.23476264,0.238626452,1255702665.00,10338414276.48
XRP,3/4/2020,3/5/2020,0.23431905,0.237777186,0.228751957,0.234432985,1516581229.00,10133450297.59
XRP,3/3/2020,3/4/2020,0.239410515,0.239410515,0.230433128,0.234127659,1644045394.00,10182948962.53
XRP,3/2/2020,3/3/2020,0.227638561,0.241071378,0.226506972,0.238987893,1327212774.00,10148442335.44
XRP,3/1/2020,3/2/2020,0.229951382,0.235354932,0.224897252,0.227927689,1179879427.00,9991810908.69
XRP,2/29/2020,3/1/2020,0.237944547,0.242009581,0.230269308,0.230269308,1425677739.00,10223569077.13
XRP,2/28/2020,2/29/2020,0.237704828,0.243425962,0.230026443,0.237017983,1797083176.00,10230680852.92
XRP,2/27/2020,2/28/2020,0.227319731,0.246480263,0.2247984,0.235966346,2189624711.00,10247395641.35
XRP,2/26/2020,2/27/2020,0.252681167,0.254631772,0.226300435,0.232849033,2176655338.00,10349687897.42
XRP,2/25/2020,2/26/2020,0.270273476,0.272965105,0.253404064,0.253404064,1655742856.00,11349948627.92
XRP,2/24/2020,2/25/2020,0.283146148,0.283337799,0.265158267,0.270052477,1620049350.00,11808617619.71
XRP,2/23/2020,2/24/2020,0.275072398,0.283472567,0.275072398,0.282384029,1461595188.00,12133125195.20
XRP,2/22/2020,2/23/2020,0.274406954,0.276183843,0.271030519,0.274931401,1488177749.00,11851463525.34
XRP,2/21/2020,2/22/2020,0.271171185,0.277892504,0.269477106,0.274679524,2063245217.00,11878789558.22
XRP,2/20/2020,2/21/2020,0.275831836,0.280817598,0.264910859,0.271582868,2457903720.00,11813031119.48
XRP,2/19/2020,2/20/2020,0.297643094,0.3032037,0.276599984,0.276755724,2684999100.00,12742528059.44
XRP,2/18/2020,2/19/2020,0.286767076,0.301470152,0.277182657,0.297050537,2943313531.00,12586622612.14
XRP,2/17/2020,2/18/2020,0.293164621,0.29399033,0.269847963,0.287054862,3441695168.00,12172353489.94
XRP,2/16/2020,2/17/2020,0.30754085,0.318067796,0.274989191,0.29453147,3543490960.00,13067380444.53
XRP,2/15/2020,2/16/2020,0.335022589,0.342872379,0.300776136,0.305568933,3841029447.00,14182379131.98
XRP,2/14/2020,2/15/2020,0.326626242,0.337755713,0.314380608,0.334504815,4848329618.00,14183433649.42
XRP,2/13/2020,2/14/2020,0.303360174,0.336295202,0.303004679,0.32669737,5197901629.00,13928987011.83
XRP,2/12/2020,2/13/2020,0.280727896,0.306401302,0.280727896,0.303233654,2817466087.00,12697196824.45
XRP,2/11/2020,2/12/2020,0.273574425,0.282287598,0.26780065,0.280858907,1816295951.00,11860613134.39
XRP,2/10/2020,2/11/2020,0.282067345,0.282571628,0.269228484,0.27429794,2008889470.00,11905366735.98
XRP,2/9/2020,2/10/2020,0.277193393,0.287166587,0.276808097,0.282081891,1947811589.00,12169758392.64
XRP,2/8/2020,2/9/2020,0.280990501,0.280990501,0.266548787,0.277739144,1944521033.00,11957438065.57
XRP,2/7/2020,2/8/2020,0.282952614,0.286567743,0.277778125,0.279657698,2413026601.00,12177816562.67
XRP,2/6/2020,2/7/2020,0.277314634,0.285425742,0.27353766,0.283042764,2710569630.00,12129241625.92
XRP,2/5/2020,2/6/2020,0.266308296,0.280762608,0.266308296,0.277347929,3107192039.00,11918241650.06
XRP,2/4/2020,2/5/2020,0.254216487,0.26902607,0.248514978,0.265863362,1996135129.00,11123044229.63
XRP,2/3/2020,2/4/2020,0.250392492,0.257326356,0.247459573,0.254453905,2036998708.00,10877366417.09
XRP,2/2/2020,2/3/2020,0.241109269,0.258244602,0.236806499,0.250791911,1565258819.00,10726503434.17
XRP,2/1/2020,2/2/2020,0.238946717,0.242260194,0.237536274,0.241271257,1295642301.00,10403107516.51
XRP,1/31/2020,2/1/2020,0.242990495,0.243913502,0.23489913,0.238563161,1628313178.00,10359260470.79
XRP,1/30/2020,1/31/2020,0.235093516,0.245329159,0.231563724,0.243125801,1433474005.00,10265438995.12
XRP,1/29/2020,1/30/2020,0.238659843,0.240980259,0.234205042,0.23539883,1547197687.00,10286099617.58
XRP,1/28/2020,1/29/2020,0.230626926,0.239924419,0.230626926,0.238560751,1447966179.00,10136037717.72
XRP,1/27/2020,1/28/2020,0.230758977,0.233305564,0.226714723,0.230699219,1210282881.00,9969903304.95
XRP,1/26/2020,1/27/2020,0.219975186,0.230996124,0.218746657,0.230645987,934567794.10,9671175027.76
XRP,1/25/2020,1/26/2020,0.222067161,0.222382119,0.217196677,0.220564658,1100287059.00,9511124876.44
XRP,1/24/2020,1/25/2020,0.225923044,0.225968231,0.214528705,0.221967342,1265009238.00,9609855992.47
XRP,1/23/2020,1/24/2020,0.236701014,0.236701014,0.222161629,0.225674381,1180591428.00,9877579877.52
XRP,1/22/2020,1/23/2020,0.237070124,0.239109709,0.234255839,0.236470408,1260675792.00,10217879016.72
XRP,1/21/2020,1/22/2020,0.232882199,0.240427521,0.231548682,0.237334339,1375946833.00,10217690328.28
XRP,1/20/2020,1/21/2020,0.235431591,0.235633057,0.225069834,0.233028708,1504022284.00,10049436850.38
XRP,1/19/2020,1/20/2020,0.243329158,0.250166563,0.230289683,0.235572648,2060965024.00,10359495993.45
XRP,1/18/2020,1/19/2020,0.238733318,0.248693571,0.233002099,0.243162435,2019532578.00,10379062399.84
XRP,1/17/2020,1/18/2020,0.228795935,0.243149187,0.22667201,0.239059665,1681120606.00,10149738116.93
XRP,1/16/2020,1/17/2020,0.233020169,0.233896887,0.223128956,0.228408958,1776604058.00,9824344173.71
XRP,1/15/2020,1/16/2020,0.234184281,0.241024866,0.223443164,0.232619783,3260918258.00,10144011780.74
XRP,1/14/2020,1/15/2020,0.211299852,0.242571443,0.211299852,0.234620949,1476808981.00,9687479846.07
XRP,1/13/2020,1/14/2020,0.214928342,0.214928342,0.210118465,0.211402253,983965035.30,9163909059.71
XRP,1/12/2020,1/13/2020,0.211371065,0.216135089,0.210074899,0.214433708,1275158860.00,9253378784.72
XRP,1/11/2020,1/12/2020,0.212079458,0.219240923,0.208876339,0.210816804,1339835161.00,9209231580.74
XRP,1/10/2020,1/11/2020,0.203729742,0.212185286,0.200679258,0.212185286,1181923830.00,8881958889.62
XRP,1/9/2020,1/10/2020,0.207311191,0.208079059,0.201420058,0.203862327,1220036560.00,8859614053.62
XRP,1/8/2020,1/9/2020,0.213623608,0.216745769,0.203420369,0.207576077,1677742663.00,9140808759.47
XRP,1/7/2020,1/8/2020,0.221866916,0.223475807,0.207753402,0.213816858,2079372957.00,9298725228.19
XRP,1/6/2020,1/7/2020,0.194451552,0.222255907,0.194307262,0.22196174,1307552715.00,8992019858.93
XRP,1/5/2020,1/6/2020,0.192822821,0.197007229,0.192822821,0.194038021,735545173.60,8434764104.68
XRP,1/4/2020,1/5/2020,0.192823311,0.19334466,0.191417016,0.192764608,753318554.30,8329531601.80
XRP,1/3/2020,1/4/2020,0.187506742,0.193366242,0.184907596,0.192842098,875401059.60,8258719985.08
XRP,1/2/2020,1/3/2020,0.193140885,0.193140885,0.1870825,0.187419007,670032205.40,8246670387.40
 ,1/1/2020,1/2/2020,0.192719508,0.194907023,0.192209335,0.193173948,700253873.30,8389628209.45
